,ID,tesi,Length,type,shoot,node,c,v,m,cl,nu,b,node.1,c.1,v.1,m.1,cluster,nuts,b.1,numoss,node.2,c.2,v.2,m.2,cluster.1,nuts.1,b.2,numoss,node.3,c.3,v.3,m.3,cluster.2,nuts.2,b.3,numoss,node.4,c.4,v.4,m.4,cluster.3,nuts.3,b.4,numoss,node.5,c.5,v.5,m.5,cluster.4,nuts.4,b.5,numoss,node.6,c.6,v.6,m.6,cluster.5,nuts.5,b.6,numoss,node.7,c.7,v.7,m.7,cluster.6,nuts.6,b.7,numoss,node.8,c.8,v.8,m.8,cluster.7,nuts.7,b.8,numoss,node.9,c.9,v.9,m.9,cluster.8,nuts.8,b.9,numoss,node.10,c.10,v.10,m.10,cluster.9,nuts.9,b.10,numoss,node.11,c.11,v.11,m.11,cluster.10,nuts.10,b.11,numoss,node.12,c.12,v.12,m.12,cluster.11,nuts.11,b.12,numoss,node.13,c.13,v.13,m.13,cluster.12,nuts.12,b.13,numoss,node.14,c.14,v.14,m.14,cluster.13,nuts.13,b.14,numoss,node.15,c.15,v.15,m.15,cluster.14,nuts.14,b.15,numoss,node.16,c.16,v.16,m.16,cluster.15,nuts.15,b.16,numoss,node.17,c.17,v.17,m.17,cluster.16,nuts.16,b.17,numoss,node.18,c.18,v.18,m.18,cluster.17,nuts.17,b.18,numoss,node.19,c.19,v.19,m.19,cluster.18,nuts.18,b.19,numoss,node.20,c.20,v.20,m.20,cluster.19,nuts.19,b.20,numoss,node.21,c.21,v.21,m.21,cluster.20,nuts.20,b.21,numoss,node.22,c.22,v.22,m.22,cluster.21,nuts.21,b.22,numoss,node.23,c.23,v.23,m.23,cluster.22,nuts.22,b.23,numoss,,,,,,,,,,,,,,,,,,,,,,,,,,,,
1,121,AUTOR,42,VLo,1,13,16,7,11,3,9,1,1,0,1,0,0,0,0,1,2,0,0,0,0,0,1,1,3,0,1,0,0,0,0,1,4,3,0,2,0,0,0,3,5,5,1,0,0,0,0,2,6,4,0,3,1,3,0,4,7,4,1,1,0,0,0,3,8,0,0,1,1,3,0,1,9,0,0,1,0,0,0,1,10,0,0,1,1,3,0,1,11,0,0,1,0,0,0,1,12,0,1,0,0,0,0,1,13,0,2,1,0,0,0,3,#N/A,#N/A,#N/A,#N/A,#N/A,#N/A,#N/A,0,#N/A,#N/A,#N/A,#N/A,#N/A,#N/A,#N/A,0,#N/A,#N/A,#N/A,#N/A,#N/A,#N/A,#N/A,0,#N/A,#N/A,#N/A,#N/A,#N/A,#N/A,#N/A,0,#N/A,#N/A,#N/A,#N/A,#N/A,#N/A,#N/A,0,#N/A,#N/A,#N/A,#N/A,#N/A,#N/A,#N/A,0,#N/A,#N/A,#N/A,#N/A,#N/A,#N/A,#N/A,0,#N/A,#N/A,#N/A,#N/A,#N/A,#N/A,#N/A,0,#N/A,#N/A,#N/A,#N/A,#N/A,#N/A,#N/A,0,#N/A,#N/A,#N/A,#N/A,#N/A,#N/A,#N/A,0,,,,,,,,,,,,,,,,,,,,,,,,,,,,
2,122,AUTOR,40,Lo,2,14,14,13,10,6,20,0,1,0,1,0,0,0,0,1,2,0,0,1,1,2,0,1,3,0,1,0,0,0,0,1,4,0,3,0,0,0,0,3,5,3,1,2,1,2,0,4,6,0,1,0,0,0,0,1,7,4,3,2,0,0,0,6,8,0,0,1,1,4,0,1,9,5,1,0,0,0,0,2,10,0,0,1,1,3,0,1,11,2,2,0,0,0,0,3,12,0,0,1,1,4,0,1,13,0,0,1,1,5,0,1,14,0,0,1,0,0,0,1,#N/A,#N/A,#N/A,#N/A,#N/A,#N/A,#N/A,0,#N/A,#N/A,#N/A,#N/A,#N/A,#N/A,#N/A,0,#N/A,#N/A,#N/A,#N/A,#N/A,#N/A,#N/A,0,#N/A,#N/A,#N/A,#N/A,#N/A,#N/A,#N/A,0,#N/A,#N/A,#N/A,#N/A,#N/A,#N/A,#N/A,0,#N/A,#N/A,#N/A,#N/A,#N/A,#N/A,#N/A,0,#N/A,#N/A,#N/A,#N/A,#N/A,#N/A,#N/A,0,#N/A,#N/A,#N/A,#N/A,#N/A,#N/A,#N/A,0,#N/A,#N/A,#N/A,#N/A,#N/A,#N/A,#N/A,0,,,,,,,,,,,,,,,,,,,,,,,,,,,,
3,123,AUTOR,9,Me,3,6,0,5,3,2,6,0,1,0,1,0,0,0,0,1,2,0,1,0,0,0,0,1,3,0,1,0,0,0,0,1,4,0,0,1,1,2,0,1,5,0,0,1,1,4,0,1,6,0,2,1,0,0,0,3,#N/A,#N/A,#N/A,#N/A,#N/A,#N/A,#N/A,0,#N/A,#N/A,#N/A,#N/A,#N/A,#N/A,#N/A,0,#N/A,#N/A,#N/A,#N/A,#N/A,#N/A,#N/A,0,#N/A,#N/A,#N/A,#N/A,#N/A,#N/A,#N/A,0,#N/A,#N/A,#N/A,#N/A,#N/A,#N/A,#N/A,0,#N/A,#N/A,#N/A,#N/A,#N/A,#N/A,#N/A,0,#N/A,#N/A,#N/A,#N/A,#N/A,#N/A,#N/A,0,#N/A,#N/A,#N/A,#N/A,#N/A,#N/A,#N/A,0,#N/A,#N/A,#N/A,#N/A,#N/A,#N/A,#N/A,0,#N/A,#N/A,#N/A,#N/A,#N/A,#N/A,#N/A,0,#N/A,#N/A,#N/A,#N/A,#N/A,#N/A,#N/A,0,#N/A,#N/A,#N/A,#N/A,#N/A,#N/A,#N/A,0,#N/A,#N/A,#N/A,#N/A,#N/A,#N/A,#N/A,0,#N/A,#N/A,#N/A,#N/A,#N/A,#N/A,#N/A,0,#N/A,#N/A,#N/A,#N/A,#N/A,#N/A,#N/A,0,#N/A,#N/A,#N/A,#N/A,#N/A,#N/A,#N/A,0,#N/A,#N/A,#N/A,#N/A,#N/A,#N/A,#N/A,0,,,,,,,,,,,,,,,,,,,,,,,,,,,,
4,124,AUTOR,48,VLo,4,17,0,17,2,2,10,0,1,0,1,0,0,0,0,1,2,0,1,0,0,0,0,1,3,0,1,0,0,0,0,1,4,0,1,0,0,0,0,1,5,0,0,1,1,4,0,1,6,0,0,1,1,6,0,1,7,0,1,0,0,0,0,1,8,0,1,0,0,0,0,1,9,0,1,0,0,0,0,1,10,0,1,0,0,0,0,1,11,0,1,0,0,0,0,1,12,0,1,0,0,0,0,1,13,0,1,0,0,0,0,1,14,0,1,0,0,0,0,1,15,0,1,0,0,0,0,1,16,0,1,0,0,0,0,1,17,0,3,0,0,0,0,3,#N/A,#N/A,#N/A,#N/A,#N/A,#N/A,#N/A,0,#N/A,#N/A,#N/A,#N/A,#N/A,#N/A,#N/A,0,#N/A,#N/A,#N/A,#N/A,#N/A,#N/A,#N/A,0,#N/A,#N/A,#N/A,#N/A,#N/A,#N/A,#N/A,0,#N/A,#N/A,#N/A,#N/A,#N/A,#N/A,#N/A,0,#N/A,#N/A,#N/A,#N/A,#N/A,#N/A,#N/A,0,,,,,,,,,,,,,,,,,,,,,,,,,,,,
5,125,AUTOR,41,VLo,5,16,21,16,12,7,19,0,1,0,1,0,0,0,0,1,2,0,1,0,0,0,0,1,3,0,2,0,0,0,0,2,4,0,0,1,1,1,0,1,5,4,2,1,1,3,0,4,6,0,0,1,1,3,0,1,7,4,3,2,0,0,0,6,8,4,0,1,0,0,0,2,9,0,1,1,1,4,0,2,10,0,1,1,1,4,0,2,11,0,0,1,0,0,0,1,12,0,0,1,1,3,0,1,13,4,3,0,0,0,0,4,14,0,0,1,0,0,0,1,15,0,2,0,0,0,0,2,16,5,0,1,1,1,0,2,#N/A,#N/A,#N/A,#N/A,#N/A,#N/A,#N/A,0,#N/A,#N/A,#N/A,#N/A,#N/A,#N/A,#N/A,0,#N/A,#N/A,#N/A,#N/A,#N/A,#N/A,#N/A,0,#N/A,#N/A,#N/A,#N/A,#N/A,#N/A,#N/A,0,#N/A,#N/A,#N/A,#N/A,#N/A,#N/A,#N/A,0,#N/A,#N/A,#N/A,#N/A,#N/A,#N/A,#N/A,0,#N/A,#N/A,#N/A,#N/A,#N/A,#N/A,#N/A,0,,,,,,,,,,,,,,,,,,,,,,,,,,,,
6,126,AUTOR,14,Me,6,6,11,4,4,2,5,1,1,0,1,0,0,0,0,1,2,0,0,0,0,0,1,1,3,5,2,0,0,0,0,3,4,3,0,2,0,0,0,3,5,0,0,1,1,3,0,1,6,3,1,1,1,2,0,3,#N/A,#N/A,#N/A,#N/A,#N/A,#N/A,#N/A,0,#N/A,#N/A,#N/A,#N/A,#N/A,#N/A,#N/A,0,#N/A,#N/A,#N/A,#N/A,#N/A,#N/A,#N/A,0,#N/A,#N/A,#N/A,#N/A,#N/A,#N/A,#N/A,0,#N/A,#N/A,#N/A,#N/A,#N/A,#N/A,#N/A,0,#N/A,#N/A,#N/A,#N/A,#N/A,#N/A,#N/A,0,#N/A,#N/A,#N/A,#N/A,#N/A,#N/A,#N/A,0,#N/A,#N/A,#N/A,#N/A,#N/A,#N/A,#N/A,0,#N/A,#N/A,#N/A,#N/A,#N/A,#N/A,#N/A,0,#N/A,#N/A,#N/A,#N/A,#N/A,#N/A,#N/A,0,#N/A,#N/A,#N/A,#N/A,#N/A,#N/A,#N/A,0,#N/A,#N/A,#N/A,#N/A,#N/A,#N/A,#N/A,0,#N/A,#N/A,#N/A,#N/A,#N/A,#N/A,#N/A,0,#N/A,#N/A,#N/A,#N/A,#N/A,#N/A,#N/A,0,#N/A,#N/A,#N/A,#N/A,#N/A,#N/A,#N/A,0,#N/A,#N/A,#N/A,#N/A,#N/A,#N/A,#N/A,0,#N/A,#N/A,#N/A,#N/A,#N/A,#N/A,#N/A,0,,,,,,,,,,,,,,,,,,,,,,,,,,,,
7,127,AUTOR,43,VLo,7,14,21,10,10,2,11,1,1,0,0,1,0,0,0,1,2,0,0,0,0,0,1,1,3,0,2,0,0,0,0,2,4,7,0,0,0,0,0,1,5,4,0,3,1,5,0,4,6,0,1,1,1,6,0,2,7,5,2,0,0,0,0,3,8,5,1,1,0,0,0,3,9,0,0,1,0,0,0,1,10,0,0,1,0,0,0,1,11,0,0,1,0,0,0,1,12,0,0,1,0,0,0,1,13,0,1,0,0,0,0,1,14,0,3,0,0,0,0,3,#N/A,#N/A,#N/A,#N/A,#N/A,#N/A,#N/A,0,#N/A,#N/A,#N/A,#N/A,#N/A,#N/A,#N/A,0,#N/A,#N/A,#N/A,#N/A,#N/A,#N/A,#N/A,0,#N/A,#N/A,#N/A,#N/A,#N/A,#N/A,#N/A,0,#N/A,#N/A,#N/A,#N/A,#N/A,#N/A,#N/A,0,#N/A,#N/A,#N/A,#N/A,#N/A,#N/A,#N/A,0,#N/A,#N/A,#N/A,#N/A,#N/A,#N/A,#N/A,0,#N/A,#N/A,#N/A,#N/A,#N/A,#N/A,#N/A,0,#N/A,#N/A,#N/A,#N/A,#N/A,#N/A,#N/A,0,,,,,,,,,,,,,,,,,,,,,,,,,,,,
8,128,AUTOR,3,Sh,8,3,2,4,1,0,0,0,1,0,1,0,0,0,0,1,2,0,0,1,0,0,0,1,3,2,3,0,0,0,0,4,#N/A,#N/A,#N/A,#N/A,#N/A,#N/A,#N/A,0,#N/A,#N/A,#N/A,#N/A,#N/A,#N/A,#N/A,0,#N/A,#N/A,#N/A,#N/A,#N/A,#N/A,#N/A,0,#N/A,#N/A,#N/A,#N/A,#N/A,#N/A,#N/A,0,#N/A,#N/A,#N/A,#N/A,#N/A,#N/A,#N/A,0,#N/A,#N/A,#N/A,#N/A,#N/A,#N/A,#N/A,0,#N/A,#N/A,#N/A,#N/A,#N/A,#N/A,#N/A,0,#N/A,#N/A,#N/A,#N/A,#N/A,#N/A,#N/A,0,#N/A,#N/A,#N/A,#N/A,#N/A,#N/A,#N/A,0,#N/A,#N/A,#N/A,#N/A,#N/A,#N/A,#N/A,0,#N/A,#N/A,#N/A,#N/A,#N/A,#N/A,#N/A,0,#N/A,#N/A,#N/A,#N/A,#N/A,#N/A,#N/A,0,#N/A,#N/A,#N/A,#N/A,#N/A,#N/A,#N/A,0,#N/A,#N/A,#N/A,#N/A,#N/A,#N/A,#N/A,0,#N/A,#N/A,#N/A,#N/A,#N/A,#N/A,#N/A,0,#N/A,#N/A,#N/A,#N/A,#N/A,#N/A,#N/A,0,#N/A,#N/A,#N/A,#N/A,#N/A,#N/A,#N/A,0,#N/A,#N/A,#N/A,#N/A,#N/A,#N/A,#N/A,0,#N/A,#N/A,#N/A,#N/A,#N/A,#N/A,#N/A,0,#N/A,#N/A,#N/A,#N/A,#N/A,#N/A,#N/A,0,,,,,,,,,,,,,,,,,,,,,,,,,,,,
9,129,AUTOR,30,Lo,9,14,13,10,8,5,10,0,1,0,1,0,0,0,0,1,2,0,1,0,0,0,0,1,3,0,0,1,1,2,0,1,4,0,0,1,0,0,0,1,5,4,2,1,1,1,0,4,6,4,1,1,0,0,0,3,7,0,1,0,0,0,0,1,8,0,1,1,1,2,0,2,9,0,0,1,1,3,0,1,10,0,0,1,1,2,0,1,11,0,0,1,0,0,0,1,12,0,1,0,0,0,0,1,13,0,1,0,0,0,0,1,14,5,1,0,0,0,0,2,#N/A,#N/A,#N/A,#N/A,#N/A,#N/A,#N/A,0,#N/A,#N/A,#N/A,#N/A,#N/A,#N/A,#N/A,0,#N/A,#N/A,#N/A,#N/A,#N/A,#N/A,#N/A,0,#N/A,#N/A,#N/A,#N/A,#N/A,#N/A,#N/A,0,#N/A,#N/A,#N/A,#N/A,#N/A,#N/A,#N/A,0,#N/A,#N/A,#N/A,#N/A,#N/A,#N/A,#N/A,0,#N/A,#N/A,#N/A,#N/A,#N/A,#N/A,#N/A,0,#N/A,#N/A,#N/A,#N/A,#N/A,#N/A,#N/A,0,#N/A,#N/A,#N/A,#N/A,#N/A,#N/A,#N/A,0,,,,,,,,,,,,,,,,,,,,,,,,,,,,
10,130,AUTOR,57,VLo,10,14,0,7,15,8,17,0,1,0,0,1,1,1,0,1,2,0,1,0,0,0,0,1,3,0,0,1,1,3,0,1,4,0,0,1,1,1,0,1,5,0,4,5,1,1,0,9,6,0,1,0,0,0,0,1,7,0,0,1,1,3,0,1,8,0,0,1,0,0,0,1,9,0,0,1,1,4,0,1,10,0,0,1,0,0,0,1,11,0,0,1,1,2,0,1,12,0,1,0,0,0,0,1,13,0,0,1,1,2,0,1,14,0,0,1,0,0,0,1,#N/A,#N/A,#N/A,#N/A,#N/A,#N/A,#N/A,0,#N/A,#N/A,#N/A,#N/A,#N/A,#N/A,#N/A,0,#N/A,#N/A,#N/A,#N/A,#N/A,#N/A,#N/A,0,#N/A,#N/A,#N/A,#N/A,#N/A,#N/A,#N/A,0,#N/A,#N/A,#N/A,#N/A,#N/A,#N/A,#N/A,0,#N/A,#N/A,#N/A,#N/A,#N/A,#N/A,#N/A,0,#N/A,#N/A,#N/A,#N/A,#N/A,#N/A,#N/A,0,#N/A,#N/A,#N/A,#N/A,#N/A,#N/A,#N/A,0,#N/A,#N/A,#N/A,#N/A,#N/A,#N/A,#N/A,0,,,,,,,,,,,,,,,,,,,,,,,,,,,,
11,131,AUTOR,2.31,Sh,11,2,4,3,0,0,0,0,1,0,1,0,0,0,0,1,2,4,2,0,0,0,0,3,#N/A,#N/A,#N/A,#N/A,#N/A,#N/A,#N/A,0,#N/A,#N/A,#N/A,#N/A,#N/A,#N/A,#N/A,0,#N/A,#N/A,#N/A,#N/A,#N/A,#N/A,#N/A,0,#N/A,#N/A,#N/A,#N/A,#N/A,#N/A,#N/A,0,#N/A,#N/A,#N/A,#N/A,#N/A,#N/A,#N/A,0,#N/A,#N/A,#N/A,#N/A,#N/A,#N/A,#N/A,0,#N/A,#N/A,#N/A,#N/A,#N/A,#N/A,#N/A,0,#N/A,#N/A,#N/A,#N/A,#N/A,#N/A,#N/A,0,#N/A,#N/A,#N/A,#N/A,#N/A,#N/A,#N/A,0,#N/A,#N/A,#N/A,#N/A,#N/A,#N/A,#N/A,0,#N/A,#N/A,#N/A,#N/A,#N/A,#N/A,#N/A,0,#N/A,#N/A,#N/A,#N/A,#N/A,#N/A,#N/A,0,#N/A,#N/A,#N/A,#N/A,#N/A,#N/A,#N/A,0,#N/A,#N/A,#N/A,#N/A,#N/A,#N/A,#N/A,0,#N/A,#N/A,#N/A,#N/A,#N/A,#N/A,#N/A,0,#N/A,#N/A,#N/A,#N/A,#N/A,#N/A,#N/A,0,#N/A,#N/A,#N/A,#N/A,#N/A,#N/A,#N/A,0,#N/A,#N/A,#N/A,#N/A,#N/A,#N/A,#N/A,0,#N/A,#N/A,#N/A,#N/A,#N/A,#N/A,#N/A,0,#N/A,#N/A,#N/A,#N/A,#N/A,#N/A,#N/A,0,#N/A,#N/A,#N/A,#N/A,#N/A,#N/A,#N/A,0,,,,,,,,,,,,,,,,,,,,,,,,,,,,
12,132,AUTOR,48,VLo,12,15,12,11,14,10,30,0,1,0,1,0,0,0,0,1,2,0,1,0,0,0,0,1,3,0,1,1,1,2,0,2,4,0,0,1,0,0,0,1,5,3,4,1,1,2,0,6,6,4,0,3,1,3,0,4,7,0,0,1,1,2,0,1,8,5,1,1,1,4,0,3,9,0,0,1,0,0,0,1,10,0,1,0,0,0,0,1,11,0,0,1,1,3,0,1,12,0,0,1,1,3,0,1,13,0,0,1,1,4,0,1,14,0,0,1,1,4,0,1,15,0,2,1,1,3,0,3,#N/A,#N/A,#N/A,#N/A,#N/A,#N/A,#N/A,0,#N/A,#N/A,#N/A,#N/A,#N/A,#N/A,#N/A,0,#N/A,#N/A,#N/A,#N/A,#N/A,#N/A,#N/A,0,#N/A,#N/A,#N/A,#N/A,#N/A,#N/A,#N/A,0,#N/A,#N/A,#N/A,#N/A,#N/A,#N/A,#N/A,0,#N/A,#N/A,#N/A,#N/A,#N/A,#N/A,#N/A,0,#N/A,#N/A,#N/A,#N/A,#N/A,#N/A,#N/A,0,#N/A,#N/A,#N/A,#N/A,#N/A,#N/A,#N/A,0,,,,,,,,,,,,,,,,,,,,,,,,,,,,
13,133,AUTOR,37.5,Lo,13,15,4,11,7,4,12,0,1,0,1,0,0,0,0,1,2,4,1,3,0,0,0,5,3,0,0,1,1,3,0,1,4,0,0,1,1,3,0,1,5,0,0,1,1,2,0,1,6,0,1,0,0,0,0,1,7,0,1,0,0,0,0,1,8,0,1,0,0,0,0,1,9,0,1,0,0,0,0,1,10,0,0,1,1,4,0,1,11,0,1,0,0,0,0,1,12,0,1,0,0,0,0,1,13,0,1,0,0,0,0,1,14,0,1,0,0,0,0,1,15,0,1,0,0,0,0,1,#N/A,#N/A,#N/A,#N/A,#N/A,#N/A,#N/A,0,#N/A,#N/A,#N/A,#N/A,#N/A,#N/A,#N/A,0,#N/A,#N/A,#N/A,#N/A,#N/A,#N/A,#N/A,0,#N/A,#N/A,#N/A,#N/A,#N/A,#N/A,#N/A,0,#N/A,#N/A,#N/A,#N/A,#N/A,#N/A,#N/A,0,#N/A,#N/A,#N/A,#N/A,#N/A,#N/A,#N/A,0,#N/A,#N/A,#N/A,#N/A,#N/A,#N/A,#N/A,0,#N/A,#N/A,#N/A,#N/A,#N/A,#N/A,#N/A,0,,,,,,,,,,,,,,,,,,,,,,,,,,,,
14,134,AUTOR,45.4,VLo,14,17,4,8,13,9,24,0,1,0,1,0,0,0,0,1,2,0,0,1,1,1,0,1,3,0,1,0,0,0,0,1,4,4,1,3,1,2,0,5,5,0,0,1,1,2,0,1,6,0,0,1,1,4,0,1,7,0,0,1,1,2,0,1,8,0,0,1,1,3,0,1,9,0,0,1,1,3,0,1,10,0,0,1,1,3,0,1,11,0,0,1,1,4,0,1,12,0,0,1,0,0,0,1,13,0,0,1,0,0,0,1,14,0,1,0,0,0,0,1,15,0,1,0,0,0,0,1,16,0,1,0,0,0,0,1,17,0,2,0,0,0,0,2,#N/A,#N/A,#N/A,#N/A,#N/A,#N/A,#N/A,0,#N/A,#N/A,#N/A,#N/A,#N/A,#N/A,#N/A,0,#N/A,#N/A,#N/A,#N/A,#N/A,#N/A,#N/A,0,#N/A,#N/A,#N/A,#N/A,#N/A,#N/A,#N/A,0,#N/A,#N/A,#N/A,#N/A,#N/A,#N/A,#N/A,0,#N/A,#N/A,#N/A,#N/A,#N/A,#N/A,#N/A,0,,,,,,,,,,,,,,,,,,,,,,,,,,,,
15,135,AUTOR,44,VLo,15,16,9,11,14,9,27,0,1,0,1,0,0,0,0,1,2,0,1,0,0,0,0,1,3,0,1,0,0,0,0,1,4,0,1,1,2,4,0,2,5,2,0,4,1,2,0,5,6,2,1,2,1,3,0,4,7,0,0,1,0,0,0,1,8,5,2,1,1,4,0,4,9,0,0,1,1,3,0,1,10,0,0,1,1,4,0,1,11,0,0,1,1,4,0,1,12,0,0,1,1,3,0,1,13,0,0,1,0,0,0,1,14,0,1,0,0,0,0,1,15,0,1,0,0,0,0,1,16,0,2,0,0,0,0,2,#N/A,#N/A,#N/A,#N/A,#N/A,#N/A,#N/A,0,#N/A,#N/A,#N/A,#N/A,#N/A,#N/A,#N/A,0,#N/A,#N/A,#N/A,#N/A,#N/A,#N/A,#N/A,0,#N/A,#N/A,#N/A,#N/A,#N/A,#N/A,#N/A,0,#N/A,#N/A,#N/A,#N/A,#N/A,#N/A,#N/A,0,#N/A,#N/A,#N/A,#N/A,#N/A,#N/A,#N/A,0,#N/A,#N/A,#N/A,#N/A,#N/A,#N/A,#N/A,0,,,,,,,,,,,,,,,,,,,,,,,,,,,,
16,136,AUTOR,33,Lo,16,14,28,13,7,2,5,2,1,0,0,0,0,0,1,1,2,0,0,0,0,0,1,1,3,0,1,0,0,0,0,1,4,0,1,0,0,0,0,1,5,0,1,0,0,0,0,1,6,0,0,1,2,5,0,1,7,4,0,5,0,0,0,6,8,3,2,0,0,0,0,3,9,5,2,0,0,0,0,3,10,1,2,0,0,0,0,3,11,5,2,0,0,0,0,3,12,0,0,1,0,0,0,1,13,5,1,0,0,0,0,2,14,5,1,0,0,0,0,2,#N/A,#N/A,#N/A,#N/A,#N/A,#N/A,#N/A,0,#N/A,#N/A,#N/A,#N/A,#N/A,#N/A,#N/A,0,#N/A,#N/A,#N/A,#N/A,#N/A,#N/A,#N/A,0,#N/A,#N/A,#N/A,#N/A,#N/A,#N/A,#N/A,0,#N/A,#N/A,#N/A,#N/A,#N/A,#N/A,#N/A,0,#N/A,#N/A,#N/A,#N/A,#N/A,#N/A,#N/A,0,#N/A,#N/A,#N/A,#N/A,#N/A,#N/A,#N/A,0,#N/A,#N/A,#N/A,#N/A,#N/A,#N/A,#N/A,0,#N/A,#N/A,#N/A,#N/A,#N/A,#N/A,#N/A,0,,,,,,,,,,,,,,,,,,,,,,,,,,,,
17,137,AUTOR,21,Lo,17,8,3,4,7,4,10,0,1,0,1,0,0,0,0,1,2,0,1,0,0,0,0,1,3,0,0,1,1,3,0,1,4,0,0,2,1,2,0,2,5,1,1,2,1,2,0,4,6,0,0,1,1,3,0,1,7,2,1,0,0,0,0,2,8,0,0,1,0,0,0,1,#N/A,#N/A,#N/A,#N/A,#N/A,#N/A,#N/A,0,#N/A,#N/A,#N/A,#N/A,#N/A,#N/A,#N/A,0,#N/A,#N/A,#N/A,#N/A,#N/A,#N/A,#N/A,0,#N/A,#N/A,#N/A,#N/A,#N/A,#N/A,#N/A,0,#N/A,#N/A,#N/A,#N/A,#N/A,#N/A,#N/A,0,#N/A,#N/A,#N/A,#N/A,#N/A,#N/A,#N/A,0,#N/A,#N/A,#N/A,#N/A,#N/A,#N/A,#N/A,0,#N/A,#N/A,#N/A,#N/A,#N/A,#N/A,#N/A,0,#N/A,#N/A,#N/A,#N/A,#N/A,#N/A,#N/A,0,#N/A,#N/A,#N/A,#N/A,#N/A,#N/A,#N/A,0,#N/A,#N/A,#N/A,#N/A,#N/A,#N/A,#N/A,0,#N/A,#N/A,#N/A,#N/A,#N/A,#N/A,#N/A,0,#N/A,#N/A,#N/A,#N/A,#N/A,#N/A,#N/A,0,#N/A,#N/A,#N/A,#N/A,#N/A,#N/A,#N/A,0,#N/A,#N/A,#N/A,#N/A,#N/A,#N/A,#N/A,0,,,,,,,,,,,,,,,,,,,,,,,,,,,,
18,138,AUTOR,8.5,Me,18,5,7,4,5,4,7,0,1,0,0,1,1,1,0,1,2,0,0,1,1,1,0,1,3,0,1,0,0,0,0,1,4,4,3,0,0,0,0,4,5,3,0,3,2,5,0,4,#N/A,#N/A,#N/A,#N/A,#N/A,#N/A,#N/A,0,#N/A,#N/A,#N/A,#N/A,#N/A,#N/A,#N/A,0,#N/A,#N/A,#N/A,#N/A,#N/A,#N/A,#N/A,0,#N/A,#N/A,#N/A,#N/A,#N/A,#N/A,#N/A,0,#N/A,#N/A,#N/A,#N/A,#N/A,#N/A,#N/A,0,#N/A,#N/A,#N/A,#N/A,#N/A,#N/A,#N/A,0,#N/A,#N/A,#N/A,#N/A,#N/A,#N/A,#N/A,0,#N/A,#N/A,#N/A,#N/A,#N/A,#N/A,#N/A,0,#N/A,#N/A,#N/A,#N/A,#N/A,#N/A,#N/A,0,#N/A,#N/A,#N/A,#N/A,#N/A,#N/A,#N/A,0,#N/A,#N/A,#N/A,#N/A,#N/A,#N/A,#N/A,0,#N/A,#N/A,#N/A,#N/A,#N/A,#N/A,#N/A,0,#N/A,#N/A,#N/A,#N/A,#N/A,#N/A,#N/A,0,#N/A,#N/A,#N/A,#N/A,#N/A,#N/A,#N/A,0,#N/A,#N/A,#N/A,#N/A,#N/A,#N/A,#N/A,0,#N/A,#N/A,#N/A,#N/A,#N/A,#N/A,#N/A,0,#N/A,#N/A,#N/A,#N/A,#N/A,#N/A,#N/A,0,#N/A,#N/A,#N/A,#N/A,#N/A,#N/A,#N/A,0,,,,,,,,,,,,,,,,,,,,,,,,,,,,
19,139,AUTOR,38,Lo,19,15,11,10,12,9,24,2,1,0,1,0,0,0,0,1,2,0,0,0,0,0,1,1,3,0,0,0,0,0,1,1,4,0,0,1,1,3,0,1,5,4,2,1,0,0,0,4,6,0,0,4,2,6,0,4,7,0,1,0,0,0,0,1,8,4,3,0,0,0,0,4,9,0,0,1,1,2,0,1,10,3,1,1,1,3,0,3,11,0,0,1,1,1,0,1,12,0,0,1,1,3,0,1,13,0,0,1,1,1,0,1,14,0,0,1,1,5,0,1,15,0,2,0,0,0,0,2,#N/A,#N/A,#N/A,#N/A,#N/A,#N/A,#N/A,0,#N/A,#N/A,#N/A,#N/A,#N/A,#N/A,#N/A,0,#N/A,#N/A,#N/A,#N/A,#N/A,#N/A,#N/A,0,#N/A,#N/A,#N/A,#N/A,#N/A,#N/A,#N/A,0,#N/A,#N/A,#N/A,#N/A,#N/A,#N/A,#N/A,0,#N/A,#N/A,#N/A,#N/A,#N/A,#N/A,#N/A,0,#N/A,#N/A,#N/A,#N/A,#N/A,#N/A,#N/A,0,#N/A,#N/A,#N/A,#N/A,#N/A,#N/A,#N/A,0,,,,,,,,,,,,,,,,,,,,,,,,,,,,
20,140,AUTOR,38,Lo,20,14,0,4,10,8,18,0,1,0,1,0,0,0,0,1,2,0,1,0,0,0,0,1,3,0,1,0,0,0,0,1,4,0,0,1,1,2,0,1,5,0,0,1,1,2,0,1,6,0,0,1,1,2,0,1,7,0,0,1,0,0,0,1,8,0,0,1,1,1,0,1,9,0,0,1,1,2,0,1,10,0,0,1,1,3,0,1,11,0,0,1,1,4,0,1,12,0,0,1,1,2,0,1,13,0,0,1,0,0,0,1,14,0,1,0,0,0,0,1,#N/A,#N/A,#N/A,#N/A,#N/A,#N/A,#N/A,0,#N/A,#N/A,#N/A,#N/A,#N/A,#N/A,#N/A,0,#N/A,#N/A,#N/A,#N/A,#N/A,#N/A,#N/A,0,#N/A,#N/A,#N/A,#N/A,#N/A,#N/A,#N/A,0,#N/A,#N/A,#N/A,#N/A,#N/A,#N/A,#N/A,0,#N/A,#N/A,#N/A,#N/A,#N/A,#N/A,#N/A,0,#N/A,#N/A,#N/A,#N/A,#N/A,#N/A,#N/A,0,#N/A,#N/A,#N/A,#N/A,#N/A,#N/A,#N/A,0,#N/A,#N/A,#N/A,#N/A,#N/A,#N/A,#N/A,0,,,,,,,,,,,,,,,,,,,,,,,,,,,,
21,141,AUTOR,11.8,Me,21,6,7,5,2,2,4,2,1,0,0,0,0,0,1,1,2,0,1,0,0,0,0,1,3,0,0,0,0,0,1,1,4,4,3,0,0,0,0,4,5,3,1,1,1,1,0,3,6,0,0,1,1,3,0,1,#N/A,#N/A,#N/A,#N/A,#N/A,#N/A,#N/A,0,#N/A,#N/A,#N/A,#N/A,#N/A,#N/A,#N/A,0,#N/A,#N/A,#N/A,#N/A,#N/A,#N/A,#N/A,0,#N/A,#N/A,#N/A,#N/A,#N/A,#N/A,#N/A,0,#N/A,#N/A,#N/A,#N/A,#N/A,#N/A,#N/A,0,#N/A,#N/A,#N/A,#N/A,#N/A,#N/A,#N/A,0,#N/A,#N/A,#N/A,#N/A,#N/A,#N/A,#N/A,0,#N/A,#N/A,#N/A,#N/A,#N/A,#N/A,#N/A,0,#N/A,#N/A,#N/A,#N/A,#N/A,#N/A,#N/A,0,#N/A,#N/A,#N/A,#N/A,#N/A,#N/A,#N/A,0,#N/A,#N/A,#N/A,#N/A,#N/A,#N/A,#N/A,0,#N/A,#N/A,#N/A,#N/A,#N/A,#N/A,#N/A,0,#N/A,#N/A,#N/A,#N/A,#N/A,#N/A,#N/A,0,#N/A,#N/A,#N/A,#N/A,#N/A,#N/A,#N/A,0,#N/A,#N/A,#N/A,#N/A,#N/A,#N/A,#N/A,0,#N/A,#N/A,#N/A,#N/A,#N/A,#N/A,#N/A,0,#N/A,#N/A,#N/A,#N/A,#N/A,#N/A,#N/A,0,,,,,,,,,,,,,,,,,,,,,,,,,,,,
22,142,AUTOR,2.5,Sh,22,3,2,1,0,0,0,0,1,0,1,0,0,0,0,1,2,1,0,0,0,0,0,1,3,1,0,0,0,0,0,1,#N/A,#N/A,#N/A,#N/A,#N/A,#N/A,#N/A,0,#N/A,#N/A,#N/A,#N/A,#N/A,#N/A,#N/A,0,#N/A,#N/A,#N/A,#N/A,#N/A,#N/A,#N/A,0,#N/A,#N/A,#N/A,#N/A,#N/A,#N/A,#N/A,0,#N/A,#N/A,#N/A,#N/A,#N/A,#N/A,#N/A,0,#N/A,#N/A,#N/A,#N/A,#N/A,#N/A,#N/A,0,#N/A,#N/A,#N/A,#N/A,#N/A,#N/A,#N/A,0,#N/A,#N/A,#N/A,#N/A,#N/A,#N/A,#N/A,0,#N/A,#N/A,#N/A,#N/A,#N/A,#N/A,#N/A,0,#N/A,#N/A,#N/A,#N/A,#N/A,#N/A,#N/A,0,#N/A,#N/A,#N/A,#N/A,#N/A,#N/A,#N/A,0,#N/A,#N/A,#N/A,#N/A,#N/A,#N/A,#N/A,0,#N/A,#N/A,#N/A,#N/A,#N/A,#N/A,#N/A,0,#N/A,#N/A,#N/A,#N/A,#N/A,#N/A,#N/A,0,#N/A,#N/A,#N/A,#N/A,#N/A,#N/A,#N/A,0,#N/A,#N/A,#N/A,#N/A,#N/A,#N/A,#N/A,0,#N/A,#N/A,#N/A,#N/A,#N/A,#N/A,#N/A,0,#N/A,#N/A,#N/A,#N/A,#N/A,#N/A,#N/A,0,#N/A,#N/A,#N/A,#N/A,#N/A,#N/A,#N/A,0,#N/A,#N/A,#N/A,#N/A,#N/A,#N/A,#N/A,0,,,,,,,,,,,,,,,,,,,,,,,,,,,,
23,143,AUTOR,39,Lo,23,14,4,10,9,8,21,0,1,0,1,0,0,0,0,1,2,0,0,1,1,1,0,1,3,0,0,1,1,3,0,1,4,0,1,1,0,0,0,2,5,4,5,0,0,0,0,6,6,0,0,1,1,2,0,1,7,0,0,1,1,3,0,1,8,0,0,1,1,2,0,1,9,0,1,0,0,0,0,1,10,0,0,1,1,3,0,1,11,0,0,1,1,3,0,1,12,0,1,0,0,0,0,1,13,0,0,1,1,4,0,1,14,0,1,0,0,0,0,1,#N/A,#N/A,#N/A,#N/A,#N/A,#N/A,#N/A,0,#N/A,#N/A,#N/A,#N/A,#N/A,#N/A,#N/A,0,#N/A,#N/A,#N/A,#N/A,#N/A,#N/A,#N/A,0,#N/A,#N/A,#N/A,#N/A,#N/A,#N/A,#N/A,0,#N/A,#N/A,#N/A,#N/A,#N/A,#N/A,#N/A,0,#N/A,#N/A,#N/A,#N/A,#N/A,#N/A,#N/A,0,#N/A,#N/A,#N/A,#N/A,#N/A,#N/A,#N/A,0,#N/A,#N/A,#N/A,#N/A,#N/A,#N/A,#N/A,0,#N/A,#N/A,#N/A,#N/A,#N/A,#N/A,#N/A,0,,,,,,,,,,,,,,,,,,,,,,,,,,,,
24,144,AUTOR,1.5,Sh,24,3,0,2,1,1,3,0,1,0,1,0,0,0,0,1,2,0,1,0,0,0,0,1,3,0,0,1,1,3,0,1,#N/A,#N/A,#N/A,#N/A,#N/A,#N/A,#N/A,0,#N/A,#N/A,#N/A,#N/A,#N/A,#N/A,#N/A,0,#N/A,#N/A,#N/A,#N/A,#N/A,#N/A,#N/A,0,#N/A,#N/A,#N/A,#N/A,#N/A,#N/A,#N/A,0,#N/A,#N/A,#N/A,#N/A,#N/A,#N/A,#N/A,0,#N/A,#N/A,#N/A,#N/A,#N/A,#N/A,#N/A,0,#N/A,#N/A,#N/A,#N/A,#N/A,#N/A,#N/A,0,#N/A,#N/A,#N/A,#N/A,#N/A,#N/A,#N/A,0,#N/A,#N/A,#N/A,#N/A,#N/A,#N/A,#N/A,0,#N/A,#N/A,#N/A,#N/A,#N/A,#N/A,#N/A,0,#N/A,#N/A,#N/A,#N/A,#N/A,#N/A,#N/A,0,#N/A,#N/A,#N/A,#N/A,#N/A,#N/A,#N/A,0,#N/A,#N/A,#N/A,#N/A,#N/A,#N/A,#N/A,0,#N/A,#N/A,#N/A,#N/A,#N/A,#N/A,#N/A,0,#N/A,#N/A,#N/A,#N/A,#N/A,#N/A,#N/A,0,#N/A,#N/A,#N/A,#N/A,#N/A,#N/A,#N/A,0,#N/A,#N/A,#N/A,#N/A,#N/A,#N/A,#N/A,0,#N/A,#N/A,#N/A,#N/A,#N/A,#N/A,#N/A,0,#N/A,#N/A,#N/A,#N/A,#N/A,#N/A,#N/A,0,#N/A,#N/A,#N/A,#N/A,#N/A,#N/A,#N/A,0,,,,,,,,,,,,,,,,,,,,,,,,,,,,
25,145,AUTOR,41.5,VLo,25,14,3,6,12,6,14,0,1,0,0,1,0,0,0,1,2,0,0,1,1,2,0,1,3,3,0,3,1,3,0,4,4,0,0,1,1,3,0,1,5,0,0,1,1,1,0,1,6,0,0,1,1,2,0,1,7,0,0,1,0,0,0,1,8,0,1,1,1,3,0,2,9,0,0,1,0,0,0,1,10,0,0,1,0,0,0,1,11,0,1,0,0,0,0,1,12,0,1,0,0,0,0,1,13,0,1,0,0,0,0,1,14,0,2,0,0,0,0,2,#N/A,#N/A,#N/A,#N/A,#N/A,#N/A,#N/A,0,#N/A,#N/A,#N/A,#N/A,#N/A,#N/A,#N/A,0,#N/A,#N/A,#N/A,#N/A,#N/A,#N/A,#N/A,0,#N/A,#N/A,#N/A,#N/A,#N/A,#N/A,#N/A,0,#N/A,#N/A,#N/A,#N/A,#N/A,#N/A,#N/A,0,#N/A,#N/A,#N/A,#N/A,#N/A,#N/A,#N/A,0,#N/A,#N/A,#N/A,#N/A,#N/A,#N/A,#N/A,0,#N/A,#N/A,#N/A,#N/A,#N/A,#N/A,#N/A,0,#N/A,#N/A,#N/A,#N/A,#N/A,#N/A,#N/A,0,,,,,,,,,,,,,,,,,,,,,,,,,,,,
26,146,AUTOR,4,Sh,26,5,2,4,5,3,7,0,1,0,1,0,0,0,0,1,2,0,0,1,1,2,0,1,3,0,2,1,1,1,0,3,4,0,0,2,1,4,0,2,5,2,1,1,0,0,0,3,#N/A,#N/A,#N/A,#N/A,#N/A,#N/A,#N/A,0,#N/A,#N/A,#N/A,#N/A,#N/A,#N/A,#N/A,0,#N/A,#N/A,#N/A,#N/A,#N/A,#N/A,#N/A,0,#N/A,#N/A,#N/A,#N/A,#N/A,#N/A,#N/A,0,#N/A,#N/A,#N/A,#N/A,#N/A,#N/A,#N/A,0,#N/A,#N/A,#N/A,#N/A,#N/A,#N/A,#N/A,0,#N/A,#N/A,#N/A,#N/A,#N/A,#N/A,#N/A,0,#N/A,#N/A,#N/A,#N/A,#N/A,#N/A,#N/A,0,#N/A,#N/A,#N/A,#N/A,#N/A,#N/A,#N/A,0,#N/A,#N/A,#N/A,#N/A,#N/A,#N/A,#N/A,0,#N/A,#N/A,#N/A,#N/A,#N/A,#N/A,#N/A,0,#N/A,#N/A,#N/A,#N/A,#N/A,#N/A,#N/A,0,#N/A,#N/A,#N/A,#N/A,#N/A,#N/A,#N/A,0,#N/A,#N/A,#N/A,#N/A,#N/A,#N/A,#N/A,0,#N/A,#N/A,#N/A,#N/A,#N/A,#N/A,#N/A,0,#N/A,#N/A,#N/A,#N/A,#N/A,#N/A,#N/A,0,#N/A,#N/A,#N/A,#N/A,#N/A,#N/A,#N/A,0,#N/A,#N/A,#N/A,#N/A,#N/A,#N/A,#N/A,0,,,,,,,,,,,,,,,,,,,,,,,,,,,,
27,147,AUTOR,29.8,Lo,27,10,15,7,9,6,10,0,1,0,0,1,0,0,0,1,2,1,2,0,0,0,0,3,3,1,0,2,2,2,0,3,4,0,1,3,1,1,0,4,5,0,0,1,1,3,0,1,6,4,1,1,1,2,0,3,7,4,0,1,1,2,0,2,8,5,1,0,0,0,0,2,9,0,1,0,0,0,0,1,10,0,1,0,0,0,0,1,#N/A,#N/A,#N/A,#N/A,#N/A,#N/A,#N/A,0,#N/A,#N/A,#N/A,#N/A,#N/A,#N/A,#N/A,0,#N/A,#N/A,#N/A,#N/A,#N/A,#N/A,#N/A,0,#N/A,#N/A,#N/A,#N/A,#N/A,#N/A,#N/A,0,#N/A,#N/A,#N/A,#N/A,#N/A,#N/A,#N/A,0,#N/A,#N/A,#N/A,#N/A,#N/A,#N/A,#N/A,0,#N/A,#N/A,#N/A,#N/A,#N/A,#N/A,#N/A,0,#N/A,#N/A,#N/A,#N/A,#N/A,#N/A,#N/A,0,#N/A,#N/A,#N/A,#N/A,#N/A,#N/A,#N/A,0,#N/A,#N/A,#N/A,#N/A,#N/A,#N/A,#N/A,0,#N/A,#N/A,#N/A,#N/A,#N/A,#N/A,#N/A,0,#N/A,#N/A,#N/A,#N/A,#N/A,#N/A,#N/A,0,#N/A,#N/A,#N/A,#N/A,#N/A,#N/A,#N/A,0,,,,,,,,,,,,,,,,,,,,,,,,,,,,
28,148,AUTOR,4.2,Sh,28,4,0,3,0,0,0,1,1,0,0,0,0,0,1,1,2,0,1,0,0,0,0,1,3,0,1,0,0,0,0,1,4,0,1,0,0,0,0,1,#N/A,#N/A,#N/A,#N/A,#N/A,#N/A,#N/A,0,#N/A,#N/A,#N/A,#N/A,#N/A,#N/A,#N/A,0,#N/A,#N/A,#N/A,#N/A,#N/A,#N/A,#N/A,0,#N/A,#N/A,#N/A,#N/A,#N/A,#N/A,#N/A,0,#N/A,#N/A,#N/A,#N/A,#N/A,#N/A,#N/A,0,#N/A,#N/A,#N/A,#N/A,#N/A,#N/A,#N/A,0,#N/A,#N/A,#N/A,#N/A,#N/A,#N/A,#N/A,0,#N/A,#N/A,#N/A,#N/A,#N/A,#N/A,#N/A,0,#N/A,#N/A,#N/A,#N/A,#N/A,#N/A,#N/A,0,#N/A,#N/A,#N/A,#N/A,#N/A,#N/A,#N/A,0,#N/A,#N/A,#N/A,#N/A,#N/A,#N/A,#N/A,0,#N/A,#N/A,#N/A,#N/A,#N/A,#N/A,#N/A,0,#N/A,#N/A,#N/A,#N/A,#N/A,#N/A,#N/A,0,#N/A,#N/A,#N/A,#N/A,#N/A,#N/A,#N/A,0,#N/A,#N/A,#N/A,#N/A,#N/A,#N/A,#N/A,0,#N/A,#N/A,#N/A,#N/A,#N/A,#N/A,#N/A,0,#N/A,#N/A,#N/A,#N/A,#N/A,#N/A,#N/A,0,#N/A,#N/A,#N/A,#N/A,#N/A,#N/A,#N/A,0,#N/A,#N/A,#N/A,#N/A,#N/A,#N/A,#N/A,0,,,,,,,,,,,,,,,,,,,,,,,,,,,,
29,149,AUTOR,35,Lo,29,12,29,13,9,5,11,0,1,0,1,0,0,0,0,1,2,1,0,1,1,2,0,2,3,1,1,1,1,1,0,3,4,0,0,1,1,3,0,1,5,3,1,2,0,0,0,4,6,7,0,1,1,2,0,2,7,4,3,0,0,0,0,4,8,4,1,1,0,0,0,3,9,4,2,1,1,3,0,4,10,4,1,0,0,0,0,2,11,0,0,1,0,0,0,1,12,1,3,0,0,0,0,4,#N/A,#N/A,#N/A,#N/A,#N/A,#N/A,#N/A,0,#N/A,#N/A,#N/A,#N/A,#N/A,#N/A,#N/A,0,#N/A,#N/A,#N/A,#N/A,#N/A,#N/A,#N/A,0,#N/A,#N/A,#N/A,#N/A,#N/A,#N/A,#N/A,0,#N/A,#N/A,#N/A,#N/A,#N/A,#N/A,#N/A,0,#N/A,#N/A,#N/A,#N/A,#N/A,#N/A,#N/A,0,#N/A,#N/A,#N/A,#N/A,#N/A,#N/A,#N/A,0,#N/A,#N/A,#N/A,#N/A,#N/A,#N/A,#N/A,0,#N/A,#N/A,#N/A,#N/A,#N/A,#N/A,#N/A,0,#N/A,#N/A,#N/A,#N/A,#N/A,#N/A,#N/A,0,#N/A,#N/A,#N/A,#N/A,#N/A,#N/A,#N/A,0,,,,,,,,,,,,,,,,,,,,,,,,,,,,
30,150,AUTOR,49.6,VLo,30,17,11,9,11,9,23,1,1,0,1,0,0,0,0,1,2,0,0,0,0,0,1,1,3,0,0,1,1,1,0,1,4,7,0,0,0,0,0,1,5,4,2,3,1,1,0,6,6,0,1,0,0,0,0,1,7,0,0,1,1,3,0,1,8,0,0,1,1,1,0,1,9,0,0,1,1,3,0,1,10,0,0,1,1,3,0,1,11,0,0,1,1,3,0,1,12,0,0,1,1,3,0,1,13,0,0,1,1,5,0,1,14,0,1,0,0,0,0,1,15,0,1,0,0,0,0,1,16,0,1,0,0,0,0,1,17,0,2,0,0,0,0,2,#N/A,#N/A,#N/A,#N/A,#N/A,#N/A,#N/A,0,#N/A,#N/A,#N/A,#N/A,#N/A,#N/A,#N/A,0,#N/A,#N/A,#N/A,#N/A,#N/A,#N/A,#N/A,0,#N/A,#N/A,#N/A,#N/A,#N/A,#N/A,#N/A,0,#N/A,#N/A,#N/A,#N/A,#N/A,#N/A,#N/A,0,#N/A,#N/A,#N/A,#N/A,#N/A,#N/A,#N/A,0,,,,,,,,,,,,,,,,,,,,,,,,,,,,
31,151,AUTOR,3,Sh,31,3,4,3,0,0,0,1,1,0,0,0,0,0,1,1,2,2,1,0,0,0,0,2,3,2,2,0,0,0,0,3,#N/A,#N/A,#N/A,#N/A,#N/A,#N/A,#N/A,0,#N/A,#N/A,#N/A,#N/A,#N/A,#N/A,#N/A,0,#N/A,#N/A,#N/A,#N/A,#N/A,#N/A,#N/A,0,#N/A,#N/A,#N/A,#N/A,#N/A,#N/A,#N/A,0,#N/A,#N/A,#N/A,#N/A,#N/A,#N/A,#N/A,0,#N/A,#N/A,#N/A,#N/A,#N/A,#N/A,#N/A,0,#N/A,#N/A,#N/A,#N/A,#N/A,#N/A,#N/A,0,#N/A,#N/A,#N/A,#N/A,#N/A,#N/A,#N/A,0,#N/A,#N/A,#N/A,#N/A,#N/A,#N/A,#N/A,0,#N/A,#N/A,#N/A,#N/A,#N/A,#N/A,#N/A,0,#N/A,#N/A,#N/A,#N/A,#N/A,#N/A,#N/A,0,#N/A,#N/A,#N/A,#N/A,#N/A,#N/A,#N/A,0,#N/A,#N/A,#N/A,#N/A,#N/A,#N/A,#N/A,0,#N/A,#N/A,#N/A,#N/A,#N/A,#N/A,#N/A,0,#N/A,#N/A,#N/A,#N/A,#N/A,#N/A,#N/A,0,#N/A,#N/A,#N/A,#N/A,#N/A,#N/A,#N/A,0,#N/A,#N/A,#N/A,#N/A,#N/A,#N/A,#N/A,0,#N/A,#N/A,#N/A,#N/A,#N/A,#N/A,#N/A,0,#N/A,#N/A,#N/A,#N/A,#N/A,#N/A,#N/A,0,#N/A,#N/A,#N/A,#N/A,#N/A,#N/A,#N/A,0,,,,,,,,,,,,,,,,,,,,,,,,,,,,
32,152,AUTOR,15.6,Me,32,7,10,4,6,2,5,0,1,0,1,0,0,0,0,1,2,3,1,0,0,0,0,2,3,3,2,2,0,0,0,5,4,0,0,1,0,0,0,1,5,0,0,1,1,2,0,1,6,0,0,1,0,0,0,1,7,4,0,1,1,3,0,2,#N/A,#N/A,#N/A,#N/A,#N/A,#N/A,#N/A,0,#N/A,#N/A,#N/A,#N/A,#N/A,#N/A,#N/A,0,#N/A,#N/A,#N/A,#N/A,#N/A,#N/A,#N/A,0,#N/A,#N/A,#N/A,#N/A,#N/A,#N/A,#N/A,0,#N/A,#N/A,#N/A,#N/A,#N/A,#N/A,#N/A,0,#N/A,#N/A,#N/A,#N/A,#N/A,#N/A,#N/A,0,#N/A,#N/A,#N/A,#N/A,#N/A,#N/A,#N/A,0,#N/A,#N/A,#N/A,#N/A,#N/A,#N/A,#N/A,0,#N/A,#N/A,#N/A,#N/A,#N/A,#N/A,#N/A,0,#N/A,#N/A,#N/A,#N/A,#N/A,#N/A,#N/A,0,#N/A,#N/A,#N/A,#N/A,#N/A,#N/A,#N/A,0,#N/A,#N/A,#N/A,#N/A,#N/A,#N/A,#N/A,0,#N/A,#N/A,#N/A,#N/A,#N/A,#N/A,#N/A,0,#N/A,#N/A,#N/A,#N/A,#N/A,#N/A,#N/A,0,#N/A,#N/A,#N/A,#N/A,#N/A,#N/A,#N/A,0,#N/A,#N/A,#N/A,#N/A,#N/A,#N/A,#N/A,0,,,,,,,,,,,,,,,,,,,,,,,,,,,,
33,153,AUTOR,4,Sh,33,3,0,1,2,1,2,0,1,0,0,1,0,0,0,1,2,0,1,0,0,0,0,1,3,0,0,1,1,2,0,1,#N/A,#N/A,#N/A,#N/A,#N/A,#N/A,#N/A,0,#N/A,#N/A,#N/A,#N/A,#N/A,#N/A,#N/A,0,#N/A,#N/A,#N/A,#N/A,#N/A,#N/A,#N/A,0,#N/A,#N/A,#N/A,#N/A,#N/A,#N/A,#N/A,0,#N/A,#N/A,#N/A,#N/A,#N/A,#N/A,#N/A,0,#N/A,#N/A,#N/A,#N/A,#N/A,#N/A,#N/A,0,#N/A,#N/A,#N/A,#N/A,#N/A,#N/A,#N/A,0,#N/A,#N/A,#N/A,#N/A,#N/A,#N/A,#N/A,0,#N/A,#N/A,#N/A,#N/A,#N/A,#N/A,#N/A,0,#N/A,#N/A,#N/A,#N/A,#N/A,#N/A,#N/A,0,#N/A,#N/A,#N/A,#N/A,#N/A,#N/A,#N/A,0,#N/A,#N/A,#N/A,#N/A,#N/A,#N/A,#N/A,0,#N/A,#N/A,#N/A,#N/A,#N/A,#N/A,#N/A,0,#N/A,#N/A,#N/A,#N/A,#N/A,#N/A,#N/A,0,#N/A,#N/A,#N/A,#N/A,#N/A,#N/A,#N/A,0,#N/A,#N/A,#N/A,#N/A,#N/A,#N/A,#N/A,0,#N/A,#N/A,#N/A,#N/A,#N/A,#N/A,#N/A,0,#N/A,#N/A,#N/A,#N/A,#N/A,#N/A,#N/A,0,#N/A,#N/A,#N/A,#N/A,#N/A,#N/A,#N/A,0,#N/A,#N/A,#N/A,#N/A,#N/A,#N/A,#N/A,0,,,,,,,,,,,,,,,,,,,,,,,,,,,,
34,154,AUTOR,12.2,Me,34,6,6,2,10,2,7,0,1,0,0,1,0,0,0,1,2,0,1,0,0,0,0,1,3,0,0,1,1,1,0,1,4,0,0,1,0,0,0,1,5,3,0,4,0,0,0,5,6,3,1,3,1,6,0,5,#N/A,#N/A,#N/A,#N/A,#N/A,#N/A,#N/A,0,#N/A,#N/A,#N/A,#N/A,#N/A,#N/A,#N/A,0,#N/A,#N/A,#N/A,#N/A,#N/A,#N/A,#N/A,0,#N/A,#N/A,#N/A,#N/A,#N/A,#N/A,#N/A,0,#N/A,#N/A,#N/A,#N/A,#N/A,#N/A,#N/A,0,#N/A,#N/A,#N/A,#N/A,#N/A,#N/A,#N/A,0,#N/A,#N/A,#N/A,#N/A,#N/A,#N/A,#N/A,0,#N/A,#N/A,#N/A,#N/A,#N/A,#N/A,#N/A,0,#N/A,#N/A,#N/A,#N/A,#N/A,#N/A,#N/A,0,#N/A,#N/A,#N/A,#N/A,#N/A,#N/A,#N/A,0,#N/A,#N/A,#N/A,#N/A,#N/A,#N/A,#N/A,0,#N/A,#N/A,#N/A,#N/A,#N/A,#N/A,#N/A,0,#N/A,#N/A,#N/A,#N/A,#N/A,#N/A,#N/A,0,#N/A,#N/A,#N/A,#N/A,#N/A,#N/A,#N/A,0,#N/A,#N/A,#N/A,#N/A,#N/A,#N/A,#N/A,0,#N/A,#N/A,#N/A,#N/A,#N/A,#N/A,#N/A,0,#N/A,#N/A,#N/A,#N/A,#N/A,#N/A,#N/A,0,,,,,,,,,,,,,,,,,,,,,,,,,,,,
35,155,AUTOR,2,Sh,35,2,0,1,1,1,1,0,1,0,1,0,0,0,0,1,2,0,0,1,1,1,0,1,#N/A,#N/A,#N/A,#N/A,#N/A,#N/A,#N/A,0,#N/A,#N/A,#N/A,#N/A,#N/A,#N/A,#N/A,0,#N/A,#N/A,#N/A,#N/A,#N/A,#N/A,#N/A,0,#N/A,#N/A,#N/A,#N/A,#N/A,#N/A,#N/A,0,#N/A,#N/A,#N/A,#N/A,#N/A,#N/A,#N/A,0,#N/A,#N/A,#N/A,#N/A,#N/A,#N/A,#N/A,0,#N/A,#N/A,#N/A,#N/A,#N/A,#N/A,#N/A,0,#N/A,#N/A,#N/A,#N/A,#N/A,#N/A,#N/A,0,#N/A,#N/A,#N/A,#N/A,#N/A,#N/A,#N/A,0,#N/A,#N/A,#N/A,#N/A,#N/A,#N/A,#N/A,0,#N/A,#N/A,#N/A,#N/A,#N/A,#N/A,#N/A,0,#N/A,#N/A,#N/A,#N/A,#N/A,#N/A,#N/A,0,#N/A,#N/A,#N/A,#N/A,#N/A,#N/A,#N/A,0,#N/A,#N/A,#N/A,#N/A,#N/A,#N/A,#N/A,0,#N/A,#N/A,#N/A,#N/A,#N/A,#N/A,#N/A,0,#N/A,#N/A,#N/A,#N/A,#N/A,#N/A,#N/A,0,#N/A,#N/A,#N/A,#N/A,#N/A,#N/A,#N/A,0,#N/A,#N/A,#N/A,#N/A,#N/A,#N/A,#N/A,0,#N/A,#N/A,#N/A,#N/A,#N/A,#N/A,#N/A,0,#N/A,#N/A,#N/A,#N/A,#N/A,#N/A,#N/A,0,#N/A,#N/A,#N/A,#N/A,#N/A,#N/A,#N/A,0,,,,,,,,,,,,,,,,,,,,,,,,,,,,
36,156,AUTOR,27.6,Lo,36,9,6,3,11,9,24,0,1,0,0,1,1,1,0,1,2,2,0,4,2,4,0,5,3,4,3,0,0,0,0,4,4,0,0,1,1,3,0,1,5,0,0,1,1,3,0,1,6,0,0,1,1,4,0,1,7,0,0,1,1,3,0,1,8,0,0,1,1,3,0,1,9,0,0,1,1,3,0,1,#N/A,#N/A,#N/A,#N/A,#N/A,#N/A,#N/A,0,#N/A,#N/A,#N/A,#N/A,#N/A,#N/A,#N/A,0,#N/A,#N/A,#N/A,#N/A,#N/A,#N/A,#N/A,0,#N/A,#N/A,#N/A,#N/A,#N/A,#N/A,#N/A,0,#N/A,#N/A,#N/A,#N/A,#N/A,#N/A,#N/A,0,#N/A,#N/A,#N/A,#N/A,#N/A,#N/A,#N/A,0,#N/A,#N/A,#N/A,#N/A,#N/A,#N/A,#N/A,0,#N/A,#N/A,#N/A,#N/A,#N/A,#N/A,#N/A,0,#N/A,#N/A,#N/A,#N/A,#N/A,#N/A,#N/A,0,#N/A,#N/A,#N/A,#N/A,#N/A,#N/A,#N/A,0,#N/A,#N/A,#N/A,#N/A,#N/A,#N/A,#N/A,0,#N/A,#N/A,#N/A,#N/A,#N/A,#N/A,#N/A,0,#N/A,#N/A,#N/A,#N/A,#N/A,#N/A,#N/A,0,#N/A,#N/A,#N/A,#N/A,#N/A,#N/A,#N/A,0,,,,,,,,,,,,,,,,,,,,,,,,,,,,
37,157,AUTOR,18.2,Me,37,7,0,3,5,4,10,0,1,0,0,1,0,0,0,1,2,0,2,0,0,0,0,2,3,0,0,1,1,2,0,1,4,0,0,1,1,2,0,1,5,0,0,1,1,2,0,1,6,0,0,1,1,4,0,1,7,0,1,0,0,0,0,1,#N/A,#N/A,#N/A,#N/A,#N/A,#N/A,#N/A,0,#N/A,#N/A,#N/A,#N/A,#N/A,#N/A,#N/A,0,#N/A,#N/A,#N/A,#N/A,#N/A,#N/A,#N/A,0,#N/A,#N/A,#N/A,#N/A,#N/A,#N/A,#N/A,0,#N/A,#N/A,#N/A,#N/A,#N/A,#N/A,#N/A,0,#N/A,#N/A,#N/A,#N/A,#N/A,#N/A,#N/A,0,#N/A,#N/A,#N/A,#N/A,#N/A,#N/A,#N/A,0,#N/A,#N/A,#N/A,#N/A,#N/A,#N/A,#N/A,0,#N/A,#N/A,#N/A,#N/A,#N/A,#N/A,#N/A,0,#N/A,#N/A,#N/A,#N/A,#N/A,#N/A,#N/A,0,#N/A,#N/A,#N/A,#N/A,#N/A,#N/A,#N/A,0,#N/A,#N/A,#N/A,#N/A,#N/A,#N/A,#N/A,0,#N/A,#N/A,#N/A,#N/A,#N/A,#N/A,#N/A,0,#N/A,#N/A,#N/A,#N/A,#N/A,#N/A,#N/A,0,#N/A,#N/A,#N/A,#N/A,#N/A,#N/A,#N/A,0,#N/A,#N/A,#N/A,#N/A,#N/A,#N/A,#N/A,0,,,,,,,,,,,,,,,,,,,,,,,,,,,,
38,158,AUTOR,36.5,Lo,38,10,2,5,11,6,16,0,1,0,1,0,0,0,0,1,2,0,0,1,1,3,0,1,3,0,0,1,1,3,0,1,4,2,0,6,1,2,0,7,5,0,1,0,0,0,0,1,6,0,0,1,1,3,0,1,7,0,0,1,1,2,0,1,8,0,0,1,1,3,0,1,9,0,1,0,0,0,0,1,10,0,2,0,0,0,0,2,#N/A,#N/A,#N/A,#N/A,#N/A,#N/A,#N/A,0,#N/A,#N/A,#N/A,#N/A,#N/A,#N/A,#N/A,0,#N/A,#N/A,#N/A,#N/A,#N/A,#N/A,#N/A,0,#N/A,#N/A,#N/A,#N/A,#N/A,#N/A,#N/A,0,#N/A,#N/A,#N/A,#N/A,#N/A,#N/A,#N/A,0,#N/A,#N/A,#N/A,#N/A,#N/A,#N/A,#N/A,0,#N/A,#N/A,#N/A,#N/A,#N/A,#N/A,#N/A,0,#N/A,#N/A,#N/A,#N/A,#N/A,#N/A,#N/A,0,#N/A,#N/A,#N/A,#N/A,#N/A,#N/A,#N/A,0,#N/A,#N/A,#N/A,#N/A,#N/A,#N/A,#N/A,0,#N/A,#N/A,#N/A,#N/A,#N/A,#N/A,#N/A,0,#N/A,#N/A,#N/A,#N/A,#N/A,#N/A,#N/A,0,#N/A,#N/A,#N/A,#N/A,#N/A,#N/A,#N/A,0,,,,,,,,,,,,,,,,,,,,,,,,,,,,
39,159,AUTOR,1,Sh,39,1,0,0,1,0,0,0,1,0,0,1,0,0,0,1,#N/A,#N/A,#N/A,#N/A,#N/A,#N/A,#N/A,0,#N/A,#N/A,#N/A,#N/A,#N/A,#N/A,#N/A,0,#N/A,#N/A,#N/A,#N/A,#N/A,#N/A,#N/A,0,#N/A,#N/A,#N/A,#N/A,#N/A,#N/A,#N/A,0,#N/A,#N/A,#N/A,#N/A,#N/A,#N/A,#N/A,0,#N/A,#N/A,#N/A,#N/A,#N/A,#N/A,#N/A,0,#N/A,#N/A,#N/A,#N/A,#N/A,#N/A,#N/A,0,#N/A,#N/A,#N/A,#N/A,#N/A,#N/A,#N/A,0,#N/A,#N/A,#N/A,#N/A,#N/A,#N/A,#N/A,0,#N/A,#N/A,#N/A,#N/A,#N/A,#N/A,#N/A,0,#N/A,#N/A,#N/A,#N/A,#N/A,#N/A,#N/A,0,#N/A,#N/A,#N/A,#N/A,#N/A,#N/A,#N/A,0,#N/A,#N/A,#N/A,#N/A,#N/A,#N/A,#N/A,0,#N/A,#N/A,#N/A,#N/A,#N/A,#N/A,#N/A,0,#N/A,#N/A,#N/A,#N/A,#N/A,#N/A,#N/A,0,#N/A,#N/A,#N/A,#N/A,#N/A,#N/A,#N/A,0,#N/A,#N/A,#N/A,#N/A,#N/A,#N/A,#N/A,0,#N/A,#N/A,#N/A,#N/A,#N/A,#N/A,#N/A,0,#N/A,#N/A,#N/A,#N/A,#N/A,#N/A,#N/A,0,#N/A,#N/A,#N/A,#N/A,#N/A,#N/A,#N/A,0,#N/A,#N/A,#N/A,#N/A,#N/A,#N/A,#N/A,0,#N/A,#N/A,#N/A,#N/A,#N/A,#N/A,#N/A,0,,,,,,,,,,,,,,,,,,,,,,,,,,,,
40,160,AUTOR,18,Me,40,9,5,6,4,2,7,2,1,0,1,0,0,0,0,1,2,0,0,0,0,0,1,1,3,0,0,0,0,0,1,1,4,0,1,0,0,0,0,1,5,2,1,0,0,0,0,2,6,3,2,1,0,0,0,4,7,0,1,1,1,3,0,2,8,0,0,1,0,0,0,1,9,0,0,1,1,4,0,1,#N/A,#N/A,#N/A,#N/A,#N/A,#N/A,#N/A,0,#N/A,#N/A,#N/A,#N/A,#N/A,#N/A,#N/A,0,#N/A,#N/A,#N/A,#N/A,#N/A,#N/A,#N/A,0,#N/A,#N/A,#N/A,#N/A,#N/A,#N/A,#N/A,0,#N/A,#N/A,#N/A,#N/A,#N/A,#N/A,#N/A,0,#N/A,#N/A,#N/A,#N/A,#N/A,#N/A,#N/A,0,#N/A,#N/A,#N/A,#N/A,#N/A,#N/A,#N/A,0,#N/A,#N/A,#N/A,#N/A,#N/A,#N/A,#N/A,0,#N/A,#N/A,#N/A,#N/A,#N/A,#N/A,#N/A,0,#N/A,#N/A,#N/A,#N/A,#N/A,#N/A,#N/A,0,#N/A,#N/A,#N/A,#N/A,#N/A,#N/A,#N/A,0,#N/A,#N/A,#N/A,#N/A,#N/A,#N/A,#N/A,0,#N/A,#N/A,#N/A,#N/A,#N/A,#N/A,#N/A,0,#N/A,#N/A,#N/A,#N/A,#N/A,#N/A,#N/A,0,,,,,,,,,,,,,,,,,,,,,,,,,,,,
41,161,AUTOR,5.5,Me,41,6,8,3,4,1,1,0,1,1,0,0,0,0,0,1,2,0,0,1,0,0,0,1,3,3,2,0,0,0,0,3,4,4,1,1,1,1,0,3,5,0,0,1,0,0,0,1,6,0,0,1,0,0,0,1,#N/A,#N/A,#N/A,#N/A,#N/A,#N/A,#N/A,0,#N/A,#N/A,#N/A,#N/A,#N/A,#N/A,#N/A,0,#N/A,#N/A,#N/A,#N/A,#N/A,#N/A,#N/A,0,#N/A,#N/A,#N/A,#N/A,#N/A,#N/A,#N/A,0,#N/A,#N/A,#N/A,#N/A,#N/A,#N/A,#N/A,0,#N/A,#N/A,#N/A,#N/A,#N/A,#N/A,#N/A,0,#N/A,#N/A,#N/A,#N/A,#N/A,#N/A,#N/A,0,#N/A,#N/A,#N/A,#N/A,#N/A,#N/A,#N/A,0,#N/A,#N/A,#N/A,#N/A,#N/A,#N/A,#N/A,0,#N/A,#N/A,#N/A,#N/A,#N/A,#N/A,#N/A,0,#N/A,#N/A,#N/A,#N/A,#N/A,#N/A,#N/A,0,#N/A,#N/A,#N/A,#N/A,#N/A,#N/A,#N/A,0,#N/A,#N/A,#N/A,#N/A,#N/A,#N/A,#N/A,0,#N/A,#N/A,#N/A,#N/A,#N/A,#N/A,#N/A,0,#N/A,#N/A,#N/A,#N/A,#N/A,#N/A,#N/A,0,#N/A,#N/A,#N/A,#N/A,#N/A,#N/A,#N/A,0,#N/A,#N/A,#N/A,#N/A,#N/A,#N/A,#N/A,0,,,,,,,,,,,,,,,,,,,,,,,,,,,,
42,162,AUTOR,7,Me,42,5,8,4,7,0,0,1,1,0,1,0,0,0,0,1,2,0,0,0,0,0,1,1,3,0,0,1,0,0,0,1,4,4,3,0,0,0,0,4,5,4,0,6,0,0,0,7,#N/A,#N/A,#N/A,#N/A,#N/A,#N/A,#N/A,0,#N/A,#N/A,#N/A,#N/A,#N/A,#N/A,#N/A,0,#N/A,#N/A,#N/A,#N/A,#N/A,#N/A,#N/A,0,#N/A,#N/A,#N/A,#N/A,#N/A,#N/A,#N/A,0,#N/A,#N/A,#N/A,#N/A,#N/A,#N/A,#N/A,0,#N/A,#N/A,#N/A,#N/A,#N/A,#N/A,#N/A,0,#N/A,#N/A,#N/A,#N/A,#N/A,#N/A,#N/A,0,#N/A,#N/A,#N/A,#N/A,#N/A,#N/A,#N/A,0,#N/A,#N/A,#N/A,#N/A,#N/A,#N/A,#N/A,0,#N/A,#N/A,#N/A,#N/A,#N/A,#N/A,#N/A,0,#N/A,#N/A,#N/A,#N/A,#N/A,#N/A,#N/A,0,#N/A,#N/A,#N/A,#N/A,#N/A,#N/A,#N/A,0,#N/A,#N/A,#N/A,#N/A,#N/A,#N/A,#N/A,0,#N/A,#N/A,#N/A,#N/A,#N/A,#N/A,#N/A,0,#N/A,#N/A,#N/A,#N/A,#N/A,#N/A,#N/A,0,#N/A,#N/A,#N/A,#N/A,#N/A,#N/A,#N/A,0,#N/A,#N/A,#N/A,#N/A,#N/A,#N/A,#N/A,0,#N/A,#N/A,#N/A,#N/A,#N/A,#N/A,#N/A,0,,,,,,,,,,,,,,,,,,,,,,,,,,,,
43,163,AUTOR,18.2,Me,43,7,3,1,8,6,13,0,1,3,1,2,0,0,0,4,2,0,0,1,1,1,0,1,3,0,0,1,1,2,0,1,4,0,0,1,1,2,0,1,5,0,0,1,1,3,0,1,6,0,0,1,1,2,0,1,7,0,0,1,1,3,0,1,#N/A,#N/A,#N/A,#N/A,#N/A,#N/A,#N/A,0,#N/A,#N/A,#N/A,#N/A,#N/A,#N/A,#N/A,0,#N/A,#N/A,#N/A,#N/A,#N/A,#N/A,#N/A,0,#N/A,#N/A,#N/A,#N/A,#N/A,#N/A,#N/A,0,#N/A,#N/A,#N/A,#N/A,#N/A,#N/A,#N/A,0,#N/A,#N/A,#N/A,#N/A,#N/A,#N/A,#N/A,0,#N/A,#N/A,#N/A,#N/A,#N/A,#N/A,#N/A,0,#N/A,#N/A,#N/A,#N/A,#N/A,#N/A,#N/A,0,#N/A,#N/A,#N/A,#N/A,#N/A,#N/A,#N/A,0,#N/A,#N/A,#N/A,#N/A,#N/A,#N/A,#N/A,0,#N/A,#N/A,#N/A,#N/A,#N/A,#N/A,#N/A,0,#N/A,#N/A,#N/A,#N/A,#N/A,#N/A,#N/A,0,#N/A,#N/A,#N/A,#N/A,#N/A,#N/A,#N/A,0,#N/A,#N/A,#N/A,#N/A,#N/A,#N/A,#N/A,0,#N/A,#N/A,#N/A,#N/A,#N/A,#N/A,#N/A,0,#N/A,#N/A,#N/A,#N/A,#N/A,#N/A,#N/A,0,,,,,,,,,,,,,,,,,,,,,,,,,,,,
44,164,AUTOR,42.6,VLo,44,14,9,8,12,7,16,0,1,0,1,0,0,0,0,1,2,0,1,0,0,0,0,1,3,0,0,1,1,1,0,1,4,4,2,0,0,0,0,3,5,0,0,1,1,2,0,1,6,0,1,0,0,0,0,1,7,0,0,1,1,2,0,1,8,0,0,1,0,0,0,1,9,0,0,1,1,3,0,1,10,0,0,1,1,3,0,1,11,0,0,1,1,3,0,1,12,0,0,1,1,2,0,1,13,0,0,1,0,0,0,1,14,5,3,3,0,0,0,7,#N/A,#N/A,#N/A,#N/A,#N/A,#N/A,#N/A,0,#N/A,#N/A,#N/A,#N/A,#N/A,#N/A,#N/A,0,#N/A,#N/A,#N/A,#N/A,#N/A,#N/A,#N/A,0,#N/A,#N/A,#N/A,#N/A,#N/A,#N/A,#N/A,0,#N/A,#N/A,#N/A,#N/A,#N/A,#N/A,#N/A,0,#N/A,#N/A,#N/A,#N/A,#N/A,#N/A,#N/A,0,#N/A,#N/A,#N/A,#N/A,#N/A,#N/A,#N/A,0,#N/A,#N/A,#N/A,#N/A,#N/A,#N/A,#N/A,0,#N/A,#N/A,#N/A,#N/A,#N/A,#N/A,#N/A,0,,,,,,,,,,,,,,,,,,,,,,,,,,,,
45,165,AUTOR,34,Lo,45,13,1,3,11,7,21,0,1,0,1,0,0,0,0,1,2,0,0,1,0,0,0,1,3,0,0,1,0,0,0,1,4,1,1,0,0,0,0,2,5,0,1,0,0,0,0,1,6,0,0,1,1,2,0,1,7,0,0,1,1,2,0,1,8,0,0,1,1,3,0,1,9,0,0,1,1,3,0,1,10,0,0,1,1,3,0,1,11,0,0,1,1,4,0,1,12,0,0,1,1,4,0,1,13,0,0,2,0,0,0,2,#N/A,#N/A,#N/A,#N/A,#N/A,#N/A,#N/A,0,#N/A,#N/A,#N/A,#N/A,#N/A,#N/A,#N/A,0,#N/A,#N/A,#N/A,#N/A,#N/A,#N/A,#N/A,0,#N/A,#N/A,#N/A,#N/A,#N/A,#N/A,#N/A,0,#N/A,#N/A,#N/A,#N/A,#N/A,#N/A,#N/A,0,#N/A,#N/A,#N/A,#N/A,#N/A,#N/A,#N/A,0,#N/A,#N/A,#N/A,#N/A,#N/A,#N/A,#N/A,0,#N/A,#N/A,#N/A,#N/A,#N/A,#N/A,#N/A,0,#N/A,#N/A,#N/A,#N/A,#N/A,#N/A,#N/A,0,#N/A,#N/A,#N/A,#N/A,#N/A,#N/A,#N/A,0,,,,,,,,,,,,,,,,,,,,,,,,,,,,
46,166,AUTOR,43,VLo,46,18,17,7,13,0,0,1,1,0,0,1,0,0,0,1,2,0,0,1,0,0,0,1,3,0,0,0,0,0,1,1,4,0,0,1,0,0,0,1,5,0,0,1,0,0,0,1,6,3,0,2,0,0,0,3,7,0,1,0,0,0,0,1,8,0,0,1,0,0,0,1,9,0,0,1,0,0,0,1,10,0,0,1,0,0,0,1,11,4,2,1,0,0,0,4,12,0,1,0,0,0,0,1,13,0,0,1,0,0,0,1,14,0,1,0,0,0,0,1,15,2,1,0,0,0,0,2,16,0,0,1,0,0,0,1,17,0,0,1,0,0,0,1,18,8,1,0,0,0,0,2,#N/A,#N/A,#N/A,#N/A,#N/A,#N/A,#N/A,0,#N/A,#N/A,#N/A,#N/A,#N/A,#N/A,#N/A,0,#N/A,#N/A,#N/A,#N/A,#N/A,#N/A,#N/A,0,#N/A,#N/A,#N/A,#N/A,#N/A,#N/A,#N/A,0,#N/A,#N/A,#N/A,#N/A,#N/A,#N/A,#N/A,0,,,,,,,,,,,,,,,,,,,,,,,,,,,,
47,167,AUTOR,52,VLo,47,19,19,12,17,9,28,3,1,0,1,0,0,0,0,1,2,0,0,0,0,0,1,1,3,0,0,0,0,0,1,1,4,0,0,0,0,0,1,1,5,0,0,1,1,4,0,1,6,0,0,2,1,3,0,2,7,1,3,0,0,0,0,4,8,0,0,1,1,4,0,1,9,0,0,1,0,0,0,1,10,5,3,0,0,0,0,4,11,0,0,1,0,0,0,1,12,4,2,1,1,2,0,4,13,0,1,0,0,0,0,1,14,0,0,2,1,3,0,2,15,0,0,1,1,3,0,1,16,4,1,1,1,3,0,3,17,0,0,1,1,2,0,1,18,0,0,1,1,4,0,1,19,5,1,4,0,0,0,6,#N/A,#N/A,#N/A,#N/A,#N/A,#N/A,#N/A,0,#N/A,#N/A,#N/A,#N/A,#N/A,#N/A,#N/A,0,#N/A,#N/A,#N/A,#N/A,#N/A,#N/A,#N/A,0,#N/A,#N/A,#N/A,#N/A,#N/A,#N/A,#N/A,0,,,,,,,,,,,,,,,,,,,,,,,,,,,,
48,168,AUTOR,4.5,Sh,48,5,3,1,3,2,5,4,1,0,0,0,0,0,1,1,2,0,0,0,0,0,1,1,3,0,0,0,0,0,1,1,4,0,0,0,0,0,1,1,5,3,1,3,2,5,0,5,#N/A,#N/A,#N/A,#N/A,#N/A,#N/A,#N/A,0,#N/A,#N/A,#N/A,#N/A,#N/A,#N/A,#N/A,0,#N/A,#N/A,#N/A,#N/A,#N/A,#N/A,#N/A,0,#N/A,#N/A,#N/A,#N/A,#N/A,#N/A,#N/A,0,#N/A,#N/A,#N/A,#N/A,#N/A,#N/A,#N/A,0,#N/A,#N/A,#N/A,#N/A,#N/A,#N/A,#N/A,0,#N/A,#N/A,#N/A,#N/A,#N/A,#N/A,#N/A,0,#N/A,#N/A,#N/A,#N/A,#N/A,#N/A,#N/A,0,#N/A,#N/A,#N/A,#N/A,#N/A,#N/A,#N/A,0,#N/A,#N/A,#N/A,#N/A,#N/A,#N/A,#N/A,0,#N/A,#N/A,#N/A,#N/A,#N/A,#N/A,#N/A,0,#N/A,#N/A,#N/A,#N/A,#N/A,#N/A,#N/A,0,#N/A,#N/A,#N/A,#N/A,#N/A,#N/A,#N/A,0,#N/A,#N/A,#N/A,#N/A,#N/A,#N/A,#N/A,0,#N/A,#N/A,#N/A,#N/A,#N/A,#N/A,#N/A,0,#N/A,#N/A,#N/A,#N/A,#N/A,#N/A,#N/A,0,#N/A,#N/A,#N/A,#N/A,#N/A,#N/A,#N/A,0,#N/A,#N/A,#N/A,#N/A,#N/A,#N/A,#N/A,0,,,,,,,,,,,,,,,,,,,,,,,,,,,,
49,169,AUTOR,25,Lo,49,11,7,5,6,4,9,3,1,0,1,0,0,0,0,1,2,0,0,0,0,0,1,1,3,0,0,0,0,0,1,1,4,0,0,0,0,0,1,1,5,2,2,0,0,0,0,3,6,0,0,1,1,1,0,1,7,1,1,2,0,0,0,4,8,0,0,1,1,1,0,1,9,0,0,1,1,3,0,1,10,0,0,1,1,4,0,1,11,4,1,0,0,0,0,2,#N/A,#N/A,#N/A,#N/A,#N/A,#N/A,#N/A,0,#N/A,#N/A,#N/A,#N/A,#N/A,#N/A,#N/A,0,#N/A,#N/A,#N/A,#N/A,#N/A,#N/A,#N/A,0,#N/A,#N/A,#N/A,#N/A,#N/A,#N/A,#N/A,0,#N/A,#N/A,#N/A,#N/A,#N/A,#N/A,#N/A,0,#N/A,#N/A,#N/A,#N/A,#N/A,#N/A,#N/A,0,#N/A,#N/A,#N/A,#N/A,#N/A,#N/A,#N/A,0,#N/A,#N/A,#N/A,#N/A,#N/A,#N/A,#N/A,0,#N/A,#N/A,#N/A,#N/A,#N/A,#N/A,#N/A,0,#N/A,#N/A,#N/A,#N/A,#N/A,#N/A,#N/A,0,#N/A,#N/A,#N/A,#N/A,#N/A,#N/A,#N/A,0,#N/A,#N/A,#N/A,#N/A,#N/A,#N/A,#N/A,0,,,,,,,,,,,,,,,,,,,,,,,,,,,,
50,170,AUTOR,19,Me,50,7,7,2,4,3,9,3,1,0,0,0,0,0,1,1,2,0,0,0,0,0,1,1,3,0,0,0,0,0,1,1,4,0,1,0,0,0,0,1,5,3,0,2,1,3,0,3,6,0,0,1,1,4,0,1,7,4,1,1,1,2,0,3,#N/A,#N/A,#N/A,#N/A,#N/A,#N/A,#N/A,0,#N/A,#N/A,#N/A,#N/A,#N/A,#N/A,#N/A,0,#N/A,#N/A,#N/A,#N/A,#N/A,#N/A,#N/A,0,#N/A,#N/A,#N/A,#N/A,#N/A,#N/A,#N/A,0,#N/A,#N/A,#N/A,#N/A,#N/A,#N/A,#N/A,0,#N/A,#N/A,#N/A,#N/A,#N/A,#N/A,#N/A,0,#N/A,#N/A,#N/A,#N/A,#N/A,#N/A,#N/A,0,#N/A,#N/A,#N/A,#N/A,#N/A,#N/A,#N/A,0,#N/A,#N/A,#N/A,#N/A,#N/A,#N/A,#N/A,0,#N/A,#N/A,#N/A,#N/A,#N/A,#N/A,#N/A,0,#N/A,#N/A,#N/A,#N/A,#N/A,#N/A,#N/A,0,#N/A,#N/A,#N/A,#N/A,#N/A,#N/A,#N/A,0,#N/A,#N/A,#N/A,#N/A,#N/A,#N/A,#N/A,0,#N/A,#N/A,#N/A,#N/A,#N/A,#N/A,#N/A,0,#N/A,#N/A,#N/A,#N/A,#N/A,#N/A,#N/A,0,#N/A,#N/A,#N/A,#N/A,#N/A,#N/A,#N/A,0,,,,,,,,,,,,,,,,,,,,,,,,,,,,
51,171,AUTOR,4.5,Sh,51,3,2,1,0,0,0,2,1,0,0,0,0,0,1,1,2,0,0,0,0,0,1,1,3,2,1,0,0,0,0,2,#N/A,#N/A,#N/A,#N/A,#N/A,#N/A,#N/A,0,#N/A,#N/A,#N/A,#N/A,#N/A,#N/A,#N/A,0,#N/A,#N/A,#N/A,#N/A,#N/A,#N/A,#N/A,0,#N/A,#N/A,#N/A,#N/A,#N/A,#N/A,#N/A,0,#N/A,#N/A,#N/A,#N/A,#N/A,#N/A,#N/A,0,#N/A,#N/A,#N/A,#N/A,#N/A,#N/A,#N/A,0,#N/A,#N/A,#N/A,#N/A,#N/A,#N/A,#N/A,0,#N/A,#N/A,#N/A,#N/A,#N/A,#N/A,#N/A,0,#N/A,#N/A,#N/A,#N/A,#N/A,#N/A,#N/A,0,#N/A,#N/A,#N/A,#N/A,#N/A,#N/A,#N/A,0,#N/A,#N/A,#N/A,#N/A,#N/A,#N/A,#N/A,0,#N/A,#N/A,#N/A,#N/A,#N/A,#N/A,#N/A,0,#N/A,#N/A,#N/A,#N/A,#N/A,#N/A,#N/A,0,#N/A,#N/A,#N/A,#N/A,#N/A,#N/A,#N/A,0,#N/A,#N/A,#N/A,#N/A,#N/A,#N/A,#N/A,0,#N/A,#N/A,#N/A,#N/A,#N/A,#N/A,#N/A,0,#N/A,#N/A,#N/A,#N/A,#N/A,#N/A,#N/A,0,#N/A,#N/A,#N/A,#N/A,#N/A,#N/A,#N/A,0,#N/A,#N/A,#N/A,#N/A,#N/A,#N/A,#N/A,0,#N/A,#N/A,#N/A,#N/A,#N/A,#N/A,#N/A,0,,,,,,,,,,,,,,,,,,,,,,,,,,,,
52,172,AUTOR,2,Sh,52,2,0,1,1,0,0,0,1,0,1,0,0,0,0,1,2,0,0,1,0,0,0,1,#N/A,#N/A,#N/A,#N/A,#N/A,#N/A,#N/A,0,#N/A,#N/A,#N/A,#N/A,#N/A,#N/A,#N/A,0,#N/A,#N/A,#N/A,#N/A,#N/A,#N/A,#N/A,0,#N/A,#N/A,#N/A,#N/A,#N/A,#N/A,#N/A,0,#N/A,#N/A,#N/A,#N/A,#N/A,#N/A,#N/A,0,#N/A,#N/A,#N/A,#N/A,#N/A,#N/A,#N/A,0,#N/A,#N/A,#N/A,#N/A,#N/A,#N/A,#N/A,0,#N/A,#N/A,#N/A,#N/A,#N/A,#N/A,#N/A,0,#N/A,#N/A,#N/A,#N/A,#N/A,#N/A,#N/A,0,#N/A,#N/A,#N/A,#N/A,#N/A,#N/A,#N/A,0,#N/A,#N/A,#N/A,#N/A,#N/A,#N/A,#N/A,0,#N/A,#N/A,#N/A,#N/A,#N/A,#N/A,#N/A,0,#N/A,#N/A,#N/A,#N/A,#N/A,#N/A,#N/A,0,#N/A,#N/A,#N/A,#N/A,#N/A,#N/A,#N/A,0,#N/A,#N/A,#N/A,#N/A,#N/A,#N/A,#N/A,0,#N/A,#N/A,#N/A,#N/A,#N/A,#N/A,#N/A,0,#N/A,#N/A,#N/A,#N/A,#N/A,#N/A,#N/A,0,#N/A,#N/A,#N/A,#N/A,#N/A,#N/A,#N/A,0,#N/A,#N/A,#N/A,#N/A,#N/A,#N/A,#N/A,0,#N/A,#N/A,#N/A,#N/A,#N/A,#N/A,#N/A,0,#N/A,#N/A,#N/A,#N/A,#N/A,#N/A,#N/A,0,,,,,,,,,,,,,,,,,,,,,,,,,,,,
53,173,AUTOR,54,VLo,53,15,6,0,11,10,36,4,1,0,0,0,0,0,1,1,2,0,0,0,0,0,1,1,3,0,0,0,0,0,1,1,4,0,0,0,0,0,1,1,5,0,0,1,0,0,0,1,6,6,0,1,1,1,0,2,7,0,0,1,1,3,0,1,8,0,0,1,1,4,0,1,9,0,0,1,1,3,0,1,10,0,0,1,1,3,0,1,11,0,0,1,1,4,0,1,12,0,0,1,1,5,0,1,13,0,0,1,1,4,0,1,14,0,0,1,1,5,0,1,15,0,0,1,1,4,0,1,#N/A,#N/A,#N/A,#N/A,#N/A,#N/A,#N/A,0,#N/A,#N/A,#N/A,#N/A,#N/A,#N/A,#N/A,0,#N/A,#N/A,#N/A,#N/A,#N/A,#N/A,#N/A,0,#N/A,#N/A,#N/A,#N/A,#N/A,#N/A,#N/A,0,#N/A,#N/A,#N/A,#N/A,#N/A,#N/A,#N/A,0,#N/A,#N/A,#N/A,#N/A,#N/A,#N/A,#N/A,0,#N/A,#N/A,#N/A,#N/A,#N/A,#N/A,#N/A,0,#N/A,#N/A,#N/A,#N/A,#N/A,#N/A,#N/A,0,,,,,,,,,,,,,,,,,,,,,,,,,,,,
54,174,AUTOR,8.5,Me,54,7,6,4,6,2,6,2,1,0,1,0,0,0,0,1,2,0,0,0,0,0,1,1,3,0,0,1,1,3,0,1,4,0,0,0,0,0,1,1,5,3,2,2,1,3,0,5,6,3,0,3,0,0,0,4,7,0,1,0,0,0,0,1,#N/A,#N/A,#N/A,#N/A,#N/A,#N/A,#N/A,0,#N/A,#N/A,#N/A,#N/A,#N/A,#N/A,#N/A,0,#N/A,#N/A,#N/A,#N/A,#N/A,#N/A,#N/A,0,#N/A,#N/A,#N/A,#N/A,#N/A,#N/A,#N/A,0,#N/A,#N/A,#N/A,#N/A,#N/A,#N/A,#N/A,0,#N/A,#N/A,#N/A,#N/A,#N/A,#N/A,#N/A,0,#N/A,#N/A,#N/A,#N/A,#N/A,#N/A,#N/A,0,#N/A,#N/A,#N/A,#N/A,#N/A,#N/A,#N/A,0,#N/A,#N/A,#N/A,#N/A,#N/A,#N/A,#N/A,0,#N/A,#N/A,#N/A,#N/A,#N/A,#N/A,#N/A,0,#N/A,#N/A,#N/A,#N/A,#N/A,#N/A,#N/A,0,#N/A,#N/A,#N/A,#N/A,#N/A,#N/A,#N/A,0,#N/A,#N/A,#N/A,#N/A,#N/A,#N/A,#N/A,0,#N/A,#N/A,#N/A,#N/A,#N/A,#N/A,#N/A,0,#N/A,#N/A,#N/A,#N/A,#N/A,#N/A,#N/A,0,#N/A,#N/A,#N/A,#N/A,#N/A,#N/A,#N/A,0,,,,,,,,,,,,,,,,,,,,,,,,,,,,
55,175,AUTOR,6,Me,55,5,0,3,2,1,3,0,1,0,1,0,0,0,0,1,2,0,1,0,0,0,0,1,3,0,1,0,0,0,0,1,4,0,0,1,1,3,0,1,5,0,0,1,0,0,0,1,#N/A,#N/A,#N/A,#N/A,#N/A,#N/A,#N/A,0,#N/A,#N/A,#N/A,#N/A,#N/A,#N/A,#N/A,0,#N/A,#N/A,#N/A,#N/A,#N/A,#N/A,#N/A,0,#N/A,#N/A,#N/A,#N/A,#N/A,#N/A,#N/A,0,#N/A,#N/A,#N/A,#N/A,#N/A,#N/A,#N/A,0,#N/A,#N/A,#N/A,#N/A,#N/A,#N/A,#N/A,0,#N/A,#N/A,#N/A,#N/A,#N/A,#N/A,#N/A,0,#N/A,#N/A,#N/A,#N/A,#N/A,#N/A,#N/A,0,#N/A,#N/A,#N/A,#N/A,#N/A,#N/A,#N/A,0,#N/A,#N/A,#N/A,#N/A,#N/A,#N/A,#N/A,0,#N/A,#N/A,#N/A,#N/A,#N/A,#N/A,#N/A,0,#N/A,#N/A,#N/A,#N/A,#N/A,#N/A,#N/A,0,#N/A,#N/A,#N/A,#N/A,#N/A,#N/A,#N/A,0,#N/A,#N/A,#N/A,#N/A,#N/A,#N/A,#N/A,0,#N/A,#N/A,#N/A,#N/A,#N/A,#N/A,#N/A,0,#N/A,#N/A,#N/A,#N/A,#N/A,#N/A,#N/A,0,#N/A,#N/A,#N/A,#N/A,#N/A,#N/A,#N/A,0,#N/A,#N/A,#N/A,#N/A,#N/A,#N/A,#N/A,0,,,,,,,,,,,,,,,,,,,,,,,,,,,,
56,176,AUTOR,10.2,Me,56,8,6,5,6,2,5,2,1,0,0,0,0,0,1,1,2,0,1,0,0,0,0,1,3,0,0,0,0,0,1,1,4,0,1,1,1,2,0,2,5,3,2,1,1,3,0,4,6,3,0,2,0,0,0,3,7,0,0,2,0,0,0,2,8,0,1,0,0,0,0,1,#N/A,#N/A,#N/A,#N/A,#N/A,#N/A,#N/A,0,#N/A,#N/A,#N/A,#N/A,#N/A,#N/A,#N/A,0,#N/A,#N/A,#N/A,#N/A,#N/A,#N/A,#N/A,0,#N/A,#N/A,#N/A,#N/A,#N/A,#N/A,#N/A,0,#N/A,#N/A,#N/A,#N/A,#N/A,#N/A,#N/A,0,#N/A,#N/A,#N/A,#N/A,#N/A,#N/A,#N/A,0,#N/A,#N/A,#N/A,#N/A,#N/A,#N/A,#N/A,0,#N/A,#N/A,#N/A,#N/A,#N/A,#N/A,#N/A,0,#N/A,#N/A,#N/A,#N/A,#N/A,#N/A,#N/A,0,#N/A,#N/A,#N/A,#N/A,#N/A,#N/A,#N/A,0,#N/A,#N/A,#N/A,#N/A,#N/A,#N/A,#N/A,0,#N/A,#N/A,#N/A,#N/A,#N/A,#N/A,#N/A,0,#N/A,#N/A,#N/A,#N/A,#N/A,#N/A,#N/A,0,#N/A,#N/A,#N/A,#N/A,#N/A,#N/A,#N/A,0,#N/A,#N/A,#N/A,#N/A,#N/A,#N/A,#N/A,0,,,,,,,,,,,,,,,,,,,,,,,,,,,,
57,177,AUTOR,12,Me,57,6,4,2,6,2,6,3,1,0,0,0,0,0,1,1,2,0,0,0,0,0,1,1,3,0,0,0,0,0,1,1,4,0,0,1,0,0,0,1,5,3,2,3,1,2,0,6,6,1,0,2,1,4,0,3,#N/A,#N/A,#N/A,#N/A,#N/A,#N/A,#N/A,0,#N/A,#N/A,#N/A,#N/A,#N/A,#N/A,#N/A,0,#N/A,#N/A,#N/A,#N/A,#N/A,#N/A,#N/A,0,#N/A,#N/A,#N/A,#N/A,#N/A,#N/A,#N/A,0,#N/A,#N/A,#N/A,#N/A,#N/A,#N/A,#N/A,0,#N/A,#N/A,#N/A,#N/A,#N/A,#N/A,#N/A,0,#N/A,#N/A,#N/A,#N/A,#N/A,#N/A,#N/A,0,#N/A,#N/A,#N/A,#N/A,#N/A,#N/A,#N/A,0,#N/A,#N/A,#N/A,#N/A,#N/A,#N/A,#N/A,0,#N/A,#N/A,#N/A,#N/A,#N/A,#N/A,#N/A,0,#N/A,#N/A,#N/A,#N/A,#N/A,#N/A,#N/A,0,#N/A,#N/A,#N/A,#N/A,#N/A,#N/A,#N/A,0,#N/A,#N/A,#N/A,#N/A,#N/A,#N/A,#N/A,0,#N/A,#N/A,#N/A,#N/A,#N/A,#N/A,#N/A,0,#N/A,#N/A,#N/A,#N/A,#N/A,#N/A,#N/A,0,#N/A,#N/A,#N/A,#N/A,#N/A,#N/A,#N/A,0,#N/A,#N/A,#N/A,#N/A,#N/A,#N/A,#N/A,0,,,,,,,,,,,,,,,,,,,,,,,,,,,,
58,178,AUTOR,2,Sh,58,3,2,1,1,1,1,1,1,0,0,0,0,0,1,1,2,2,0,1,1,1,0,2,3,0,1,0,0,0,0,1,#N/A,#N/A,#N/A,#N/A,#N/A,#N/A,#N/A,0,#N/A,#N/A,#N/A,#N/A,#N/A,#N/A,#N/A,0,#N/A,#N/A,#N/A,#N/A,#N/A,#N/A,#N/A,0,#N/A,#N/A,#N/A,#N/A,#N/A,#N/A,#N/A,0,#N/A,#N/A,#N/A,#N/A,#N/A,#N/A,#N/A,0,#N/A,#N/A,#N/A,#N/A,#N/A,#N/A,#N/A,0,#N/A,#N/A,#N/A,#N/A,#N/A,#N/A,#N/A,0,#N/A,#N/A,#N/A,#N/A,#N/A,#N/A,#N/A,0,#N/A,#N/A,#N/A,#N/A,#N/A,#N/A,#N/A,0,#N/A,#N/A,#N/A,#N/A,#N/A,#N/A,#N/A,0,#N/A,#N/A,#N/A,#N/A,#N/A,#N/A,#N/A,0,#N/A,#N/A,#N/A,#N/A,#N/A,#N/A,#N/A,0,#N/A,#N/A,#N/A,#N/A,#N/A,#N/A,#N/A,0,#N/A,#N/A,#N/A,#N/A,#N/A,#N/A,#N/A,0,#N/A,#N/A,#N/A,#N/A,#N/A,#N/A,#N/A,0,#N/A,#N/A,#N/A,#N/A,#N/A,#N/A,#N/A,0,#N/A,#N/A,#N/A,#N/A,#N/A,#N/A,#N/A,0,#N/A,#N/A,#N/A,#N/A,#N/A,#N/A,#N/A,0,#N/A,#N/A,#N/A,#N/A,#N/A,#N/A,#N/A,0,#N/A,#N/A,#N/A,#N/A,#N/A,#N/A,#N/A,0,,,,,,,,,,,,,,,,,,,,,,,,,,,,
59,179,AUTOR,54,VLo,59,22,7,12,11,6,14,5,1,0,0,0,0,0,1,1,2,0,0,0,0,0,1,1,3,0,0,0,0,0,1,1,4,0,0,0,0,0,1,1,5,0,0,0,0,0,1,1,6,3,0,2,0,0,0,3,7,0,0,2,2,3,0,2,8,0,1,0,0,0,0,1,9,0,0,1,0,0,0,1,10,0,0,1,1,5,0,1,11,0,0,1,1,3,0,1,12,0,1,1,1,2,0,2,13,0,0,1,0,0,0,1,14,0,1,1,1,1,0,2,15,0,2,0,0,0,0,2,16,0,1,0,0,0,0,1,17,0,0,1,0,0,0,1,18,0,1,0,0,0,0,1,19,0,1,0,0,0,0,1,20,4,2,0,0,0,0,3,21,0,1,0,0,0,0,1,22,0,1,0,0,0,0,1,#N/A,#N/A,#N/A,#N/A,#N/A,#N/A,#N/A,0,,,,,,,,,,,,,,,,,,,,,,,,,,,,
60,180,AUTOR,3,Sh,60,3,4,3,0,0,0,1,1,0,0,0,0,0,1,1,2,0,1,0,0,0,0,1,3,4,2,0,0,0,0,3,#N/A,#N/A,#N/A,#N/A,#N/A,#N/A,#N/A,0,#N/A,#N/A,#N/A,#N/A,#N/A,#N/A,#N/A,0,#N/A,#N/A,#N/A,#N/A,#N/A,#N/A,#N/A,0,#N/A,#N/A,#N/A,#N/A,#N/A,#N/A,#N/A,0,#N/A,#N/A,#N/A,#N/A,#N/A,#N/A,#N/A,0,#N/A,#N/A,#N/A,#N/A,#N/A,#N/A,#N/A,0,#N/A,#N/A,#N/A,#N/A,#N/A,#N/A,#N/A,0,#N/A,#N/A,#N/A,#N/A,#N/A,#N/A,#N/A,0,#N/A,#N/A,#N/A,#N/A,#N/A,#N/A,#N/A,0,#N/A,#N/A,#N/A,#N/A,#N/A,#N/A,#N/A,0,#N/A,#N/A,#N/A,#N/A,#N/A,#N/A,#N/A,0,#N/A,#N/A,#N/A,#N/A,#N/A,#N/A,#N/A,0,#N/A,#N/A,#N/A,#N/A,#N/A,#N/A,#N/A,0,#N/A,#N/A,#N/A,#N/A,#N/A,#N/A,#N/A,0,#N/A,#N/A,#N/A,#N/A,#N/A,#N/A,#N/A,0,#N/A,#N/A,#N/A,#N/A,#N/A,#N/A,#N/A,0,#N/A,#N/A,#N/A,#N/A,#N/A,#N/A,#N/A,0,#N/A,#N/A,#N/A,#N/A,#N/A,#N/A,#N/A,0,#N/A,#N/A,#N/A,#N/A,#N/A,#N/A,#N/A,0,#N/A,#N/A,#N/A,#N/A,#N/A,#N/A,#N/A,0,,,,,,,,,,,,,,,,,,,,,,,,,,,,
61,181,AUTOR,46,VLo,61,20,0,17,8,4,18,0,1,0,1,0,0,0,0,1,2,0,1,0,0,0,0,1,3,0,1,0,0,0,0,1,4,0,1,0,0,0,0,1,5,0,1,0,0,0,0,1,6,0,1,0,0,0,0,1,7,0,1,0,0,0,0,1,8,0,1,0,0,0,0,1,9,0,1,1,1,4,0,2,10,0,1,0,0,0,0,1,11,0,1,1,1,5,0,2,12,0,0,1,0,0,0,1,13,0,1,1,1,5,0,2,14,0,0,1,0,0,0,1,15,0,1,1,1,4,0,2,16,0,0,1,0,0,0,1,17,0,1,0,0,0,0,1,18,0,0,1,0,0,0,1,19,0,1,0,0,0,0,1,20,0,2,0,0,0,0,2,#N/A,#N/A,#N/A,#N/A,#N/A,#N/A,#N/A,0,#N/A,#N/A,#N/A,#N/A,#N/A,#N/A,#N/A,0,#N/A,#N/A,#N/A,#N/A,#N/A,#N/A,#N/A,0,,,,,,,,,,,,,,,,,,,,,,,,,,,,
62,182,AUTOR,9,Me,62,8,2,3,4,1,6,1,1,0,0,1,0,0,0,1,2,0,1,0,0,0,0,1,3,0,0,0,0,0,1,1,4,0,0,1,1,6,0,1,5,2,1,0,0,0,0,2,6,0,0,1,0,0,0,1,7,0,0,1,0,0,0,1,8,0,1,0,0,0,0,1,#N/A,#N/A,#N/A,#N/A,#N/A,#N/A,#N/A,0,#N/A,#N/A,#N/A,#N/A,#N/A,#N/A,#N/A,0,#N/A,#N/A,#N/A,#N/A,#N/A,#N/A,#N/A,0,#N/A,#N/A,#N/A,#N/A,#N/A,#N/A,#N/A,0,#N/A,#N/A,#N/A,#N/A,#N/A,#N/A,#N/A,0,#N/A,#N/A,#N/A,#N/A,#N/A,#N/A,#N/A,0,#N/A,#N/A,#N/A,#N/A,#N/A,#N/A,#N/A,0,#N/A,#N/A,#N/A,#N/A,#N/A,#N/A,#N/A,0,#N/A,#N/A,#N/A,#N/A,#N/A,#N/A,#N/A,0,#N/A,#N/A,#N/A,#N/A,#N/A,#N/A,#N/A,0,#N/A,#N/A,#N/A,#N/A,#N/A,#N/A,#N/A,0,#N/A,#N/A,#N/A,#N/A,#N/A,#N/A,#N/A,0,#N/A,#N/A,#N/A,#N/A,#N/A,#N/A,#N/A,0,#N/A,#N/A,#N/A,#N/A,#N/A,#N/A,#N/A,0,#N/A,#N/A,#N/A,#N/A,#N/A,#N/A,#N/A,0,,,,,,,,,,,,,,,,,,,,,,,,,,,,
63,183,AUTOR,4.8,Sh,63,3,5,1,3,2,3,0,1,1,0,0,0,0,0,1,2,0,1,0,0,0,0,1,3,4,0,3,2,3,0,4,#N/A,#N/A,#N/A,#N/A,#N/A,#N/A,#N/A,0,#N/A,#N/A,#N/A,#N/A,#N/A,#N/A,#N/A,0,#N/A,#N/A,#N/A,#N/A,#N/A,#N/A,#N/A,0,#N/A,#N/A,#N/A,#N/A,#N/A,#N/A,#N/A,0,#N/A,#N/A,#N/A,#N/A,#N/A,#N/A,#N/A,0,#N/A,#N/A,#N/A,#N/A,#N/A,#N/A,#N/A,0,#N/A,#N/A,#N/A,#N/A,#N/A,#N/A,#N/A,0,#N/A,#N/A,#N/A,#N/A,#N/A,#N/A,#N/A,0,#N/A,#N/A,#N/A,#N/A,#N/A,#N/A,#N/A,0,#N/A,#N/A,#N/A,#N/A,#N/A,#N/A,#N/A,0,#N/A,#N/A,#N/A,#N/A,#N/A,#N/A,#N/A,0,#N/A,#N/A,#N/A,#N/A,#N/A,#N/A,#N/A,0,#N/A,#N/A,#N/A,#N/A,#N/A,#N/A,#N/A,0,#N/A,#N/A,#N/A,#N/A,#N/A,#N/A,#N/A,0,#N/A,#N/A,#N/A,#N/A,#N/A,#N/A,#N/A,0,#N/A,#N/A,#N/A,#N/A,#N/A,#N/A,#N/A,0,#N/A,#N/A,#N/A,#N/A,#N/A,#N/A,#N/A,0,#N/A,#N/A,#N/A,#N/A,#N/A,#N/A,#N/A,0,#N/A,#N/A,#N/A,#N/A,#N/A,#N/A,#N/A,0,#N/A,#N/A,#N/A,#N/A,#N/A,#N/A,#N/A,0,,,,,,,,,,,,,,,,,,,,,,,,,,,,
64,184,AUTOR,28,Lo,64,16,14,11,7,3,5,3,1,0,1,0,0,0,0,1,2,0,0,0,0,0,1,1,3,0,0,0,0,0,1,1,4,0,1,0,0,0,0,1,5,2,3,0,0,0,0,4,6,2,0,3,1,1,0,4,7,3,3,0,0,0,0,4,8,3,1,0,0,0,0,2,9,0,0,1,1,2,0,1,10,0,0,0,0,0,1,1,11,0,0,1,1,2,0,1,12,0,0,1,0,0,0,1,13,0,0,1,0,0,0,1,14,0,1,0,0,0,0,1,15,0,1,0,0,0,0,1,16,4,0,0,0,0,0,1,#N/A,#N/A,#N/A,#N/A,#N/A,#N/A,#N/A,0,#N/A,#N/A,#N/A,#N/A,#N/A,#N/A,#N/A,0,#N/A,#N/A,#N/A,#N/A,#N/A,#N/A,#N/A,0,#N/A,#N/A,#N/A,#N/A,#N/A,#N/A,#N/A,0,#N/A,#N/A,#N/A,#N/A,#N/A,#N/A,#N/A,0,#N/A,#N/A,#N/A,#N/A,#N/A,#N/A,#N/A,0,#N/A,#N/A,#N/A,#N/A,#N/A,#N/A,#N/A,0,,,,,,,,,,,,,,,,,,,,,,,,,,,,
65,185,AUTOR,10,Me,65,6,8,0,9,0,0,3,1,0,0,1,0,0,0,1,2,0,0,0,0,0,1,1,3,0,0,0,0,0,1,1,4,0,0,0,0,0,1,1,5,4,0,3,0,0,0,4,6,4,0,5,0,0,0,6,#N/A,#N/A,#N/A,#N/A,#N/A,#N/A,#N/A,0,#N/A,#N/A,#N/A,#N/A,#N/A,#N/A,#N/A,0,#N/A,#N/A,#N/A,#N/A,#N/A,#N/A,#N/A,0,#N/A,#N/A,#N/A,#N/A,#N/A,#N/A,#N/A,0,#N/A,#N/A,#N/A,#N/A,#N/A,#N/A,#N/A,0,#N/A,#N/A,#N/A,#N/A,#N/A,#N/A,#N/A,0,#N/A,#N/A,#N/A,#N/A,#N/A,#N/A,#N/A,0,#N/A,#N/A,#N/A,#N/A,#N/A,#N/A,#N/A,0,#N/A,#N/A,#N/A,#N/A,#N/A,#N/A,#N/A,0,#N/A,#N/A,#N/A,#N/A,#N/A,#N/A,#N/A,0,#N/A,#N/A,#N/A,#N/A,#N/A,#N/A,#N/A,0,#N/A,#N/A,#N/A,#N/A,#N/A,#N/A,#N/A,0,#N/A,#N/A,#N/A,#N/A,#N/A,#N/A,#N/A,0,#N/A,#N/A,#N/A,#N/A,#N/A,#N/A,#N/A,0,#N/A,#N/A,#N/A,#N/A,#N/A,#N/A,#N/A,0,#N/A,#N/A,#N/A,#N/A,#N/A,#N/A,#N/A,0,#N/A,#N/A,#N/A,#N/A,#N/A,#N/A,#N/A,0,,,,,,,,,,,,,,,,,,,,,,,,,,,,
66,186,AUTOR,58,VLo,66,19,1,6,12,10,41,5,1,0,1,0,0,0,0,1,2,0,1,0,0,0,0,1,3,0,0,0,0,0,1,1,4,0,0,0,0,0,1,1,5,0,0,0,0,0,1,1,6,0,0,0,0,0,1,1,7,1,2,2,0,0,0,5,8,0,0,1,1,2,0,1,9,0,0,1,1,4,0,1,10,0,0,0,0,0,1,1,11,0,0,1,1,5,0,1,12,0,0,1,1,5,0,1,13,0,0,1,1,4,0,1,14,0,0,1,1,4,0,1,15,0,0,1,1,4,0,1,16,0,0,1,1,3,0,1,17,0,0,1,1,5,0,1,18,0,0,1,1,5,0,1,19,0,2,0,0,0,0,2,#N/A,#N/A,#N/A,#N/A,#N/A,#N/A,#N/A,0,#N/A,#N/A,#N/A,#N/A,#N/A,#N/A,#N/A,0,#N/A,#N/A,#N/A,#N/A,#N/A,#N/A,#N/A,0,#N/A,#N/A,#N/A,#N/A,#N/A,#N/A,#N/A,0,,,,,,,,,,,,,,,,,,,,,,,,,,,,
67,187,AUTOR,26.5,Lo,67,12,10,7,8,6,19,2,1,0,1,0,0,0,0,1,2,0,0,0,0,0,1,1,3,0,0,0,0,0,1,1,4,2,3,0,0,0,0,4,5,4,1,2,1,3,0,4,6,0,0,1,1,3,0,1,7,0,0,1,1,2,0,1,8,0,0,1,1,5,0,1,9,0,0,1,1,3,0,1,10,0,0,1,1,3,0,1,11,4,2,0,0,0,0,3,12,0,0,1,0,0,0,1,#N/A,#N/A,#N/A,#N/A,#N/A,#N/A,#N/A,0,#N/A,#N/A,#N/A,#N/A,#N/A,#N/A,#N/A,0,#N/A,#N/A,#N/A,#N/A,#N/A,#N/A,#N/A,0,#N/A,#N/A,#N/A,#N/A,#N/A,#N/A,#N/A,0,#N/A,#N/A,#N/A,#N/A,#N/A,#N/A,#N/A,0,#N/A,#N/A,#N/A,#N/A,#N/A,#N/A,#N/A,0,#N/A,#N/A,#N/A,#N/A,#N/A,#N/A,#N/A,0,#N/A,#N/A,#N/A,#N/A,#N/A,#N/A,#N/A,0,#N/A,#N/A,#N/A,#N/A,#N/A,#N/A,#N/A,0,#N/A,#N/A,#N/A,#N/A,#N/A,#N/A,#N/A,0,#N/A,#N/A,#N/A,#N/A,#N/A,#N/A,#N/A,0,,,,,,,,,,,,,,,,,,,,,,,,,,,,
68,188,AUTOR,26.5,Lo,68,13,9,6,7,4,13,3,1,0,0,0,0,0,1,1,2,0,0,0,0,0,1,1,3,0,0,0,0,0,1,1,4,0,1,0,0,0,0,1,5,3,2,1,0,0,0,4,6,4,0,3,2,6,0,4,7,0,1,0,0,0,0,1,8,0,0,1,1,4,0,1,9,0,0,1,1,3,0,1,10,0,0,1,0,0,0,1,11,2,0,0,0,0,0,1,12,0,1,0,0,0,0,1,13,0,1,0,0,0,0,1,#N/A,#N/A,#N/A,#N/A,#N/A,#N/A,#N/A,0,#N/A,#N/A,#N/A,#N/A,#N/A,#N/A,#N/A,0,#N/A,#N/A,#N/A,#N/A,#N/A,#N/A,#N/A,0,#N/A,#N/A,#N/A,#N/A,#N/A,#N/A,#N/A,0,#N/A,#N/A,#N/A,#N/A,#N/A,#N/A,#N/A,0,#N/A,#N/A,#N/A,#N/A,#N/A,#N/A,#N/A,0,#N/A,#N/A,#N/A,#N/A,#N/A,#N/A,#N/A,0,#N/A,#N/A,#N/A,#N/A,#N/A,#N/A,#N/A,0,#N/A,#N/A,#N/A,#N/A,#N/A,#N/A,#N/A,0,#N/A,#N/A,#N/A,#N/A,#N/A,#N/A,#N/A,0,,,,,,,,,,,,,,,,,,,,,,,,,,,,
69,189,AUTOR,6.5,Me,69,4,3,2,4,1,1,1,1,0,0,0,0,0,1,1,2,0,0,1,0,0,0,1,3,2,1,2,0,0,0,4,4,1,1,1,1,1,0,3,#N/A,#N/A,#N/A,#N/A,#N/A,#N/A,#N/A,0,#N/A,#N/A,#N/A,#N/A,#N/A,#N/A,#N/A,0,#N/A,#N/A,#N/A,#N/A,#N/A,#N/A,#N/A,0,#N/A,#N/A,#N/A,#N/A,#N/A,#N/A,#N/A,0,#N/A,#N/A,#N/A,#N/A,#N/A,#N/A,#N/A,0,#N/A,#N/A,#N/A,#N/A,#N/A,#N/A,#N/A,0,#N/A,#N/A,#N/A,#N/A,#N/A,#N/A,#N/A,0,#N/A,#N/A,#N/A,#N/A,#N/A,#N/A,#N/A,0,#N/A,#N/A,#N/A,#N/A,#N/A,#N/A,#N/A,0,#N/A,#N/A,#N/A,#N/A,#N/A,#N/A,#N/A,0,#N/A,#N/A,#N/A,#N/A,#N/A,#N/A,#N/A,0,#N/A,#N/A,#N/A,#N/A,#N/A,#N/A,#N/A,0,#N/A,#N/A,#N/A,#N/A,#N/A,#N/A,#N/A,0,#N/A,#N/A,#N/A,#N/A,#N/A,#N/A,#N/A,0,#N/A,#N/A,#N/A,#N/A,#N/A,#N/A,#N/A,0,#N/A,#N/A,#N/A,#N/A,#N/A,#N/A,#N/A,0,#N/A,#N/A,#N/A,#N/A,#N/A,#N/A,#N/A,0,#N/A,#N/A,#N/A,#N/A,#N/A,#N/A,#N/A,0,#N/A,#N/A,#N/A,#N/A,#N/A,#N/A,#N/A,0,,,,,,,,,,,,,,,,,,,,,,,,,,,,
70,190,AUTOR,42,VLo,70,16,18,15,8,6,19,3,1,0,1,0,0,0,0,1,2,0,0,0,0,0,1,1,3,0,0,0,0,0,1,1,4,0,0,0,0,0,1,1,5,0,1,0,0,0,0,1,6,5,4,0,0,0,0,5,7,4,3,1,1,3,0,5,8,4,2,2,1,2,0,5,9,0,1,0,0,0,0,1,10,0,0,1,1,4,0,1,11,5,2,0,0,0,0,3,12,0,1,0,0,0,0,1,13,0,0,1,0,0,0,1,14,0,0,1,1,4,0,1,15,0,0,1,1,4,0,1,16,0,0,1,1,2,0,1,#N/A,#N/A,#N/A,#N/A,#N/A,#N/A,#N/A,0,#N/A,#N/A,#N/A,#N/A,#N/A,#N/A,#N/A,0,#N/A,#N/A,#N/A,#N/A,#N/A,#N/A,#N/A,0,#N/A,#N/A,#N/A,#N/A,#N/A,#N/A,#N/A,0,#N/A,#N/A,#N/A,#N/A,#N/A,#N/A,#N/A,0,#N/A,#N/A,#N/A,#N/A,#N/A,#N/A,#N/A,0,#N/A,#N/A,#N/A,#N/A,#N/A,#N/A,#N/A,0,,,,,,,,,,,,,,,,,,,,,,,,,,,,
71,191,AUTOR,5,Sh,71,5,5,3,5,1,4,0,1,0,1,0,0,0,0,1,2,0,0,1,0,0,0,1,3,1,1,0,0,0,0,2,4,1,1,1,0,0,0,3,5,3,0,3,1,4,0,4,#N/A,#N/A,#N/A,#N/A,#N/A,#N/A,#N/A,0,#N/A,#N/A,#N/A,#N/A,#N/A,#N/A,#N/A,0,#N/A,#N/A,#N/A,#N/A,#N/A,#N/A,#N/A,0,#N/A,#N/A,#N/A,#N/A,#N/A,#N/A,#N/A,0,#N/A,#N/A,#N/A,#N/A,#N/A,#N/A,#N/A,0,#N/A,#N/A,#N/A,#N/A,#N/A,#N/A,#N/A,0,#N/A,#N/A,#N/A,#N/A,#N/A,#N/A,#N/A,0,#N/A,#N/A,#N/A,#N/A,#N/A,#N/A,#N/A,0,#N/A,#N/A,#N/A,#N/A,#N/A,#N/A,#N/A,0,#N/A,#N/A,#N/A,#N/A,#N/A,#N/A,#N/A,0,#N/A,#N/A,#N/A,#N/A,#N/A,#N/A,#N/A,0,#N/A,#N/A,#N/A,#N/A,#N/A,#N/A,#N/A,0,#N/A,#N/A,#N/A,#N/A,#N/A,#N/A,#N/A,0,#N/A,#N/A,#N/A,#N/A,#N/A,#N/A,#N/A,0,#N/A,#N/A,#N/A,#N/A,#N/A,#N/A,#N/A,0,#N/A,#N/A,#N/A,#N/A,#N/A,#N/A,#N/A,0,#N/A,#N/A,#N/A,#N/A,#N/A,#N/A,#N/A,0,#N/A,#N/A,#N/A,#N/A,#N/A,#N/A,#N/A,0,,,,,,,,,,,,,,,,,,,,,,,,,,,,
72,192,AUTOR,3,Sh,72,3,4,4,0,0,0,0,1,0,1,0,0,0,0,1,2,0,1,0,0,0,0,1,3,4,2,0,0,0,0,3,#N/A,#N/A,#N/A,#N/A,#N/A,#N/A,#N/A,0,#N/A,#N/A,#N/A,#N/A,#N/A,#N/A,#N/A,0,#N/A,#N/A,#N/A,#N/A,#N/A,#N/A,#N/A,0,#N/A,#N/A,#N/A,#N/A,#N/A,#N/A,#N/A,0,#N/A,#N/A,#N/A,#N/A,#N/A,#N/A,#N/A,0,#N/A,#N/A,#N/A,#N/A,#N/A,#N/A,#N/A,0,#N/A,#N/A,#N/A,#N/A,#N/A,#N/A,#N/A,0,#N/A,#N/A,#N/A,#N/A,#N/A,#N/A,#N/A,0,#N/A,#N/A,#N/A,#N/A,#N/A,#N/A,#N/A,0,#N/A,#N/A,#N/A,#N/A,#N/A,#N/A,#N/A,0,#N/A,#N/A,#N/A,#N/A,#N/A,#N/A,#N/A,0,#N/A,#N/A,#N/A,#N/A,#N/A,#N/A,#N/A,0,#N/A,#N/A,#N/A,#N/A,#N/A,#N/A,#N/A,0,#N/A,#N/A,#N/A,#N/A,#N/A,#N/A,#N/A,0,#N/A,#N/A,#N/A,#N/A,#N/A,#N/A,#N/A,0,#N/A,#N/A,#N/A,#N/A,#N/A,#N/A,#N/A,0,#N/A,#N/A,#N/A,#N/A,#N/A,#N/A,#N/A,0,#N/A,#N/A,#N/A,#N/A,#N/A,#N/A,#N/A,0,#N/A,#N/A,#N/A,#N/A,#N/A,#N/A,#N/A,0,#N/A,#N/A,#N/A,#N/A,#N/A,#N/A,#N/A,0,,,,,,,,,,,,,,,,,,,,,,,,,,,,
73,193,AUTOR,38.5,Lo,73,15,5,8,11,0,0,1,1,0,1,0,0,0,0,1,2,0,1,0,0,0,0,1,3,0,1,1,0,0,0,2,4,0,0,1,0,0,0,1,5,2,2,1,0,0,0,4,6,3,2,1,0,0,0,4,7,0,0,1,0,0,0,1,8,0,0,0,0,0,1,1,9,0,0,1,0,0,0,1,10,0,0,1,0,0,0,1,11,0,0,1,0,0,0,1,12,0,1,0,0,0,0,1,13,0,0,1,0,0,0,1,14,0,0,1,0,0,0,1,15,0,0,1,0,0,0,1,#N/A,#N/A,#N/A,#N/A,#N/A,#N/A,#N/A,0,#N/A,#N/A,#N/A,#N/A,#N/A,#N/A,#N/A,0,#N/A,#N/A,#N/A,#N/A,#N/A,#N/A,#N/A,0,#N/A,#N/A,#N/A,#N/A,#N/A,#N/A,#N/A,0,#N/A,#N/A,#N/A,#N/A,#N/A,#N/A,#N/A,0,#N/A,#N/A,#N/A,#N/A,#N/A,#N/A,#N/A,0,#N/A,#N/A,#N/A,#N/A,#N/A,#N/A,#N/A,0,#N/A,#N/A,#N/A,#N/A,#N/A,#N/A,#N/A,0,,,,,,,,,,,,,,,,,,,,,,,,,,,,
74,194,AUTOR,14.5,Me,74,7,8,4,5,0,0,3,1,0,0,0,0,0,1,1,2,0,0,0,0,0,1,1,3,0,0,0,0,0,1,1,4,0,1,0,0,0,0,1,5,2,1,2,0,0,0,4,6,1,1,3,0,0,0,5,7,5,1,0,0,0,0,2,#N/A,#N/A,#N/A,#N/A,#N/A,#N/A,#N/A,0,#N/A,#N/A,#N/A,#N/A,#N/A,#N/A,#N/A,0,#N/A,#N/A,#N/A,#N/A,#N/A,#N/A,#N/A,0,#N/A,#N/A,#N/A,#N/A,#N/A,#N/A,#N/A,0,#N/A,#N/A,#N/A,#N/A,#N/A,#N/A,#N/A,0,#N/A,#N/A,#N/A,#N/A,#N/A,#N/A,#N/A,0,#N/A,#N/A,#N/A,#N/A,#N/A,#N/A,#N/A,0,#N/A,#N/A,#N/A,#N/A,#N/A,#N/A,#N/A,0,#N/A,#N/A,#N/A,#N/A,#N/A,#N/A,#N/A,0,#N/A,#N/A,#N/A,#N/A,#N/A,#N/A,#N/A,0,#N/A,#N/A,#N/A,#N/A,#N/A,#N/A,#N/A,0,#N/A,#N/A,#N/A,#N/A,#N/A,#N/A,#N/A,0,#N/A,#N/A,#N/A,#N/A,#N/A,#N/A,#N/A,0,#N/A,#N/A,#N/A,#N/A,#N/A,#N/A,#N/A,0,#N/A,#N/A,#N/A,#N/A,#N/A,#N/A,#N/A,0,#N/A,#N/A,#N/A,#N/A,#N/A,#N/A,#N/A,0,,,,,,,,,,,,,,,,,,,,,,,,,,,,
75,195,AUTOR,35.5,Lo,75,16,10,18,3,0,0,1,1,0,0,1,0,0,0,1,2,0,1,0,0,0,0,1,3,0,0,0,0,0,1,1,4,1,2,0,0,0,0,3,5,1,2,0,0,0,0,3,6,3,1,2,0,0,0,4,7,5,3,0,0,0,0,4,8,0,1,0,0,0,0,1,9,0,1,0,0,0,0,1,10,0,1,0,0,0,0,1,11,0,1,0,0,0,0,1,12,0,1,0,0,0,0,1,13,0,1,0,0,0,0,1,14,0,1,0,0,0,0,1,15,0,1,0,0,0,0,1,16,0,1,0,0,0,0,1,#N/A,#N/A,#N/A,#N/A,#N/A,#N/A,#N/A,0,#N/A,#N/A,#N/A,#N/A,#N/A,#N/A,#N/A,0,#N/A,#N/A,#N/A,#N/A,#N/A,#N/A,#N/A,0,#N/A,#N/A,#N/A,#N/A,#N/A,#N/A,#N/A,0,#N/A,#N/A,#N/A,#N/A,#N/A,#N/A,#N/A,0,#N/A,#N/A,#N/A,#N/A,#N/A,#N/A,#N/A,0,#N/A,#N/A,#N/A,#N/A,#N/A,#N/A,#N/A,0,,,,,,,,,,,,,,,,,,,,,,,,,,,,
76,196,AUTOR,13.5,Me,76,8,11,5,6,1,3,2,1,0,0,1,0,0,0,1,2,0,0,0,0,0,1,1,3,0,0,0,0,0,1,1,4,3,3,0,0,0,0,4,5,4,1,2,0,0,0,4,6,4,1,1,1,3,0,3,7,0,0,1,0,0,0,1,8,0,0,1,0,0,0,1,#N/A,#N/A,#N/A,#N/A,#N/A,#N/A,#N/A,0,#N/A,#N/A,#N/A,#N/A,#N/A,#N/A,#N/A,0,#N/A,#N/A,#N/A,#N/A,#N/A,#N/A,#N/A,0,#N/A,#N/A,#N/A,#N/A,#N/A,#N/A,#N/A,0,#N/A,#N/A,#N/A,#N/A,#N/A,#N/A,#N/A,0,#N/A,#N/A,#N/A,#N/A,#N/A,#N/A,#N/A,0,#N/A,#N/A,#N/A,#N/A,#N/A,#N/A,#N/A,0,#N/A,#N/A,#N/A,#N/A,#N/A,#N/A,#N/A,0,#N/A,#N/A,#N/A,#N/A,#N/A,#N/A,#N/A,0,#N/A,#N/A,#N/A,#N/A,#N/A,#N/A,#N/A,0,#N/A,#N/A,#N/A,#N/A,#N/A,#N/A,#N/A,0,#N/A,#N/A,#N/A,#N/A,#N/A,#N/A,#N/A,0,#N/A,#N/A,#N/A,#N/A,#N/A,#N/A,#N/A,0,#N/A,#N/A,#N/A,#N/A,#N/A,#N/A,#N/A,0,#N/A,#N/A,#N/A,#N/A,#N/A,#N/A,#N/A,0,,,,,,,,,,,,,,,,,,,,,,,,,,,,
77,197,AUTOR,28,Lo,77,17,18,10,5,5,14,4,1,0,0,0,0,0,1,1,2,0,0,0,0,0,1,1,3,0,0,0,0,0,1,1,4,0,0,0,0,0,1,1,5,0,2,0,0,0,0,2,6,3,1,0,0,0,0,2,7,0,0,1,1,3,0,1,8,1,1,0,0,0,0,2,9,4,2,0,0,0,0,3,10,0,0,1,1,3,0,1,11,5,2,0,0,0,0,3,12,0,0,1,1,2,0,1,13,0,0,1,1,3,0,1,14,0,0,1,1,3,0,1,15,0,1,0,0,0,0,1,16,0,1,0,0,0,0,1,17,5,0,0,0,0,0,1,#N/A,#N/A,#N/A,#N/A,#N/A,#N/A,#N/A,0,#N/A,#N/A,#N/A,#N/A,#N/A,#N/A,#N/A,0,#N/A,#N/A,#N/A,#N/A,#N/A,#N/A,#N/A,0,#N/A,#N/A,#N/A,#N/A,#N/A,#N/A,#N/A,0,#N/A,#N/A,#N/A,#N/A,#N/A,#N/A,#N/A,0,#N/A,#N/A,#N/A,#N/A,#N/A,#N/A,#N/A,0,,,,,,,,,,,,,,,,,,,,,,,,,,,,
78,198,AUTOR,14,Me,78,7,9,1,5,3,6,3,1,0,0,0,0,0,1,1,2,0,0,0,0,0,1,1,3,0,0,0,0,0,1,1,4,0,0,1,1,1,0,1,5,3,1,1,1,1,0,3,6,0,0,1,1,4,0,1,7,6,0,2,0,0,0,3,#N/A,#N/A,#N/A,#N/A,#N/A,#N/A,#N/A,0,#N/A,#N/A,#N/A,#N/A,#N/A,#N/A,#N/A,0,#N/A,#N/A,#N/A,#N/A,#N/A,#N/A,#N/A,0,#N/A,#N/A,#N/A,#N/A,#N/A,#N/A,#N/A,0,#N/A,#N/A,#N/A,#N/A,#N/A,#N/A,#N/A,0,#N/A,#N/A,#N/A,#N/A,#N/A,#N/A,#N/A,0,#N/A,#N/A,#N/A,#N/A,#N/A,#N/A,#N/A,0,#N/A,#N/A,#N/A,#N/A,#N/A,#N/A,#N/A,0,#N/A,#N/A,#N/A,#N/A,#N/A,#N/A,#N/A,0,#N/A,#N/A,#N/A,#N/A,#N/A,#N/A,#N/A,0,#N/A,#N/A,#N/A,#N/A,#N/A,#N/A,#N/A,0,#N/A,#N/A,#N/A,#N/A,#N/A,#N/A,#N/A,0,#N/A,#N/A,#N/A,#N/A,#N/A,#N/A,#N/A,0,#N/A,#N/A,#N/A,#N/A,#N/A,#N/A,#N/A,0,#N/A,#N/A,#N/A,#N/A,#N/A,#N/A,#N/A,0,#N/A,#N/A,#N/A,#N/A,#N/A,#N/A,#N/A,0,,,,,,,,,,,,,,,,,,,,,,,,,,,,
79,199,AUTOR,22,Lo,79,10,14,4,9,5,15,3,1,0,0,0,0,0,1,1,2,0,0,0,0,0,1,1,3,0,0,0,0,0,1,1,4,0,1,0,0,0,0,1,5,1,0,1,1,3,0,2,6,4,2,3,0,0,0,6,7,5,0,2,1,3,0,3,8,0,0,1,1,2,0,1,9,4,1,1,1,3,0,3,10,0,0,1,1,4,0,1,#N/A,#N/A,#N/A,#N/A,#N/A,#N/A,#N/A,0,#N/A,#N/A,#N/A,#N/A,#N/A,#N/A,#N/A,0,#N/A,#N/A,#N/A,#N/A,#N/A,#N/A,#N/A,0,#N/A,#N/A,#N/A,#N/A,#N/A,#N/A,#N/A,0,#N/A,#N/A,#N/A,#N/A,#N/A,#N/A,#N/A,0,#N/A,#N/A,#N/A,#N/A,#N/A,#N/A,#N/A,0,#N/A,#N/A,#N/A,#N/A,#N/A,#N/A,#N/A,0,#N/A,#N/A,#N/A,#N/A,#N/A,#N/A,#N/A,0,#N/A,#N/A,#N/A,#N/A,#N/A,#N/A,#N/A,0,#N/A,#N/A,#N/A,#N/A,#N/A,#N/A,#N/A,0,#N/A,#N/A,#N/A,#N/A,#N/A,#N/A,#N/A,0,#N/A,#N/A,#N/A,#N/A,#N/A,#N/A,#N/A,0,#N/A,#N/A,#N/A,#N/A,#N/A,#N/A,#N/A,0,,,,,,,,,,,,,,,,,,,,,,,,,,,,
80,200,AUTOR,38,Lo,80,12,15,7,13,5,11,1,1,0,0,1,0,0,0,1,2,1,0,0,0,0,0,1,3,1,0,0,0,0,0,1,4,0,0,0,0,0,1,1,5,0,1,1,1,1,0,2,6,3,2,2,0,0,0,5,7,2,0,4,2,4,0,5,8,4,1,3,1,3,0,5,9,0,0,1,0,0,0,1,10,4,1,1,1,3,0,3,11,0,1,0,0,0,0,1,12,0,1,0,0,0,0,1,#N/A,#N/A,#N/A,#N/A,#N/A,#N/A,#N/A,0,#N/A,#N/A,#N/A,#N/A,#N/A,#N/A,#N/A,0,#N/A,#N/A,#N/A,#N/A,#N/A,#N/A,#N/A,0,#N/A,#N/A,#N/A,#N/A,#N/A,#N/A,#N/A,0,#N/A,#N/A,#N/A,#N/A,#N/A,#N/A,#N/A,0,#N/A,#N/A,#N/A,#N/A,#N/A,#N/A,#N/A,0,#N/A,#N/A,#N/A,#N/A,#N/A,#N/A,#N/A,0,#N/A,#N/A,#N/A,#N/A,#N/A,#N/A,#N/A,0,#N/A,#N/A,#N/A,#N/A,#N/A,#N/A,#N/A,0,#N/A,#N/A,#N/A,#N/A,#N/A,#N/A,#N/A,0,#N/A,#N/A,#N/A,#N/A,#N/A,#N/A,#N/A,0,,,,,,,,,,,,,,,,,,,,,,,,,,,,
81,201,AUTOR,6,Me,81,4,3,1,0,0,0,0,1,0,1,0,0,0,0,1,2,1,0,0,0,0,0,1,3,1,0,0,0,0,0,1,4,1,0,0,0,0,0,1,#N/A,#N/A,#N/A,#N/A,#N/A,#N/A,#N/A,0,#N/A,#N/A,#N/A,#N/A,#N/A,#N/A,#N/A,0,#N/A,#N/A,#N/A,#N/A,#N/A,#N/A,#N/A,0,#N/A,#N/A,#N/A,#N/A,#N/A,#N/A,#N/A,0,#N/A,#N/A,#N/A,#N/A,#N/A,#N/A,#N/A,0,#N/A,#N/A,#N/A,#N/A,#N/A,#N/A,#N/A,0,#N/A,#N/A,#N/A,#N/A,#N/A,#N/A,#N/A,0,#N/A,#N/A,#N/A,#N/A,#N/A,#N/A,#N/A,0,#N/A,#N/A,#N/A,#N/A,#N/A,#N/A,#N/A,0,#N/A,#N/A,#N/A,#N/A,#N/A,#N/A,#N/A,0,#N/A,#N/A,#N/A,#N/A,#N/A,#N/A,#N/A,0,#N/A,#N/A,#N/A,#N/A,#N/A,#N/A,#N/A,0,#N/A,#N/A,#N/A,#N/A,#N/A,#N/A,#N/A,0,#N/A,#N/A,#N/A,#N/A,#N/A,#N/A,#N/A,0,#N/A,#N/A,#N/A,#N/A,#N/A,#N/A,#N/A,0,#N/A,#N/A,#N/A,#N/A,#N/A,#N/A,#N/A,0,#N/A,#N/A,#N/A,#N/A,#N/A,#N/A,#N/A,0,#N/A,#N/A,#N/A,#N/A,#N/A,#N/A,#N/A,0,#N/A,#N/A,#N/A,#N/A,#N/A,#N/A,#N/A,0,,,,,,,,,,,,,,,,,,,,,,,,,,,,
82,202,AUTOR,1,Sh,82,2,1,0,1,0,0,0,1,0,0,1,0,0,0,1,2,1,0,0,0,0,0,1,#N/A,#N/A,#N/A,#N/A,#N/A,#N/A,#N/A,0,#N/A,#N/A,#N/A,#N/A,#N/A,#N/A,#N/A,0,#N/A,#N/A,#N/A,#N/A,#N/A,#N/A,#N/A,0,#N/A,#N/A,#N/A,#N/A,#N/A,#N/A,#N/A,0,#N/A,#N/A,#N/A,#N/A,#N/A,#N/A,#N/A,0,#N/A,#N/A,#N/A,#N/A,#N/A,#N/A,#N/A,0,#N/A,#N/A,#N/A,#N/A,#N/A,#N/A,#N/A,0,#N/A,#N/A,#N/A,#N/A,#N/A,#N/A,#N/A,0,#N/A,#N/A,#N/A,#N/A,#N/A,#N/A,#N/A,0,#N/A,#N/A,#N/A,#N/A,#N/A,#N/A,#N/A,0,#N/A,#N/A,#N/A,#N/A,#N/A,#N/A,#N/A,0,#N/A,#N/A,#N/A,#N/A,#N/A,#N/A,#N/A,0,#N/A,#N/A,#N/A,#N/A,#N/A,#N/A,#N/A,0,#N/A,#N/A,#N/A,#N/A,#N/A,#N/A,#N/A,0,#N/A,#N/A,#N/A,#N/A,#N/A,#N/A,#N/A,0,#N/A,#N/A,#N/A,#N/A,#N/A,#N/A,#N/A,0,#N/A,#N/A,#N/A,#N/A,#N/A,#N/A,#N/A,0,#N/A,#N/A,#N/A,#N/A,#N/A,#N/A,#N/A,0,#N/A,#N/A,#N/A,#N/A,#N/A,#N/A,#N/A,0,#N/A,#N/A,#N/A,#N/A,#N/A,#N/A,#N/A,0,#N/A,#N/A,#N/A,#N/A,#N/A,#N/A,#N/A,0,,,,,,,,,,,,,,,,,,,,,,,,,,,,
83,203,AUTOR,66.5,VLo,83,18,17,22,10,4,12,0,1,0,1,0,0,0,0,1,2,0,1,0,0,0,0,1,3,0,0,1,1,2,0,1,4,1,1,0,0,0,0,2,5,2,3,0,0,0,0,4,6,5,3,0,0,0,0,4,7,5,2,2,0,0,0,5,8,4,0,4,1,3,0,5,9,0,1,0,0,0,0,1,10,0,0,1,1,4,0,1,11,0,0,1,1,3,0,1,12,0,0,1,0,0,0,1,13,0,1,0,0,0,0,1,14,0,1,0,0,0,0,1,15,0,1,0,0,0,0,1,16,0,2,0,0,0,0,2,17,0,2,0,0,0,0,2,18,0,3,0,0,0,0,3,#N/A,#N/A,#N/A,#N/A,#N/A,#N/A,#N/A,0,#N/A,#N/A,#N/A,#N/A,#N/A,#N/A,#N/A,0,#N/A,#N/A,#N/A,#N/A,#N/A,#N/A,#N/A,0,#N/A,#N/A,#N/A,#N/A,#N/A,#N/A,#N/A,0,#N/A,#N/A,#N/A,#N/A,#N/A,#N/A,#N/A,0,,,,,,,,,,,,,,,,,,,,,,,,,,,,
84,204,AUTOR,16,Me,84,8,3,2,3,0,0,4,1,0,0,0,0,0,1,1,2,0,0,0,0,0,1,1,3,0,0,0,0,0,1,1,4,0,1,0,0,0,0,1,5,0,0,0,0,0,1,1,6,2,1,2,0,0,0,4,7,1,0,0,0,0,0,1,8,0,0,1,0,0,0,1,#N/A,#N/A,#N/A,#N/A,#N/A,#N/A,#N/A,0,#N/A,#N/A,#N/A,#N/A,#N/A,#N/A,#N/A,0,#N/A,#N/A,#N/A,#N/A,#N/A,#N/A,#N/A,0,#N/A,#N/A,#N/A,#N/A,#N/A,#N/A,#N/A,0,#N/A,#N/A,#N/A,#N/A,#N/A,#N/A,#N/A,0,#N/A,#N/A,#N/A,#N/A,#N/A,#N/A,#N/A,0,#N/A,#N/A,#N/A,#N/A,#N/A,#N/A,#N/A,0,#N/A,#N/A,#N/A,#N/A,#N/A,#N/A,#N/A,0,#N/A,#N/A,#N/A,#N/A,#N/A,#N/A,#N/A,0,#N/A,#N/A,#N/A,#N/A,#N/A,#N/A,#N/A,0,#N/A,#N/A,#N/A,#N/A,#N/A,#N/A,#N/A,0,#N/A,#N/A,#N/A,#N/A,#N/A,#N/A,#N/A,0,#N/A,#N/A,#N/A,#N/A,#N/A,#N/A,#N/A,0,#N/A,#N/A,#N/A,#N/A,#N/A,#N/A,#N/A,0,#N/A,#N/A,#N/A,#N/A,#N/A,#N/A,#N/A,0,,,,,,,,,,,,,,,,,,,,,,,,,,,,
85,205,AUTOR,22.5,Lo,85,7,12,2,4,1,2,4,1,0,0,0,0,0,1,1,2,0,0,0,0,0,1,1,3,0,0,0,0,0,1,1,4,0,0,0,0,0,1,1,5,3,1,1,0,0,0,3,6,4,1,1,0,0,0,3,7,5,0,2,1,2,0,3,#N/A,#N/A,#N/A,#N/A,#N/A,#N/A,#N/A,0,#N/A,#N/A,#N/A,#N/A,#N/A,#N/A,#N/A,0,#N/A,#N/A,#N/A,#N/A,#N/A,#N/A,#N/A,0,#N/A,#N/A,#N/A,#N/A,#N/A,#N/A,#N/A,0,#N/A,#N/A,#N/A,#N/A,#N/A,#N/A,#N/A,0,#N/A,#N/A,#N/A,#N/A,#N/A,#N/A,#N/A,0,#N/A,#N/A,#N/A,#N/A,#N/A,#N/A,#N/A,0,#N/A,#N/A,#N/A,#N/A,#N/A,#N/A,#N/A,0,#N/A,#N/A,#N/A,#N/A,#N/A,#N/A,#N/A,0,#N/A,#N/A,#N/A,#N/A,#N/A,#N/A,#N/A,0,#N/A,#N/A,#N/A,#N/A,#N/A,#N/A,#N/A,0,#N/A,#N/A,#N/A,#N/A,#N/A,#N/A,#N/A,0,#N/A,#N/A,#N/A,#N/A,#N/A,#N/A,#N/A,0,#N/A,#N/A,#N/A,#N/A,#N/A,#N/A,#N/A,0,#N/A,#N/A,#N/A,#N/A,#N/A,#N/A,#N/A,0,#N/A,#N/A,#N/A,#N/A,#N/A,#N/A,#N/A,0,,,,,,,,,,,,,,,,,,,,,,,,,,,,
86,206,AUTOR,45,VLo,86,14,10,12,12,1,6,0,1,0,0,1,0,0,0,1,2,0,1,0,0,0,0,1,3,0,1,0,0,0,0,1,4,0,1,0,0,0,0,1,5,2,2,1,0,0,0,4,6,4,1,2,0,0,0,4,7,3,0,4,0,0,0,5,8,0,1,0,0,0,0,1,9,0,0,1,0,0,0,1,10,1,2,1,0,0,0,4,11,0,0,1,0,0,0,1,12,0,1,0,0,0,0,1,13,0,1,0,0,0,0,1,14,0,1,1,1,6,0,2,#N/A,#N/A,#N/A,#N/A,#N/A,#N/A,#N/A,0,#N/A,#N/A,#N/A,#N/A,#N/A,#N/A,#N/A,0,#N/A,#N/A,#N/A,#N/A,#N/A,#N/A,#N/A,0,#N/A,#N/A,#N/A,#N/A,#N/A,#N/A,#N/A,0,#N/A,#N/A,#N/A,#N/A,#N/A,#N/A,#N/A,0,#N/A,#N/A,#N/A,#N/A,#N/A,#N/A,#N/A,0,#N/A,#N/A,#N/A,#N/A,#N/A,#N/A,#N/A,0,#N/A,#N/A,#N/A,#N/A,#N/A,#N/A,#N/A,0,#N/A,#N/A,#N/A,#N/A,#N/A,#N/A,#N/A,0,,,,,,,,,,,,,,,,,,,,,,,,,,,,
87,207,AUTOR,25,Lo,87,12,20,8,10,4,7,5,1,0,0,0,0,0,1,1,2,0,0,0,0,0,1,1,3,0,0,0,0,0,1,1,4,0,0,0,0,0,1,1,5,0,0,0,0,0,1,1,6,0,1,0,0,0,0,1,7,3,1,3,1,1,0,5,8,4,1,2,1,2,0,4,9,4,1,3,1,1,0,5,10,0,1,0,0,0,0,1,11,5,1,1,0,0,0,3,12,4,2,1,1,3,0,4,#N/A,#N/A,#N/A,#N/A,#N/A,#N/A,#N/A,0,#N/A,#N/A,#N/A,#N/A,#N/A,#N/A,#N/A,0,#N/A,#N/A,#N/A,#N/A,#N/A,#N/A,#N/A,0,#N/A,#N/A,#N/A,#N/A,#N/A,#N/A,#N/A,0,#N/A,#N/A,#N/A,#N/A,#N/A,#N/A,#N/A,0,#N/A,#N/A,#N/A,#N/A,#N/A,#N/A,#N/A,0,#N/A,#N/A,#N/A,#N/A,#N/A,#N/A,#N/A,0,#N/A,#N/A,#N/A,#N/A,#N/A,#N/A,#N/A,0,#N/A,#N/A,#N/A,#N/A,#N/A,#N/A,#N/A,0,#N/A,#N/A,#N/A,#N/A,#N/A,#N/A,#N/A,0,#N/A,#N/A,#N/A,#N/A,#N/A,#N/A,#N/A,0,,,,,,,,,,,,,,,,,,,,,,,,,,,,
88,208,AUTOR,4.5,Sh,88,4,1,3,1,1,2,1,1,0,1,0,0,0,0,1,2,0,0,0,0,0,1,1,3,1,2,0,0,0,0,3,4,0,0,1,1,2,0,1,#N/A,#N/A,#N/A,#N/A,#N/A,#N/A,#N/A,0,#N/A,#N/A,#N/A,#N/A,#N/A,#N/A,#N/A,0,#N/A,#N/A,#N/A,#N/A,#N/A,#N/A,#N/A,0,#N/A,#N/A,#N/A,#N/A,#N/A,#N/A,#N/A,0,#N/A,#N/A,#N/A,#N/A,#N/A,#N/A,#N/A,0,#N/A,#N/A,#N/A,#N/A,#N/A,#N/A,#N/A,0,#N/A,#N/A,#N/A,#N/A,#N/A,#N/A,#N/A,0,#N/A,#N/A,#N/A,#N/A,#N/A,#N/A,#N/A,0,#N/A,#N/A,#N/A,#N/A,#N/A,#N/A,#N/A,0,#N/A,#N/A,#N/A,#N/A,#N/A,#N/A,#N/A,0,#N/A,#N/A,#N/A,#N/A,#N/A,#N/A,#N/A,0,#N/A,#N/A,#N/A,#N/A,#N/A,#N/A,#N/A,0,#N/A,#N/A,#N/A,#N/A,#N/A,#N/A,#N/A,0,#N/A,#N/A,#N/A,#N/A,#N/A,#N/A,#N/A,0,#N/A,#N/A,#N/A,#N/A,#N/A,#N/A,#N/A,0,#N/A,#N/A,#N/A,#N/A,#N/A,#N/A,#N/A,0,#N/A,#N/A,#N/A,#N/A,#N/A,#N/A,#N/A,0,#N/A,#N/A,#N/A,#N/A,#N/A,#N/A,#N/A,0,#N/A,#N/A,#N/A,#N/A,#N/A,#N/A,#N/A,0,,,,,,,,,,,,,,,,,,,,,,,,,,,,
89,209,AUTOR,27,Lo,89,10,30,7,9,0,0,3,1,0,0,1,0,0,0,1,2,0,0,0,0,0,1,1,3,0,0,0,0,0,1,1,4,0,0,0,0,0,1,1,5,15,3,0,0,0,0,4,6,5,0,5,0,0,0,6,7,5,0,1,0,0,0,2,8,5,2,2,0,0,0,5,9,0,1,0,0,0,0,1,10,0,1,0,0,0,0,1,#N/A,#N/A,#N/A,#N/A,#N/A,#N/A,#N/A,0,#N/A,#N/A,#N/A,#N/A,#N/A,#N/A,#N/A,0,#N/A,#N/A,#N/A,#N/A,#N/A,#N/A,#N/A,0,#N/A,#N/A,#N/A,#N/A,#N/A,#N/A,#N/A,0,#N/A,#N/A,#N/A,#N/A,#N/A,#N/A,#N/A,0,#N/A,#N/A,#N/A,#N/A,#N/A,#N/A,#N/A,0,#N/A,#N/A,#N/A,#N/A,#N/A,#N/A,#N/A,0,#N/A,#N/A,#N/A,#N/A,#N/A,#N/A,#N/A,0,#N/A,#N/A,#N/A,#N/A,#N/A,#N/A,#N/A,0,#N/A,#N/A,#N/A,#N/A,#N/A,#N/A,#N/A,0,#N/A,#N/A,#N/A,#N/A,#N/A,#N/A,#N/A,0,#N/A,#N/A,#N/A,#N/A,#N/A,#N/A,#N/A,0,#N/A,#N/A,#N/A,#N/A,#N/A,#N/A,#N/A,0,,,,,,,,,,,,,,,,,,,,,,,,,,,,
90,210,AUTOR,41,VLo,90,19,28,14,11,4,10,1,1,0,0,1,0,0,0,1,2,0,1,0,0,0,0,1,3,0,0,0,0,0,1,1,4,0,1,0,0,0,0,1,5,1,4,1,2,5,0,6,6,1,0,0,0,0,0,1,7,0,1,0,0,0,0,1,8,0,0,1,0,0,0,1,9,4,1,2,0,0,0,4,10,4,2,1,1,2,0,4,11,5,2,1,1,3,0,4,12,3,1,0,0,0,0,2,13,5,1,0,0,0,0,2,14,0,0,1,0,0,0,1,15,0,0,1,0,0,0,1,16,0,0,1,0,0,0,1,17,0,0,1,0,0,0,1,18,2,0,0,0,0,0,1,19,3,0,0,0,0,0,1,#N/A,#N/A,#N/A,#N/A,#N/A,#N/A,#N/A,0,#N/A,#N/A,#N/A,#N/A,#N/A,#N/A,#N/A,0,#N/A,#N/A,#N/A,#N/A,#N/A,#N/A,#N/A,0,#N/A,#N/A,#N/A,#N/A,#N/A,#N/A,#N/A,0,,,,,,,,,,,,,,,,,,,,,,,,,,,,
91,211,AUTOR,2,Sh,91,2,2,4,0,0,0,0,1,0,1,0,0,0,0,1,2,2,3,0,0,0,0,4,#N/A,#N/A,#N/A,#N/A,#N/A,#N/A,#N/A,0,#N/A,#N/A,#N/A,#N/A,#N/A,#N/A,#N/A,0,#N/A,#N/A,#N/A,#N/A,#N/A,#N/A,#N/A,0,#N/A,#N/A,#N/A,#N/A,#N/A,#N/A,#N/A,0,#N/A,#N/A,#N/A,#N/A,#N/A,#N/A,#N/A,0,#N/A,#N/A,#N/A,#N/A,#N/A,#N/A,#N/A,0,#N/A,#N/A,#N/A,#N/A,#N/A,#N/A,#N/A,0,#N/A,#N/A,#N/A,#N/A,#N/A,#N/A,#N/A,0,#N/A,#N/A,#N/A,#N/A,#N/A,#N/A,#N/A,0,#N/A,#N/A,#N/A,#N/A,#N/A,#N/A,#N/A,0,#N/A,#N/A,#N/A,#N/A,#N/A,#N/A,#N/A,0,#N/A,#N/A,#N/A,#N/A,#N/A,#N/A,#N/A,0,#N/A,#N/A,#N/A,#N/A,#N/A,#N/A,#N/A,0,#N/A,#N/A,#N/A,#N/A,#N/A,#N/A,#N/A,0,#N/A,#N/A,#N/A,#N/A,#N/A,#N/A,#N/A,0,#N/A,#N/A,#N/A,#N/A,#N/A,#N/A,#N/A,0,#N/A,#N/A,#N/A,#N/A,#N/A,#N/A,#N/A,0,#N/A,#N/A,#N/A,#N/A,#N/A,#N/A,#N/A,0,#N/A,#N/A,#N/A,#N/A,#N/A,#N/A,#N/A,0,#N/A,#N/A,#N/A,#N/A,#N/A,#N/A,#N/A,0,#N/A,#N/A,#N/A,#N/A,#N/A,#N/A,#N/A,0,,,,,,,,,,,,,,,,,,,,,,,,,,,,
92,212,AUTOR,18,Me,92,7,8,7,5,1,2,2,1,0,0,0,0,0,1,1,2,0,0,0,0,0,1,1,3,0,1,0,0,0,0,1,4,0,0,1,1,2,0,1,5,6,4,1,0,0,0,6,6,2,1,3,0,0,0,5,7,0,1,0,0,0,0,1,#N/A,#N/A,#N/A,#N/A,#N/A,#N/A,#N/A,0,#N/A,#N/A,#N/A,#N/A,#N/A,#N/A,#N/A,0,#N/A,#N/A,#N/A,#N/A,#N/A,#N/A,#N/A,0,#N/A,#N/A,#N/A,#N/A,#N/A,#N/A,#N/A,0,#N/A,#N/A,#N/A,#N/A,#N/A,#N/A,#N/A,0,#N/A,#N/A,#N/A,#N/A,#N/A,#N/A,#N/A,0,#N/A,#N/A,#N/A,#N/A,#N/A,#N/A,#N/A,0,#N/A,#N/A,#N/A,#N/A,#N/A,#N/A,#N/A,0,#N/A,#N/A,#N/A,#N/A,#N/A,#N/A,#N/A,0,#N/A,#N/A,#N/A,#N/A,#N/A,#N/A,#N/A,0,#N/A,#N/A,#N/A,#N/A,#N/A,#N/A,#N/A,0,#N/A,#N/A,#N/A,#N/A,#N/A,#N/A,#N/A,0,#N/A,#N/A,#N/A,#N/A,#N/A,#N/A,#N/A,0,#N/A,#N/A,#N/A,#N/A,#N/A,#N/A,#N/A,0,#N/A,#N/A,#N/A,#N/A,#N/A,#N/A,#N/A,0,#N/A,#N/A,#N/A,#N/A,#N/A,#N/A,#N/A,0,,,,,,,,,,,,,,,,,,,,,,,,,,,,
93,213,AUTOR,4,Sh,93,5,2,2,2,0,0,3,1,0,0,0,0,0,1,1,2,0,0,0,0,0,1,1,3,0,0,0,0,0,1,1,4,2,1,0,0,0,0,2,5,0,1,2,0,0,0,3,#N/A,#N/A,#N/A,#N/A,#N/A,#N/A,#N/A,0,#N/A,#N/A,#N/A,#N/A,#N/A,#N/A,#N/A,0,#N/A,#N/A,#N/A,#N/A,#N/A,#N/A,#N/A,0,#N/A,#N/A,#N/A,#N/A,#N/A,#N/A,#N/A,0,#N/A,#N/A,#N/A,#N/A,#N/A,#N/A,#N/A,0,#N/A,#N/A,#N/A,#N/A,#N/A,#N/A,#N/A,0,#N/A,#N/A,#N/A,#N/A,#N/A,#N/A,#N/A,0,#N/A,#N/A,#N/A,#N/A,#N/A,#N/A,#N/A,0,#N/A,#N/A,#N/A,#N/A,#N/A,#N/A,#N/A,0,#N/A,#N/A,#N/A,#N/A,#N/A,#N/A,#N/A,0,#N/A,#N/A,#N/A,#N/A,#N/A,#N/A,#N/A,0,#N/A,#N/A,#N/A,#N/A,#N/A,#N/A,#N/A,0,#N/A,#N/A,#N/A,#N/A,#N/A,#N/A,#N/A,0,#N/A,#N/A,#N/A,#N/A,#N/A,#N/A,#N/A,0,#N/A,#N/A,#N/A,#N/A,#N/A,#N/A,#N/A,0,#N/A,#N/A,#N/A,#N/A,#N/A,#N/A,#N/A,0,#N/A,#N/A,#N/A,#N/A,#N/A,#N/A,#N/A,0,#N/A,#N/A,#N/A,#N/A,#N/A,#N/A,#N/A,0,,,,,,,,,,,,,,,,,,,,,,,,,,,,
94,214,AUTOR,3,Sh,94,4,0,3,1,0,0,1,1,0,0,1,0,0,0,1,2,0,0,0,0,0,1,1,3,0,1,0,0,0,0,1,4,0,2,0,0,0,0,2,#N/A,#N/A,#N/A,#N/A,#N/A,#N/A,#N/A,0,#N/A,#N/A,#N/A,#N/A,#N/A,#N/A,#N/A,0,#N/A,#N/A,#N/A,#N/A,#N/A,#N/A,#N/A,0,#N/A,#N/A,#N/A,#N/A,#N/A,#N/A,#N/A,0,#N/A,#N/A,#N/A,#N/A,#N/A,#N/A,#N/A,0,#N/A,#N/A,#N/A,#N/A,#N/A,#N/A,#N/A,0,#N/A,#N/A,#N/A,#N/A,#N/A,#N/A,#N/A,0,#N/A,#N/A,#N/A,#N/A,#N/A,#N/A,#N/A,0,#N/A,#N/A,#N/A,#N/A,#N/A,#N/A,#N/A,0,#N/A,#N/A,#N/A,#N/A,#N/A,#N/A,#N/A,0,#N/A,#N/A,#N/A,#N/A,#N/A,#N/A,#N/A,0,#N/A,#N/A,#N/A,#N/A,#N/A,#N/A,#N/A,0,#N/A,#N/A,#N/A,#N/A,#N/A,#N/A,#N/A,0,#N/A,#N/A,#N/A,#N/A,#N/A,#N/A,#N/A,0,#N/A,#N/A,#N/A,#N/A,#N/A,#N/A,#N/A,0,#N/A,#N/A,#N/A,#N/A,#N/A,#N/A,#N/A,0,#N/A,#N/A,#N/A,#N/A,#N/A,#N/A,#N/A,0,#N/A,#N/A,#N/A,#N/A,#N/A,#N/A,#N/A,0,#N/A,#N/A,#N/A,#N/A,#N/A,#N/A,#N/A,0,,,,,,,,,,,,,,,,,,,,,,,,,,,,
95,215,AUTOR,43.5,VLo,95,16,19,10,16,10,26,3,1,0,0,1,1,1,0,1,2,0,0,0,0,0,1,1,3,0,0,0,0,0,1,1,4,0,0,0,0,0,1,1,5,0,0,1,1,2,0,1,6,5,5,2,0,0,0,8,7,5,0,3,1,4,0,4,8,0,1,1,1,3,0,2,9,5,2,1,1,3,0,4,10,0,0,1,1,3,0,1,11,0,0,1,1,2,0,1,12,0,0,1,1,3,0,1,13,0,0,1,1,3,0,1,14,0,0,1,1,2,0,1,15,4,2,1,0,0,0,4,16,0,0,1,0,0,0,1,#N/A,#N/A,#N/A,#N/A,#N/A,#N/A,#N/A,0,#N/A,#N/A,#N/A,#N/A,#N/A,#N/A,#N/A,0,#N/A,#N/A,#N/A,#N/A,#N/A,#N/A,#N/A,0,#N/A,#N/A,#N/A,#N/A,#N/A,#N/A,#N/A,0,#N/A,#N/A,#N/A,#N/A,#N/A,#N/A,#N/A,0,#N/A,#N/A,#N/A,#N/A,#N/A,#N/A,#N/A,0,#N/A,#N/A,#N/A,#N/A,#N/A,#N/A,#N/A,0,,,,,,,,,,,,,,,,,,,,,,,,,,,,
96,216,AUTOR,2.5,Sh,96,3,3,0,2,0,0,1,1,0,0,1,0,0,0,1,2,0,0,0,0,0,1,1,3,3,0,1,0,0,0,2,#N/A,#N/A,#N/A,#N/A,#N/A,#N/A,#N/A,0,#N/A,#N/A,#N/A,#N/A,#N/A,#N/A,#N/A,0,#N/A,#N/A,#N/A,#N/A,#N/A,#N/A,#N/A,0,#N/A,#N/A,#N/A,#N/A,#N/A,#N/A,#N/A,0,#N/A,#N/A,#N/A,#N/A,#N/A,#N/A,#N/A,0,#N/A,#N/A,#N/A,#N/A,#N/A,#N/A,#N/A,0,#N/A,#N/A,#N/A,#N/A,#N/A,#N/A,#N/A,0,#N/A,#N/A,#N/A,#N/A,#N/A,#N/A,#N/A,0,#N/A,#N/A,#N/A,#N/A,#N/A,#N/A,#N/A,0,#N/A,#N/A,#N/A,#N/A,#N/A,#N/A,#N/A,0,#N/A,#N/A,#N/A,#N/A,#N/A,#N/A,#N/A,0,#N/A,#N/A,#N/A,#N/A,#N/A,#N/A,#N/A,0,#N/A,#N/A,#N/A,#N/A,#N/A,#N/A,#N/A,0,#N/A,#N/A,#N/A,#N/A,#N/A,#N/A,#N/A,0,#N/A,#N/A,#N/A,#N/A,#N/A,#N/A,#N/A,0,#N/A,#N/A,#N/A,#N/A,#N/A,#N/A,#N/A,0,#N/A,#N/A,#N/A,#N/A,#N/A,#N/A,#N/A,0,#N/A,#N/A,#N/A,#N/A,#N/A,#N/A,#N/A,0,#N/A,#N/A,#N/A,#N/A,#N/A,#N/A,#N/A,0,#N/A,#N/A,#N/A,#N/A,#N/A,#N/A,#N/A,0,,,,,,,,,,,,,,,,,,,,,,,,,,,,
97,217,AUTOR,26,Lo,97,9,13,4,6,4,8,2,1,0,0,0,0,0,1,1,2,0,0,0,0,0,1,1,3,0,1,0,0,0,0,1,4,1,0,0,0,0,0,1,5,4,1,3,2,4,0,5,6,3,0,2,1,2,0,3,7,0,1,0,0,0,0,1,8,5,1,0,0,0,0,2,9,0,0,1,1,2,0,1,#N/A,#N/A,#N/A,#N/A,#N/A,#N/A,#N/A,0,#N/A,#N/A,#N/A,#N/A,#N/A,#N/A,#N/A,0,#N/A,#N/A,#N/A,#N/A,#N/A,#N/A,#N/A,0,#N/A,#N/A,#N/A,#N/A,#N/A,#N/A,#N/A,0,#N/A,#N/A,#N/A,#N/A,#N/A,#N/A,#N/A,0,#N/A,#N/A,#N/A,#N/A,#N/A,#N/A,#N/A,0,#N/A,#N/A,#N/A,#N/A,#N/A,#N/A,#N/A,0,#N/A,#N/A,#N/A,#N/A,#N/A,#N/A,#N/A,0,#N/A,#N/A,#N/A,#N/A,#N/A,#N/A,#N/A,0,#N/A,#N/A,#N/A,#N/A,#N/A,#N/A,#N/A,0,#N/A,#N/A,#N/A,#N/A,#N/A,#N/A,#N/A,0,#N/A,#N/A,#N/A,#N/A,#N/A,#N/A,#N/A,0,#N/A,#N/A,#N/A,#N/A,#N/A,#N/A,#N/A,0,#N/A,#N/A,#N/A,#N/A,#N/A,#N/A,#N/A,0,,,,,,,,,,,,,,,,,,,,,,,,,,,,
98,218,AUTOR,16,Me,98,7,7,2,7,0,0,3,1,0,0,0,0,0,1,1,2,0,0,0,0,0,1,1,3,0,0,0,0,0,1,1,4,0,1,0,0,0,0,1,5,1,0,1,0,0,0,2,6,4,1,3,0,0,0,5,7,2,0,3,0,0,0,4,#N/A,#N/A,#N/A,#N/A,#N/A,#N/A,#N/A,0,#N/A,#N/A,#N/A,#N/A,#N/A,#N/A,#N/A,0,#N/A,#N/A,#N/A,#N/A,#N/A,#N/A,#N/A,0,#N/A,#N/A,#N/A,#N/A,#N/A,#N/A,#N/A,0,#N/A,#N/A,#N/A,#N/A,#N/A,#N/A,#N/A,0,#N/A,#N/A,#N/A,#N/A,#N/A,#N/A,#N/A,0,#N/A,#N/A,#N/A,#N/A,#N/A,#N/A,#N/A,0,#N/A,#N/A,#N/A,#N/A,#N/A,#N/A,#N/A,0,#N/A,#N/A,#N/A,#N/A,#N/A,#N/A,#N/A,0,#N/A,#N/A,#N/A,#N/A,#N/A,#N/A,#N/A,0,#N/A,#N/A,#N/A,#N/A,#N/A,#N/A,#N/A,0,#N/A,#N/A,#N/A,#N/A,#N/A,#N/A,#N/A,0,#N/A,#N/A,#N/A,#N/A,#N/A,#N/A,#N/A,0,#N/A,#N/A,#N/A,#N/A,#N/A,#N/A,#N/A,0,#N/A,#N/A,#N/A,#N/A,#N/A,#N/A,#N/A,0,#N/A,#N/A,#N/A,#N/A,#N/A,#N/A,#N/A,0,,,,,,,,,,,,,,,,,,,,,,,,,,,,
99,219,AUTOR,2.5,Sh,99,1,2,1,0,0,0,0,1,2,1,0,0,0,0,2,#N/A,#N/A,#N/A,#N/A,#N/A,#N/A,#N/A,0,#N/A,#N/A,#N/A,#N/A,#N/A,#N/A,#N/A,0,#N/A,#N/A,#N/A,#N/A,#N/A,#N/A,#N/A,0,#N/A,#N/A,#N/A,#N/A,#N/A,#N/A,#N/A,0,#N/A,#N/A,#N/A,#N/A,#N/A,#N/A,#N/A,0,#N/A,#N/A,#N/A,#N/A,#N/A,#N/A,#N/A,0,#N/A,#N/A,#N/A,#N/A,#N/A,#N/A,#N/A,0,#N/A,#N/A,#N/A,#N/A,#N/A,#N/A,#N/A,0,#N/A,#N/A,#N/A,#N/A,#N/A,#N/A,#N/A,0,#N/A,#N/A,#N/A,#N/A,#N/A,#N/A,#N/A,0,#N/A,#N/A,#N/A,#N/A,#N/A,#N/A,#N/A,0,#N/A,#N/A,#N/A,#N/A,#N/A,#N/A,#N/A,0,#N/A,#N/A,#N/A,#N/A,#N/A,#N/A,#N/A,0,#N/A,#N/A,#N/A,#N/A,#N/A,#N/A,#N/A,0,#N/A,#N/A,#N/A,#N/A,#N/A,#N/A,#N/A,0,#N/A,#N/A,#N/A,#N/A,#N/A,#N/A,#N/A,0,#N/A,#N/A,#N/A,#N/A,#N/A,#N/A,#N/A,0,#N/A,#N/A,#N/A,#N/A,#N/A,#N/A,#N/A,0,#N/A,#N/A,#N/A,#N/A,#N/A,#N/A,#N/A,0,#N/A,#N/A,#N/A,#N/A,#N/A,#N/A,#N/A,0,#N/A,#N/A,#N/A,#N/A,#N/A,#N/A,#N/A,0,#N/A,#N/A,#N/A,#N/A,#N/A,#N/A,#N/A,0,,,,,,,,,,,,,,,,,,,,,,,,,,,,
100,220,AUTOR,72,VLo,100,23,4,23,8,1,1,1,1,0,1,0,0,0,0,1,2,0,1,0,0,0,0,1,3,0,0,0,0,0,1,1,4,0,1,0,0,0,0,1,5,0,2,0,0,0,0,2,6,0,0,2,1,1,0,2,7,0,1,1,0,0,0,2,8,2,2,0,0,0,0,3,9,2,2,2,0,0,0,5,10,0,1,0,0,0,0,1,11,0,1,0,0,0,0,1,12,0,1,0,0,0,0,1,13,0,1,0,0,0,0,1,14,0,1,0,0,0,0,1,15,0,1,0,0,0,0,1,16,0,1,0,0,0,0,1,17,0,1,0,0,0,0,1,18,0,0,1,0,0,0,1,19,0,0,1,0,0,0,1,20,0,0,1,0,0,0,1,21,0,1,0,0,0,0,1,22,0,1,0,0,0,0,1,23,0,3,0,0,0,0,3,,,,,,,,,,,,,,,,,,,,,,,,,,,,
101,221,AUTOR,32,Lo,101,11,27,9,7,0,0,1,1,0,0,0,0,0,1,1,2,4,1,0,0,0,0,2,3,1,1,1,0,0,0,3,4,2,0,2,0,0,0,3,5,4,2,0,0,0,0,3,6,0,0,1,0,0,0,1,7,2,0,2,0,0,0,3,8,5,1,1,0,0,0,3,9,5,1,0,0,0,0,2,10,0,1,0,0,0,0,1,11,4,2,0,0,0,0,3,#N/A,#N/A,#N/A,#N/A,#N/A,#N/A,#N/A,0,#N/A,#N/A,#N/A,#N/A,#N/A,#N/A,#N/A,0,#N/A,#N/A,#N/A,#N/A,#N/A,#N/A,#N/A,0,#N/A,#N/A,#N/A,#N/A,#N/A,#N/A,#N/A,0,#N/A,#N/A,#N/A,#N/A,#N/A,#N/A,#N/A,0,#N/A,#N/A,#N/A,#N/A,#N/A,#N/A,#N/A,0,#N/A,#N/A,#N/A,#N/A,#N/A,#N/A,#N/A,0,#N/A,#N/A,#N/A,#N/A,#N/A,#N/A,#N/A,0,#N/A,#N/A,#N/A,#N/A,#N/A,#N/A,#N/A,0,#N/A,#N/A,#N/A,#N/A,#N/A,#N/A,#N/A,0,#N/A,#N/A,#N/A,#N/A,#N/A,#N/A,#N/A,0,#N/A,#N/A,#N/A,#N/A,#N/A,#N/A,#N/A,0,,,,,,,,,,,,,,,,,,,,,,,,,,,,
102,222,AUTOR,10,Me,102,7,7,6,2,0,0,1,1,0,1,0,0,0,0,1,2,0,1,0,0,0,0,1,3,0,0,0,0,0,1,1,4,2,1,1,0,0,0,3,5,0,1,1,0,0,0,2,6,0,1,0,0,0,0,1,7,5,1,0,0,0,0,2,#N/A,#N/A,#N/A,#N/A,#N/A,#N/A,#N/A,0,#N/A,#N/A,#N/A,#N/A,#N/A,#N/A,#N/A,0,#N/A,#N/A,#N/A,#N/A,#N/A,#N/A,#N/A,0,#N/A,#N/A,#N/A,#N/A,#N/A,#N/A,#N/A,0,#N/A,#N/A,#N/A,#N/A,#N/A,#N/A,#N/A,0,#N/A,#N/A,#N/A,#N/A,#N/A,#N/A,#N/A,0,#N/A,#N/A,#N/A,#N/A,#N/A,#N/A,#N/A,0,#N/A,#N/A,#N/A,#N/A,#N/A,#N/A,#N/A,0,#N/A,#N/A,#N/A,#N/A,#N/A,#N/A,#N/A,0,#N/A,#N/A,#N/A,#N/A,#N/A,#N/A,#N/A,0,#N/A,#N/A,#N/A,#N/A,#N/A,#N/A,#N/A,0,#N/A,#N/A,#N/A,#N/A,#N/A,#N/A,#N/A,0,#N/A,#N/A,#N/A,#N/A,#N/A,#N/A,#N/A,0,#N/A,#N/A,#N/A,#N/A,#N/A,#N/A,#N/A,0,#N/A,#N/A,#N/A,#N/A,#N/A,#N/A,#N/A,0,#N/A,#N/A,#N/A,#N/A,#N/A,#N/A,#N/A,0,,,,,,,,,,,,,,,,,,,,,,,,,,,,
103,223,AUTOR,2.5,Sh,103,4,1,0,4,1,3,2,1,0,0,0,0,0,1,1,2,0,0,0,0,0,1,1,3,0,0,1,0,0,0,1,4,1,0,3,1,3,0,4,#N/A,#N/A,#N/A,#N/A,#N/A,#N/A,#N/A,0,#N/A,#N/A,#N/A,#N/A,#N/A,#N/A,#N/A,0,#N/A,#N/A,#N/A,#N/A,#N/A,#N/A,#N/A,0,#N/A,#N/A,#N/A,#N/A,#N/A,#N/A,#N/A,0,#N/A,#N/A,#N/A,#N/A,#N/A,#N/A,#N/A,0,#N/A,#N/A,#N/A,#N/A,#N/A,#N/A,#N/A,0,#N/A,#N/A,#N/A,#N/A,#N/A,#N/A,#N/A,0,#N/A,#N/A,#N/A,#N/A,#N/A,#N/A,#N/A,0,#N/A,#N/A,#N/A,#N/A,#N/A,#N/A,#N/A,0,#N/A,#N/A,#N/A,#N/A,#N/A,#N/A,#N/A,0,#N/A,#N/A,#N/A,#N/A,#N/A,#N/A,#N/A,0,#N/A,#N/A,#N/A,#N/A,#N/A,#N/A,#N/A,0,#N/A,#N/A,#N/A,#N/A,#N/A,#N/A,#N/A,0,#N/A,#N/A,#N/A,#N/A,#N/A,#N/A,#N/A,0,#N/A,#N/A,#N/A,#N/A,#N/A,#N/A,#N/A,0,#N/A,#N/A,#N/A,#N/A,#N/A,#N/A,#N/A,0,#N/A,#N/A,#N/A,#N/A,#N/A,#N/A,#N/A,0,#N/A,#N/A,#N/A,#N/A,#N/A,#N/A,#N/A,0,#N/A,#N/A,#N/A,#N/A,#N/A,#N/A,#N/A,0,,,,,,,,,,,,,,,,,,,,,,,,,,,,
104,224,AUTOR,33,Lo,104,12,0,6,9,6,20,0,1,0,1,0,0,0,0,1,2,0,1,0,0,0,0,1,3,0,1,0,0,0,0,1,4,0,0,1,1,3,0,1,5,0,1,3,1,3,0,4,6,0,1,0,0,0,0,1,7,0,0,1,1,3,0,1,8,0,0,1,1,4,0,1,9,0,0,1,1,4,0,1,10,0,0,1,1,3,0,1,11,0,1,0,0,0,0,1,12,0,0,1,0,0,0,1,#N/A,#N/A,#N/A,#N/A,#N/A,#N/A,#N/A,0,#N/A,#N/A,#N/A,#N/A,#N/A,#N/A,#N/A,0,#N/A,#N/A,#N/A,#N/A,#N/A,#N/A,#N/A,0,#N/A,#N/A,#N/A,#N/A,#N/A,#N/A,#N/A,0,#N/A,#N/A,#N/A,#N/A,#N/A,#N/A,#N/A,0,#N/A,#N/A,#N/A,#N/A,#N/A,#N/A,#N/A,0,#N/A,#N/A,#N/A,#N/A,#N/A,#N/A,#N/A,0,#N/A,#N/A,#N/A,#N/A,#N/A,#N/A,#N/A,0,#N/A,#N/A,#N/A,#N/A,#N/A,#N/A,#N/A,0,#N/A,#N/A,#N/A,#N/A,#N/A,#N/A,#N/A,0,#N/A,#N/A,#N/A,#N/A,#N/A,#N/A,#N/A,0,,,,,,,,,,,,,,,,,,,,,,,,,,,,
105,225,AUTOR,2.5,Sh,105,3,3,2,2,0,0,0,1,0,0,1,0,0,0,1,2,0,1,0,0,0,0,1,3,3,1,1,0,0,0,3,#N/A,#N/A,#N/A,#N/A,#N/A,#N/A,#N/A,0,#N/A,#N/A,#N/A,#N/A,#N/A,#N/A,#N/A,0,#N/A,#N/A,#N/A,#N/A,#N/A,#N/A,#N/A,0,#N/A,#N/A,#N/A,#N/A,#N/A,#N/A,#N/A,0,#N/A,#N/A,#N/A,#N/A,#N/A,#N/A,#N/A,0,#N/A,#N/A,#N/A,#N/A,#N/A,#N/A,#N/A,0,#N/A,#N/A,#N/A,#N/A,#N/A,#N/A,#N/A,0,#N/A,#N/A,#N/A,#N/A,#N/A,#N/A,#N/A,0,#N/A,#N/A,#N/A,#N/A,#N/A,#N/A,#N/A,0,#N/A,#N/A,#N/A,#N/A,#N/A,#N/A,#N/A,0,#N/A,#N/A,#N/A,#N/A,#N/A,#N/A,#N/A,0,#N/A,#N/A,#N/A,#N/A,#N/A,#N/A,#N/A,0,#N/A,#N/A,#N/A,#N/A,#N/A,#N/A,#N/A,0,#N/A,#N/A,#N/A,#N/A,#N/A,#N/A,#N/A,0,#N/A,#N/A,#N/A,#N/A,#N/A,#N/A,#N/A,0,#N/A,#N/A,#N/A,#N/A,#N/A,#N/A,#N/A,0,#N/A,#N/A,#N/A,#N/A,#N/A,#N/A,#N/A,0,#N/A,#N/A,#N/A,#N/A,#N/A,#N/A,#N/A,0,#N/A,#N/A,#N/A,#N/A,#N/A,#N/A,#N/A,0,#N/A,#N/A,#N/A,#N/A,#N/A,#N/A,#N/A,0,,,,,,,,,,,,,,,,,,,,,,,,,,,,
106,226,AUTOR,3.5,Sh,106,4,4,3,1,0,0,1,1,0,1,0,0,0,0,1,2,0,1,0,0,0,0,1,3,0,0,0,0,0,1,1,4,4,1,1,0,0,0,3,#N/A,#N/A,#N/A,#N/A,#N/A,#N/A,#N/A,0,#N/A,#N/A,#N/A,#N/A,#N/A,#N/A,#N/A,0,#N/A,#N/A,#N/A,#N/A,#N/A,#N/A,#N/A,0,#N/A,#N/A,#N/A,#N/A,#N/A,#N/A,#N/A,0,#N/A,#N/A,#N/A,#N/A,#N/A,#N/A,#N/A,0,#N/A,#N/A,#N/A,#N/A,#N/A,#N/A,#N/A,0,#N/A,#N/A,#N/A,#N/A,#N/A,#N/A,#N/A,0,#N/A,#N/A,#N/A,#N/A,#N/A,#N/A,#N/A,0,#N/A,#N/A,#N/A,#N/A,#N/A,#N/A,#N/A,0,#N/A,#N/A,#N/A,#N/A,#N/A,#N/A,#N/A,0,#N/A,#N/A,#N/A,#N/A,#N/A,#N/A,#N/A,0,#N/A,#N/A,#N/A,#N/A,#N/A,#N/A,#N/A,0,#N/A,#N/A,#N/A,#N/A,#N/A,#N/A,#N/A,0,#N/A,#N/A,#N/A,#N/A,#N/A,#N/A,#N/A,0,#N/A,#N/A,#N/A,#N/A,#N/A,#N/A,#N/A,0,#N/A,#N/A,#N/A,#N/A,#N/A,#N/A,#N/A,0,#N/A,#N/A,#N/A,#N/A,#N/A,#N/A,#N/A,0,#N/A,#N/A,#N/A,#N/A,#N/A,#N/A,#N/A,0,#N/A,#N/A,#N/A,#N/A,#N/A,#N/A,#N/A,0,,,,,,,,,,,,,,,,,,,,,,,,,,,,
107,227,AUTOR,30,Lo,107,13,8,8,11,4,14,1,1,0,1,0,0,0,0,1,2,0,0,1,1,2,0,1,3,0,0,0,0,0,1,1,4,0,2,1,0,0,0,3,5,2,1,2,0,0,0,4,6,0,0,1,1,4,0,1,7,6,3,1,1,4,0,5,8,0,0,1,1,4,0,1,9,0,0,1,0,0,0,1,10,0,0,1,0,0,0,1,11,0,1,0,0,0,0,1,12,0,0,1,0,0,0,1,13,0,0,1,0,0,0,1,#N/A,#N/A,#N/A,#N/A,#N/A,#N/A,#N/A,0,#N/A,#N/A,#N/A,#N/A,#N/A,#N/A,#N/A,0,#N/A,#N/A,#N/A,#N/A,#N/A,#N/A,#N/A,0,#N/A,#N/A,#N/A,#N/A,#N/A,#N/A,#N/A,0,#N/A,#N/A,#N/A,#N/A,#N/A,#N/A,#N/A,0,#N/A,#N/A,#N/A,#N/A,#N/A,#N/A,#N/A,0,#N/A,#N/A,#N/A,#N/A,#N/A,#N/A,#N/A,0,#N/A,#N/A,#N/A,#N/A,#N/A,#N/A,#N/A,0,#N/A,#N/A,#N/A,#N/A,#N/A,#N/A,#N/A,0,#N/A,#N/A,#N/A,#N/A,#N/A,#N/A,#N/A,0,,,,,,,,,,,,,,,,,,,,,,,,,,,,
108,228,AUTOR,25,Lo,108,13,6,11,8,0,0,0,1,0,1,0,0,0,0,1,2,0,0,1,0,0,0,1,3,2,3,0,0,0,0,4,4,0,2,1,0,0,0,3,5,0,1,0,0,0,0,1,6,0,0,1,0,0,0,1,7,0,0,1,0,0,0,1,8,0,0,1,0,0,0,1,9,0,1,0,0,0,0,1,10,4,2,0,0,0,0,3,11,0,0,1,0,0,0,1,12,0,0,1,0,0,0,1,13,0,1,1,0,0,0,2,#N/A,#N/A,#N/A,#N/A,#N/A,#N/A,#N/A,0,#N/A,#N/A,#N/A,#N/A,#N/A,#N/A,#N/A,0,#N/A,#N/A,#N/A,#N/A,#N/A,#N/A,#N/A,0,#N/A,#N/A,#N/A,#N/A,#N/A,#N/A,#N/A,0,#N/A,#N/A,#N/A,#N/A,#N/A,#N/A,#N/A,0,#N/A,#N/A,#N/A,#N/A,#N/A,#N/A,#N/A,0,#N/A,#N/A,#N/A,#N/A,#N/A,#N/A,#N/A,0,#N/A,#N/A,#N/A,#N/A,#N/A,#N/A,#N/A,0,#N/A,#N/A,#N/A,#N/A,#N/A,#N/A,#N/A,0,#N/A,#N/A,#N/A,#N/A,#N/A,#N/A,#N/A,0,,,,,,,,,,,,,,,,,,,,,,,,,,,,
109,229,AUTOR,5.5,Me,109,5,6,6,2,0,0,1,1,0,0,0,0,0,1,1,2,0,1,0,0,0,0,1,3,3,3,0,0,0,0,4,4,0,1,2,0,0,0,3,5,3,1,0,0,0,0,2,#N/A,#N/A,#N/A,#N/A,#N/A,#N/A,#N/A,0,#N/A,#N/A,#N/A,#N/A,#N/A,#N/A,#N/A,0,#N/A,#N/A,#N/A,#N/A,#N/A,#N/A,#N/A,0,#N/A,#N/A,#N/A,#N/A,#N/A,#N/A,#N/A,0,#N/A,#N/A,#N/A,#N/A,#N/A,#N/A,#N/A,0,#N/A,#N/A,#N/A,#N/A,#N/A,#N/A,#N/A,0,#N/A,#N/A,#N/A,#N/A,#N/A,#N/A,#N/A,0,#N/A,#N/A,#N/A,#N/A,#N/A,#N/A,#N/A,0,#N/A,#N/A,#N/A,#N/A,#N/A,#N/A,#N/A,0,#N/A,#N/A,#N/A,#N/A,#N/A,#N/A,#N/A,0,#N/A,#N/A,#N/A,#N/A,#N/A,#N/A,#N/A,0,#N/A,#N/A,#N/A,#N/A,#N/A,#N/A,#N/A,0,#N/A,#N/A,#N/A,#N/A,#N/A,#N/A,#N/A,0,#N/A,#N/A,#N/A,#N/A,#N/A,#N/A,#N/A,0,#N/A,#N/A,#N/A,#N/A,#N/A,#N/A,#N/A,0,#N/A,#N/A,#N/A,#N/A,#N/A,#N/A,#N/A,0,#N/A,#N/A,#N/A,#N/A,#N/A,#N/A,#N/A,0,#N/A,#N/A,#N/A,#N/A,#N/A,#N/A,#N/A,0,,,,,,,,,,,,,,,,,,,,,,,,,,,,
110,230,AUTOR,33,Lo,110,16,4,6,11,4,13,3,1,0,0,0,0,0,1,1,2,0,0,0,0,0,1,1,3,0,0,0,0,0,1,1,4,1,3,0,0,0,0,4,5,1,1,2,0,0,0,4,6,0,0,1,0,0,0,1,7,0,0,1,0,0,0,1,8,0,0,1,1,3,0,1,9,0,0,1,1,3,0,1,10,0,0,1,1,4,0,1,11,0,0,1,0,0,0,1,12,0,0,1,1,3,0,1,13,0,0,1,0,0,0,1,14,0,0,1,0,0,0,1,15,0,1,0,0,0,0,1,16,2,1,0,0,0,0,2,#N/A,#N/A,#N/A,#N/A,#N/A,#N/A,#N/A,0,#N/A,#N/A,#N/A,#N/A,#N/A,#N/A,#N/A,0,#N/A,#N/A,#N/A,#N/A,#N/A,#N/A,#N/A,0,#N/A,#N/A,#N/A,#N/A,#N/A,#N/A,#N/A,0,#N/A,#N/A,#N/A,#N/A,#N/A,#N/A,#N/A,0,#N/A,#N/A,#N/A,#N/A,#N/A,#N/A,#N/A,0,#N/A,#N/A,#N/A,#N/A,#N/A,#N/A,#N/A,0,,,,,,,,,,,,,,,,,,,,,,,,,,,,
111,231,AUTOR,43,VLo,111,20,10,11,8,5,14,4,1,0,0,0,0,0,1,1,2,0,0,0,0,0,1,1,3,0,0,0,0,0,1,1,4,0,0,0,0,0,1,1,5,0,1,0,0,0,0,1,6,0,1,0,0,0,0,1,7,4,2,0,0,0,0,3,8,2,2,2,0,0,0,5,9,0,1,0,0,0,0,1,10,0,1,0,0,0,0,1,11,0,0,1,1,3,0,1,12,0,0,1,1,3,0,1,13,0,0,1,0,0,0,1,14,0,0,1,1,1,0,1,15,0,0,1,1,3,0,1,16,0,0,1,1,4,0,1,17,0,1,0,0,0,0,1,18,0,1,0,0,0,0,1,19,0,1,0,0,0,0,1,20,4,0,0,0,0,0,1,#N/A,#N/A,#N/A,#N/A,#N/A,#N/A,#N/A,0,#N/A,#N/A,#N/A,#N/A,#N/A,#N/A,#N/A,0,#N/A,#N/A,#N/A,#N/A,#N/A,#N/A,#N/A,0,,,,,,,,,,,,,,,,,,,,,,,,,,,,
112,232,AUTOR,10.5,Me,112,7,5,4,4,0,0,4,1,0,0,0,0,0,1,1,2,0,0,0,0,0,1,1,3,0,0,0,0,0,1,1,4,0,0,0,0,0,1,1,5,3,0,3,0,0,0,4,6,1,2,1,0,0,0,4,7,1,2,0,0,0,0,3,#N/A,#N/A,#N/A,#N/A,#N/A,#N/A,#N/A,0,#N/A,#N/A,#N/A,#N/A,#N/A,#N/A,#N/A,0,#N/A,#N/A,#N/A,#N/A,#N/A,#N/A,#N/A,0,#N/A,#N/A,#N/A,#N/A,#N/A,#N/A,#N/A,0,#N/A,#N/A,#N/A,#N/A,#N/A,#N/A,#N/A,0,#N/A,#N/A,#N/A,#N/A,#N/A,#N/A,#N/A,0,#N/A,#N/A,#N/A,#N/A,#N/A,#N/A,#N/A,0,#N/A,#N/A,#N/A,#N/A,#N/A,#N/A,#N/A,0,#N/A,#N/A,#N/A,#N/A,#N/A,#N/A,#N/A,0,#N/A,#N/A,#N/A,#N/A,#N/A,#N/A,#N/A,0,#N/A,#N/A,#N/A,#N/A,#N/A,#N/A,#N/A,0,#N/A,#N/A,#N/A,#N/A,#N/A,#N/A,#N/A,0,#N/A,#N/A,#N/A,#N/A,#N/A,#N/A,#N/A,0,#N/A,#N/A,#N/A,#N/A,#N/A,#N/A,#N/A,0,#N/A,#N/A,#N/A,#N/A,#N/A,#N/A,#N/A,0,#N/A,#N/A,#N/A,#N/A,#N/A,#N/A,#N/A,0,,,,,,,,,,,,,,,,,,,,,,,,,,,,
113,233,AUTOR,1.5,Sh,113,1,4,1,0,0,0,0,1,4,1,0,0,0,0,2,#N/A,#N/A,#N/A,#N/A,#N/A,#N/A,#N/A,0,#N/A,#N/A,#N/A,#N/A,#N/A,#N/A,#N/A,0,#N/A,#N/A,#N/A,#N/A,#N/A,#N/A,#N/A,0,#N/A,#N/A,#N/A,#N/A,#N/A,#N/A,#N/A,0,#N/A,#N/A,#N/A,#N/A,#N/A,#N/A,#N/A,0,#N/A,#N/A,#N/A,#N/A,#N/A,#N/A,#N/A,0,#N/A,#N/A,#N/A,#N/A,#N/A,#N/A,#N/A,0,#N/A,#N/A,#N/A,#N/A,#N/A,#N/A,#N/A,0,#N/A,#N/A,#N/A,#N/A,#N/A,#N/A,#N/A,0,#N/A,#N/A,#N/A,#N/A,#N/A,#N/A,#N/A,0,#N/A,#N/A,#N/A,#N/A,#N/A,#N/A,#N/A,0,#N/A,#N/A,#N/A,#N/A,#N/A,#N/A,#N/A,0,#N/A,#N/A,#N/A,#N/A,#N/A,#N/A,#N/A,0,#N/A,#N/A,#N/A,#N/A,#N/A,#N/A,#N/A,0,#N/A,#N/A,#N/A,#N/A,#N/A,#N/A,#N/A,0,#N/A,#N/A,#N/A,#N/A,#N/A,#N/A,#N/A,0,#N/A,#N/A,#N/A,#N/A,#N/A,#N/A,#N/A,0,#N/A,#N/A,#N/A,#N/A,#N/A,#N/A,#N/A,0,#N/A,#N/A,#N/A,#N/A,#N/A,#N/A,#N/A,0,#N/A,#N/A,#N/A,#N/A,#N/A,#N/A,#N/A,0,#N/A,#N/A,#N/A,#N/A,#N/A,#N/A,#N/A,0,#N/A,#N/A,#N/A,#N/A,#N/A,#N/A,#N/A,0,,,,,,,,,,,,,,,,,,,,,,,,,,,,
114,234,AUTOR,2,Sh,114,2,0,1,1,0,0,0,1,0,1,0,0,0,0,1,2,0,0,1,0,0,0,1,#N/A,#N/A,#N/A,#N/A,#N/A,#N/A,#N/A,0,#N/A,#N/A,#N/A,#N/A,#N/A,#N/A,#N/A,0,#N/A,#N/A,#N/A,#N/A,#N/A,#N/A,#N/A,0,#N/A,#N/A,#N/A,#N/A,#N/A,#N/A,#N/A,0,#N/A,#N/A,#N/A,#N/A,#N/A,#N/A,#N/A,0,#N/A,#N/A,#N/A,#N/A,#N/A,#N/A,#N/A,0,#N/A,#N/A,#N/A,#N/A,#N/A,#N/A,#N/A,0,#N/A,#N/A,#N/A,#N/A,#N/A,#N/A,#N/A,0,#N/A,#N/A,#N/A,#N/A,#N/A,#N/A,#N/A,0,#N/A,#N/A,#N/A,#N/A,#N/A,#N/A,#N/A,0,#N/A,#N/A,#N/A,#N/A,#N/A,#N/A,#N/A,0,#N/A,#N/A,#N/A,#N/A,#N/A,#N/A,#N/A,0,#N/A,#N/A,#N/A,#N/A,#N/A,#N/A,#N/A,0,#N/A,#N/A,#N/A,#N/A,#N/A,#N/A,#N/A,0,#N/A,#N/A,#N/A,#N/A,#N/A,#N/A,#N/A,0,#N/A,#N/A,#N/A,#N/A,#N/A,#N/A,#N/A,0,#N/A,#N/A,#N/A,#N/A,#N/A,#N/A,#N/A,0,#N/A,#N/A,#N/A,#N/A,#N/A,#N/A,#N/A,0,#N/A,#N/A,#N/A,#N/A,#N/A,#N/A,#N/A,0,#N/A,#N/A,#N/A,#N/A,#N/A,#N/A,#N/A,0,#N/A,#N/A,#N/A,#N/A,#N/A,#N/A,#N/A,0,,,,,,,,,,,,,,,,,,,,,,,,,,,,
115,235,AUTOR,4.8,Sh,115,4,3,3,2,1,2,0,1,0,1,0,0,0,0,1,2,0,0,1,0,0,0,1,3,1,1,0,0,0,0,2,4,2,1,1,1,2,0,3,#N/A,#N/A,#N/A,#N/A,#N/A,#N/A,#N/A,0,#N/A,#N/A,#N/A,#N/A,#N/A,#N/A,#N/A,0,#N/A,#N/A,#N/A,#N/A,#N/A,#N/A,#N/A,0,#N/A,#N/A,#N/A,#N/A,#N/A,#N/A,#N/A,0,#N/A,#N/A,#N/A,#N/A,#N/A,#N/A,#N/A,0,#N/A,#N/A,#N/A,#N/A,#N/A,#N/A,#N/A,0,#N/A,#N/A,#N/A,#N/A,#N/A,#N/A,#N/A,0,#N/A,#N/A,#N/A,#N/A,#N/A,#N/A,#N/A,0,#N/A,#N/A,#N/A,#N/A,#N/A,#N/A,#N/A,0,#N/A,#N/A,#N/A,#N/A,#N/A,#N/A,#N/A,0,#N/A,#N/A,#N/A,#N/A,#N/A,#N/A,#N/A,0,#N/A,#N/A,#N/A,#N/A,#N/A,#N/A,#N/A,0,#N/A,#N/A,#N/A,#N/A,#N/A,#N/A,#N/A,0,#N/A,#N/A,#N/A,#N/A,#N/A,#N/A,#N/A,0,#N/A,#N/A,#N/A,#N/A,#N/A,#N/A,#N/A,0,#N/A,#N/A,#N/A,#N/A,#N/A,#N/A,#N/A,0,#N/A,#N/A,#N/A,#N/A,#N/A,#N/A,#N/A,0,#N/A,#N/A,#N/A,#N/A,#N/A,#N/A,#N/A,0,#N/A,#N/A,#N/A,#N/A,#N/A,#N/A,#N/A,0,,,,,,,,,,,,,,,,,,,,,,,,,,,,
116,236,AUTOR,38.5,Lo,116,13,5,4,10,7,23,1,1,0,1,0,0,0,0,1,2,0,0,1,0,0,0,1,3,0,0,1,0,0,0,1,4,0,0,0,0,0,1,1,5,4,2,1,1,3,0,4,6,0,0,1,1,2,0,1,7,0,0,1,1,2,0,1,8,0,0,1,1,5,0,1,9,0,0,1,1,3,0,1,10,0,0,1,1,4,0,1,11,0,0,1,1,4,0,1,12,0,0,1,0,0,0,1,13,1,1,0,0,0,0,2,#N/A,#N/A,#N/A,#N/A,#N/A,#N/A,#N/A,0,#N/A,#N/A,#N/A,#N/A,#N/A,#N/A,#N/A,0,#N/A,#N/A,#N/A,#N/A,#N/A,#N/A,#N/A,0,#N/A,#N/A,#N/A,#N/A,#N/A,#N/A,#N/A,0,#N/A,#N/A,#N/A,#N/A,#N/A,#N/A,#N/A,0,#N/A,#N/A,#N/A,#N/A,#N/A,#N/A,#N/A,0,#N/A,#N/A,#N/A,#N/A,#N/A,#N/A,#N/A,0,#N/A,#N/A,#N/A,#N/A,#N/A,#N/A,#N/A,0,#N/A,#N/A,#N/A,#N/A,#N/A,#N/A,#N/A,0,#N/A,#N/A,#N/A,#N/A,#N/A,#N/A,#N/A,0,,,,,,,,,,,,,,,,,,,,,,,,,,,,
117,237,AUTOR,43.5,VLo,117,18,6,13,12,6,17,0,1,0,1,0,0,0,0,1,2,0,1,0,0,0,0,1,3,0,1,0,0,0,0,1,4,0,1,0,0,0,0,1,5,0,1,0,0,0,0,1,6,0,1,0,0,0,0,1,7,2,1,3,1,3,0,5,8,4,1,3,1,1,0,5,9,0,1,0,0,0,0,1,10,0,1,0,0,0,0,1,11,0,0,1,1,3,0,1,12,0,0,1,0,0,0,1,13,0,0,1,1,3,0,1,14,0,0,1,1,3,0,1,15,0,0,1,1,4,0,1,16,0,0,1,0,0,0,1,17,0,1,0,0,0,0,1,18,0,2,0,0,0,0,2,#N/A,#N/A,#N/A,#N/A,#N/A,#N/A,#N/A,0,#N/A,#N/A,#N/A,#N/A,#N/A,#N/A,#N/A,0,#N/A,#N/A,#N/A,#N/A,#N/A,#N/A,#N/A,0,#N/A,#N/A,#N/A,#N/A,#N/A,#N/A,#N/A,0,#N/A,#N/A,#N/A,#N/A,#N/A,#N/A,#N/A,0,,,,,,,,,,,,,,,,,,,,,,,,,,,,
118,238,AUTOR,2,Sh,118,2,0,3,2,0,0,0,1,0,1,0,0,0,0,1,2,0,2,2,0,0,0,4,#N/A,#N/A,#N/A,#N/A,#N/A,#N/A,#N/A,0,#N/A,#N/A,#N/A,#N/A,#N/A,#N/A,#N/A,0,#N/A,#N/A,#N/A,#N/A,#N/A,#N/A,#N/A,0,#N/A,#N/A,#N/A,#N/A,#N/A,#N/A,#N/A,0,#N/A,#N/A,#N/A,#N/A,#N/A,#N/A,#N/A,0,#N/A,#N/A,#N/A,#N/A,#N/A,#N/A,#N/A,0,#N/A,#N/A,#N/A,#N/A,#N/A,#N/A,#N/A,0,#N/A,#N/A,#N/A,#N/A,#N/A,#N/A,#N/A,0,#N/A,#N/A,#N/A,#N/A,#N/A,#N/A,#N/A,0,#N/A,#N/A,#N/A,#N/A,#N/A,#N/A,#N/A,0,#N/A,#N/A,#N/A,#N/A,#N/A,#N/A,#N/A,0,#N/A,#N/A,#N/A,#N/A,#N/A,#N/A,#N/A,0,#N/A,#N/A,#N/A,#N/A,#N/A,#N/A,#N/A,0,#N/A,#N/A,#N/A,#N/A,#N/A,#N/A,#N/A,0,#N/A,#N/A,#N/A,#N/A,#N/A,#N/A,#N/A,0,#N/A,#N/A,#N/A,#N/A,#N/A,#N/A,#N/A,0,#N/A,#N/A,#N/A,#N/A,#N/A,#N/A,#N/A,0,#N/A,#N/A,#N/A,#N/A,#N/A,#N/A,#N/A,0,#N/A,#N/A,#N/A,#N/A,#N/A,#N/A,#N/A,0,#N/A,#N/A,#N/A,#N/A,#N/A,#N/A,#N/A,0,#N/A,#N/A,#N/A,#N/A,#N/A,#N/A,#N/A,0,,,,,,,,,,,,,,,,,,,,,,,,,,,,
119,239,AUTOR,7,Me,119,6,2,3,2,0,0,0,1,0,1,0,0,0,0,1,2,0,1,0,0,0,0,1,3,0,0,1,0,0,0,1,4,0,0,1,0,0,0,1,5,0,1,0,0,0,0,1,6,2,0,0,0,0,0,1,#N/A,#N/A,#N/A,#N/A,#N/A,#N/A,#N/A,0,#N/A,#N/A,#N/A,#N/A,#N/A,#N/A,#N/A,0,#N/A,#N/A,#N/A,#N/A,#N/A,#N/A,#N/A,0,#N/A,#N/A,#N/A,#N/A,#N/A,#N/A,#N/A,0,#N/A,#N/A,#N/A,#N/A,#N/A,#N/A,#N/A,0,#N/A,#N/A,#N/A,#N/A,#N/A,#N/A,#N/A,0,#N/A,#N/A,#N/A,#N/A,#N/A,#N/A,#N/A,0,#N/A,#N/A,#N/A,#N/A,#N/A,#N/A,#N/A,0,#N/A,#N/A,#N/A,#N/A,#N/A,#N/A,#N/A,0,#N/A,#N/A,#N/A,#N/A,#N/A,#N/A,#N/A,0,#N/A,#N/A,#N/A,#N/A,#N/A,#N/A,#N/A,0,#N/A,#N/A,#N/A,#N/A,#N/A,#N/A,#N/A,0,#N/A,#N/A,#N/A,#N/A,#N/A,#N/A,#N/A,0,#N/A,#N/A,#N/A,#N/A,#N/A,#N/A,#N/A,0,#N/A,#N/A,#N/A,#N/A,#N/A,#N/A,#N/A,0,#N/A,#N/A,#N/A,#N/A,#N/A,#N/A,#N/A,0,#N/A,#N/A,#N/A,#N/A,#N/A,#N/A,#N/A,0,,,,,,,,,,,,,,,,,,,,,,,,,,,,
120,240,AUTOR,40.5,VLo,120,16,7,8,15,0,0,0,1,0,1,0,0,0,0,1,2,0,1,0,0,0,0,1,3,0,1,0,0,0,0,1,4,0,0,1,0,0,0,1,5,1,1,2,0,0,0,4,6,1,0,3,0,0,0,4,7,0,0,1,0,0,0,1,8,0,0,1,0,0,0,1,9,5,2,0,0,0,0,3,10,0,0,1,0,0,0,1,11,0,0,1,0,0,0,1,12,0,0,1,0,0,0,1,13,0,0,1,0,0,0,1,14,0,0,1,0,0,0,1,15,0,0,1,0,0,0,1,16,0,2,1,0,0,0,3,#N/A,#N/A,#N/A,#N/A,#N/A,#N/A,#N/A,0,#N/A,#N/A,#N/A,#N/A,#N/A,#N/A,#N/A,0,#N/A,#N/A,#N/A,#N/A,#N/A,#N/A,#N/A,0,#N/A,#N/A,#N/A,#N/A,#N/A,#N/A,#N/A,0,#N/A,#N/A,#N/A,#N/A,#N/A,#N/A,#N/A,0,#N/A,#N/A,#N/A,#N/A,#N/A,#N/A,#N/A,0,#N/A,#N/A,#N/A,#N/A,#N/A,#N/A,#N/A,0,,,,,,,,,,,,,,,,,,,,,,,,,,,,
