"","ï..year","thesis","length","shoot1yo","length1yo","rank1yo","c","v","m","b","nuts","X.oss","year","shoot1yo.1","rank1yo.1","X.newshoots","dead.buds"
"1",2020,"AUTOR","VLo",1,42,1,0,1,0,0,"0",1,2021,1,1,0,-1
"2",2020,"AUTOR","VLo",1,42,2,0,0,0,1,"0",1,2021,1,2,0,-1
"3",2020,"AUTOR","VLo",1,42,3,0,1,0,0,"0",1,2021,1,3,1,0
"4",2020,"AUTOR","VLo",1,42,4,3,0,2,0,"0",3,2021,1,4,1,-2
"5",2020,"AUTOR","VLo",1,42,5,5,1,0,0,"0",2,2021,1,5,1,-1
"6",2020,"AUTOR","VLo",1,42,6,4,0,3,0,"3",4,2021,1,6,2,-2
"7",2020,"AUTOR","VLo",1,42,7,4,1,1,0,"0",3,2021,1,7,2,-1
"8",2020,"AUTOR","VLo",1,42,8,0,0,1,0,"3",1,2021,1,8,1,0
"9",2020,"AUTOR","VLo",1,42,9,0,0,1,0,"0",1,2021,1,9,1,0
"10",2020,"AUTOR","VLo",1,42,10,0,0,1,0,"3",1,2021,1,10,1,0
"11",2020,"AUTOR","VLo",1,42,11,0,0,1,0,"0",1,2021,1,11,1,0
"12",2020,"AUTOR","VLo",1,42,12,0,1,0,0,"0",1,2021,1,12,1,0
"13",2020,"AUTOR","VLo",1,42,13,0,2,1,0,"0",3,2021,1,13,2,-1
"14",2020,"AUTOR","Lo",2,40,1,0,1,0,0,"0",1,2021,2,1,1,0
"15",2020,"AUTOR","Lo",2,40,2,0,0,1,0,"2",1,2021,2,2,1,0
"16",2020,"AUTOR","Lo",2,40,3,0,1,0,0,"0",1,2021,2,3,1,0
"17",2020,"AUTOR","Lo",2,40,4,0,3,0,0,"0",3,2021,2,4,1,-2
"18",2020,"AUTOR","Lo",2,40,5,3,1,2,0,"2",4,2021,2,5,1,-3
"19",2020,"AUTOR","Lo",2,40,6,0,1,0,0,"0",1,2021,2,6,2,1
"20",2020,"AUTOR","Lo",2,40,7,4,3,2,0,"0",6,2021,2,7,1,-5
"21",2020,"AUTOR","Lo",2,40,8,0,0,1,0,"4",1,2021,2,8,1,0
"22",2020,"AUTOR","Lo",2,40,9,5,1,0,0,"0",2,2021,2,9,1,-1
"23",2020,"AUTOR","Lo",2,40,10,0,0,1,0,"3",1,2021,2,10,1,0
"24",2020,"AUTOR","Lo",2,40,11,2,2,0,0,"0",3,2021,2,11,1,-2
"25",2020,"AUTOR","Lo",2,40,12,0,0,1,0,"4",1,2021,2,12,1,0
"26",2020,"AUTOR","Lo",2,40,13,0,0,1,0,"5",1,2021,2,13,1,0
"27",2020,"AUTOR","Lo",2,40,14,0,0,1,0,"0",1,2021,2,14,1,0
"28",2020,"AUTOR","Me",3,9,1,0,1,0,0,"0",1,2021,3,1,0,-1
"29",2020,"AUTOR","Me",3,9,2,0,1,0,0,"0",1,2021,3,2,0,-1
"30",2020,"AUTOR","Me",3,9,3,0,1,0,0,"0",1,2021,3,3,0,-1
"31",2020,"AUTOR","Me",3,9,4,0,0,1,0,"2",1,2021,3,4,1,0
"32",2020,"AUTOR","Me",3,9,5,0,0,1,0,"4",1,2021,3,5,1,0
"33",2020,"AUTOR","Me",3,9,6,0,2,1,0,"0",3,2021,3,6,2,-1
"34",2020,"AUTOR","VLo",4,48,1,0,1,0,0,"0",1,2021,4,1,1,0
"35",2020,"AUTOR","VLo",4,48,2,0,1,0,0,"0",1,2021,4,2,1,0
"36",2020,"AUTOR","VLo",4,48,3,0,1,0,0,"0",1,2021,4,3,1,0
"37",2020,"AUTOR","VLo",4,48,4,0,1,0,0,"0",1,2021,4,4,1,0
"38",2020,"AUTOR","VLo",4,48,5,0,0,1,0,"4",1,2021,4,5,1,0
"39",2020,"AUTOR","VLo",4,48,6,0,0,1,0,"6",1,2021,4,6,1,0
"40",2020,"AUTOR","VLo",4,48,7,0,1,0,0,"0",1,2021,4,7,1,0
"41",2020,"AUTOR","VLo",4,48,8,0,1,0,0,"0",1,2021,4,8,1,0
"42",2020,"AUTOR","VLo",4,48,9,0,1,0,0,"0",1,2021,4,9,1,0
"43",2020,"AUTOR","VLo",4,48,10,0,1,0,0,"0",1,2021,4,10,1,0
"44",2020,"AUTOR","VLo",4,48,11,0,1,0,0,"0",1,2021,4,11,1,0
"45",2020,"AUTOR","VLo",4,48,12,0,1,0,0,"0",1,2021,4,12,1,0
"46",2020,"AUTOR","VLo",4,48,13,0,1,0,0,"0",1,2021,4,13,1,0
"47",2020,"AUTOR","VLo",4,48,14,0,1,0,0,"0",1,2021,4,14,1,0
"48",2020,"AUTOR","VLo",4,48,15,0,1,0,0,"0",1,2021,4,15,1,0
"49",2020,"AUTOR","VLo",4,48,16,0,1,0,0,"0",1,2021,4,16,1,0
"50",2020,"AUTOR","VLo",4,48,17,0,3,0,0,"0",3,2021,4,17,3,0
"51",2020,"AUTOR","VLo",5,41,1,0,1,0,0,"0",1,2021,5,1,0,-1
"52",2020,"AUTOR","VLo",5,41,2,0,1,0,0,"0",1,2021,5,2,0,-1
"53",2020,"AUTOR","VLo",5,41,3,0,2,0,0,"0",2,2021,5,3,2,0
"54",2020,"AUTOR","VLo",5,41,4,0,0,1,0,"1",1,2021,5,4,1,0
"55",2020,"AUTOR","VLo",5,41,5,4,2,1,0,"3",4,2021,5,5,2,-2
"56",2020,"AUTOR","VLo",5,41,6,0,0,1,0,"3",1,2021,5,6,1,0
"57",2020,"AUTOR","VLo",5,41,7,4,3,2,0,"0",6,2021,5,7,2,-4
"58",2020,"AUTOR","VLo",5,41,8,4,0,1,0,"0",2,2021,5,8,2,0
"59",2020,"AUTOR","VLo",5,41,9,0,1,1,0,"4",2,2021,5,9,1,-1
"60",2020,"AUTOR","VLo",5,41,10,0,1,1,0,"4",2,2021,5,10,1,-1
"61",2020,"AUTOR","VLo",5,41,11,0,0,1,0,"0",1,2021,5,11,1,0
"62",2020,"AUTOR","VLo",5,41,12,0,0,1,0,"3",1,2021,5,12,1,0
"63",2020,"AUTOR","VLo",5,41,13,4,3,0,0,"0",4,2021,5,13,2,-2
"64",2020,"AUTOR","VLo",5,41,14,0,0,1,0,"0",1,2021,5,14,1,0
"65",2020,"AUTOR","VLo",5,41,15,0,2,0,0,"0",2,2021,5,15,2,0
"66",2020,"AUTOR","VLo",5,41,16,5,0,1,0,"1",2,2021,5,16,1,-1
"67",2020,"AUTOR","Me",6,14,1,0,1,0,0,"0",1,2021,6,1,1,0
"68",2020,"AUTOR","Me",6,14,2,0,0,0,1,"0",1,2021,6,2,0,-1
"69",2020,"AUTOR","Me",6,14,3,5,2,0,0,"0",3,2021,6,3,1,-2
"70",2020,"AUTOR","Me",6,14,4,3,0,2,0,"0",3,2021,6,4,2,-1
"71",2020,"AUTOR","Me",6,14,5,0,0,1,0,"3",1,2021,6,5,1,0
"72",2020,"AUTOR","Me",6,14,6,3,1,1,0,"2",3,2021,6,6,2,-1
"73",2020,"AUTOR","VLo",7,43,1,0,0,1,0,"0",1,2021,7,1,1,0
"74",2020,"AUTOR","VLo",7,43,2,0,0,0,1,"0",1,2021,7,2,1,0
"75",2020,"AUTOR","VLo",7,43,3,0,2,0,0,"0",2,2021,7,3,1,-1
"76",2020,"AUTOR","VLo",7,43,4,7,0,0,0,"0",1,2021,7,4,1,0
"77",2020,"AUTOR","VLo",7,43,5,4,0,3,0,"5",4,2021,7,5,2,-2
"78",2020,"AUTOR","VLo",7,43,6,0,1,1,0,"6",2,2021,7,6,1,-1
"79",2020,"AUTOR","VLo",7,43,7,5,2,0,0,"0",3,2021,7,7,1,-2
"80",2020,"AUTOR","VLo",7,43,8,5,1,1,0,"0",3,2021,7,8,2,-1
"81",2020,"AUTOR","VLo",7,43,9,0,0,1,0,"0",1,2021,7,9,0,-1
"82",2020,"AUTOR","VLo",7,43,10,0,0,1,0,"0",1,2021,7,10,1,0
"83",2020,"AUTOR","VLo",7,43,11,0,0,1,0,"0",1,2021,7,11,1,0
"84",2020,"AUTOR","VLo",7,43,12,0,0,1,0,"0",1,2021,7,12,1,0
"85",2020,"AUTOR","VLo",7,43,13,0,1,0,0,"0",1,2021,7,13,1,0
"86",2020,"AUTOR","VLo",7,43,14,0,3,0,0,"0",3,2021,7,14,3,0
"87",2020,"AUTOR","Sh",8,3,1,0,1,0,0,"0",1,2021,NA,NA,NA,NA
"88",2020,"AUTOR","Sh",8,3,2,0,0,1,0,"0",1,2021,NA,NA,NA,NA
"89",2020,"AUTOR","Sh",8,3,3,2,3,0,0,"0",4,2021,NA,NA,NA,NA
"90",2020,"AUTOR","Lo",9,30,1,0,1,0,0,"0",1,2021,9,1,0,-1
"91",2020,"AUTOR","Lo",9,30,2,0,1,0,0,"0",1,2021,9,2,1,0
"92",2020,"AUTOR","Lo",9,30,3,0,0,1,0,"2",1,2021,9,3,1,0
"93",2020,"AUTOR","Lo",9,30,4,0,0,1,0,"0",1,2021,9,4,1,0
"94",2020,"AUTOR","Lo",9,30,5,4,2,1,0,"1",4,2021,9,5,1,-3
"95",2020,"AUTOR","Lo",9,30,6,4,1,1,0,"0",3,2021,9,6,2,-1
"96",2020,"AUTOR","Lo",9,30,7,0,1,0,0,"0",1,2021,9,7,1,0
"97",2020,"AUTOR","Lo",9,30,8,0,1,1,0,"2",2,2021,9,8,1,-1
"98",2020,"AUTOR","Lo",9,30,9,0,0,1,0,"3",1,2021,9,9,1,0
"99",2020,"AUTOR","Lo",9,30,10,0,0,1,0,"2",1,2021,9,10,1,0
"100",2020,"AUTOR","Lo",9,30,11,0,0,1,0,"0",1,2021,9,11,1,0
"101",2020,"AUTOR","Lo",9,30,12,0,1,0,0,"0",1,2021,9,12,1,0
"102",2020,"AUTOR","Lo",9,30,13,0,1,0,0,"0",1,2021,9,13,1,0
"103",2020,"AUTOR","Lo",9,30,14,5,1,0,0,"0",2,2021,9,14,1,-1
"104",2020,"AUTOR","VLo",10,57,1,0,0,1,0,"1",1,2021,10,1,1,0
"105",2020,"AUTOR","VLo",10,57,2,0,1,0,0,"0",1,2021,10,2,1,0
"106",2020,"AUTOR","VLo",10,57,3,0,0,1,0,"3",1,2021,10,3,1,0
"107",2020,"AUTOR","VLo",10,57,4,0,0,1,0,"1",1,2021,10,4,1,0
"108",2020,"AUTOR","VLo",10,57,5,0,4,5,0,"1",9,2021,10,5,3,-6
"109",2020,"AUTOR","VLo",10,57,6,0,1,0,0,"0",1,2021,10,6,1,0
"110",2020,"AUTOR","VLo",10,57,7,0,0,1,0,"3",1,2021,10,7,1,0
"111",2020,"AUTOR","VLo",10,57,8,0,0,1,0,"0",1,2021,10,8,0,-1
"112",2020,"AUTOR","VLo",10,57,9,0,0,1,0,"4",1,2021,10,9,1,0
"113",2020,"AUTOR","VLo",10,57,10,0,0,1,0,"0",1,2021,10,10,1,0
"114",2020,"AUTOR","VLo",10,57,11,0,0,1,0,"2",1,2021,10,11,1,0
"115",2020,"AUTOR","VLo",10,57,12,0,1,0,0,"0",1,2021,10,12,1,0
"116",2020,"AUTOR","VLo",10,57,13,0,0,1,0,"2",1,2021,10,13,1,0
"117",2020,"AUTOR","VLo",10,57,14,0,0,1,0,"0",1,2021,10,14,1,0
"118",2020,"AUTOR","Sh",11,2.31,1,0,1,0,0,"0",1,2021,11,1,1,0
"119",2020,"AUTOR","Sh",11,2.31,2,4,2,0,0,"0",3,2021,11,2,1,-2
"120",2020,"AUTOR","VLo",12,48,1,0,1,0,0,"0",1,2021,12,1,1,0
"121",2020,"AUTOR","VLo",12,48,2,0,1,0,0,"0",1,2021,12,2,1,0
"122",2020,"AUTOR","VLo",12,48,3,0,1,1,0,"2",2,2021,12,3,1,-1
"123",2020,"AUTOR","VLo",12,48,4,0,0,1,0,"0",1,2021,12,4,1,0
"124",2020,"AUTOR","VLo",12,48,5,3,4,1,0,"2",6,2021,12,5,2,-4
"125",2020,"AUTOR","VLo",12,48,6,4,0,3,0,"3",4,2021,12,6,1,-3
"126",2020,"AUTOR","VLo",12,48,7,0,0,1,0,"2",1,2021,12,7,1,0
"127",2020,"AUTOR","VLo",12,48,8,5,1,1,0,"4",3,2021,12,8,2,-1
"128",2020,"AUTOR","VLo",12,48,9,0,0,1,0,"0",1,2021,12,9,1,0
"129",2020,"AUTOR","VLo",12,48,10,0,1,0,0,"0",1,2021,12,10,1,0
"130",2020,"AUTOR","VLo",12,48,11,0,0,1,0,"3",1,2021,12,11,1,0
"131",2020,"AUTOR","VLo",12,48,12,0,0,1,0,"3",1,2021,12,12,1,0
"132",2020,"AUTOR","VLo",12,48,13,0,0,1,0,"4",1,2021,12,13,1,0
"133",2020,"AUTOR","VLo",12,48,14,0,0,1,0,"4",1,2021,12,14,1,0
"134",2020,"AUTOR","VLo",12,48,15,0,2,1,0,"3",3,2021,12,15,1,-2
"135",2020,"AUTOR","Lo",13,37.5,1,0,1,0,0,"0",1,2021,13,1,0,-1
"136",2020,"AUTOR","Lo",13,37.5,2,4,1,3,0,"0",5,2021,13,2,1,-4
"137",2020,"AUTOR","Lo",13,37.5,3,0,0,1,0,"3",1,2021,13,3,2,1
"138",2020,"AUTOR","Lo",13,37.5,4,0,0,1,0,"3",1,2021,13,4,1,0
"139",2020,"AUTOR","Lo",13,37.5,5,0,0,1,0,"2",1,2021,13,5,1,0
"140",2020,"AUTOR","Lo",13,37.5,6,0,1,0,0,"0",1,2021,13,6,1,0
"141",2020,"AUTOR","Lo",13,37.5,7,0,1,0,0,"0",1,2021,13,7,1,0
"142",2020,"AUTOR","Lo",13,37.5,8,0,1,0,0,"0",1,2021,13,8,1,0
"143",2020,"AUTOR","Lo",13,37.5,9,0,1,0,0,"0",1,2021,13,9,1,0
"144",2020,"AUTOR","Lo",13,37.5,10,0,0,1,0,"4",1,2021,13,10,1,0
"145",2020,"AUTOR","Lo",13,37.5,11,0,1,0,0,"0",1,2021,13,11,1,0
"146",2020,"AUTOR","Lo",13,37.5,12,0,1,0,0,"0",1,2021,13,12,1,0
"147",2020,"AUTOR","Lo",13,37.5,13,0,1,0,0,"0",1,2021,13,13,1,0
"148",2020,"AUTOR","Lo",13,37.5,14,0,1,0,0,"0",1,2021,13,14,1,0
"149",2020,"AUTOR","Lo",13,37.5,15,0,1,0,0,"0",1,2021,13,15,1,0
"150",2020,"AUTOR","VLo",14,45.4,1,0,1,0,0,"0",1,2021,14,1,0,-1
"151",2020,"AUTOR","VLo",14,45.4,2,0,0,1,0,"1",1,2021,14,2,1,0
"152",2020,"AUTOR","VLo",14,45.4,3,0,1,0,0,"0",1,2021,14,3,0,-1
"153",2020,"AUTOR","VLo",14,45.4,4,4,1,3,0,"2",5,2021,14,4,2,-3
"154",2020,"AUTOR","VLo",14,45.4,5,0,0,1,0,"2",1,2021,14,5,1,0
"155",2020,"AUTOR","VLo",14,45.4,6,0,0,1,0,"4",1,2021,14,6,1,0
"156",2020,"AUTOR","VLo",14,45.4,7,0,0,1,0,"2",1,2021,14,7,1,0
"157",2020,"AUTOR","VLo",14,45.4,8,0,0,1,0,"3",1,2021,14,8,1,0
"158",2020,"AUTOR","VLo",14,45.4,9,0,0,1,0,"3",1,2021,14,9,1,0
"159",2020,"AUTOR","VLo",14,45.4,10,0,0,1,0,"3",1,2021,14,10,1,0
"160",2020,"AUTOR","VLo",14,45.4,11,0,0,1,0,"4",1,2021,14,11,1,0
"161",2020,"AUTOR","VLo",14,45.4,12,0,0,1,0,"0",1,2021,14,12,1,0
"162",2020,"AUTOR","VLo",14,45.4,13,0,0,1,0,"0",1,2021,14,13,1,0
"163",2020,"AUTOR","VLo",14,45.4,14,0,1,0,0,"0",1,2021,14,14,1,0
"164",2020,"AUTOR","VLo",14,45.4,15,0,1,0,0,"0",1,2021,14,15,1,0
"165",2020,"AUTOR","VLo",14,45.4,16,0,1,0,0,"0",1,2021,14,16,1,0
"166",2020,"AUTOR","VLo",14,45.4,17,0,2,0,0,"0",2,2021,14,17,1,-1
"167",2020,"AUTOR","VLo",15,44,1,0,1,0,0,"0",1,2021,15,1,0,-1
"168",2020,"AUTOR","VLo",15,44,2,0,1,0,0,"0",1,2021,15,2,1,0
"169",2020,"AUTOR","VLo",15,44,3,0,1,0,0,"0",1,2021,15,3,1,0
"170",2020,"AUTOR","VLo",15,44,4,0,1,1,0,"4",2,2021,15,4,2,0
"171",2020,"AUTOR","VLo",15,44,5,2,0,4,0,"2",5,2021,15,5,2,-3
"172",2020,"AUTOR","VLo",15,44,6,2,1,2,0,"3",4,2021,15,6,2,-2
"173",2020,"AUTOR","VLo",15,44,7,0,0,1,0,"0",1,2021,15,7,1,0
"174",2020,"AUTOR","VLo",15,44,8,5,2,1,0,"4",4,2021,15,8,2,-2
"175",2020,"AUTOR","VLo",15,44,9,0,0,1,0,"3",1,2021,15,9,1,0
"176",2020,"AUTOR","VLo",15,44,10,0,0,1,0,"4",1,2021,15,10,1,0
"177",2020,"AUTOR","VLo",15,44,11,0,0,1,0,"4",1,2021,15,11,1,0
"178",2020,"AUTOR","VLo",15,44,12,0,0,1,0,"3",1,2021,15,12,1,0
"179",2020,"AUTOR","VLo",15,44,13,0,0,1,0,"0",1,2021,15,13,1,0
"180",2020,"AUTOR","VLo",15,44,14,0,1,0,0,"0",1,2021,15,14,1,0
"181",2020,"AUTOR","VLo",15,44,15,0,1,0,0,"0",1,2021,15,15,1,0
"182",2020,"AUTOR","VLo",15,44,16,0,2,0,0,"0",2,2021,15,16,1,-1
"183",2020,"AUTOR","Lo",16,33,1,0,0,0,1,"0",1,2021,16,1,1,0
"184",2020,"AUTOR","Lo",16,33,2,0,0,0,1,"0",1,2021,16,2,1,0
"185",2020,"AUTOR","Lo",16,33,3,0,1,0,0,"0",1,2021,16,3,1,0
"186",2020,"AUTOR","Lo",16,33,4,0,1,0,0,"0",1,2021,16,4,1,0
"187",2020,"AUTOR","Lo",16,33,5,0,1,0,0,"0",1,2021,16,5,3,2
"188",2020,"AUTOR","Lo",16,33,6,0,0,1,0,"5",1,2021,16,6,2,1
"189",2020,"AUTOR","Lo",16,33,7,4,0,5,0,"0",6,2021,16,7,1,-5
"190",2020,"AUTOR","Lo",16,33,8,3,2,0,0,"0",3,2021,16,8,2,-1
"191",2020,"AUTOR","Lo",16,33,9,5,2,0,0,"0",3,2021,16,9,1,-2
"192",2020,"AUTOR","Lo",16,33,10,1,2,0,0,"0",3,2021,16,10,1,-2
"193",2020,"AUTOR","Lo",16,33,11,5,2,0,0,"0",3,2021,16,11,2,-1
"194",2020,"AUTOR","Lo",16,33,12,0,0,1,0,"0",1,2021,16,12,1,0
"195",2020,"AUTOR","Lo",16,33,13,5,1,0,0,"0",2,2021,16,13,1,-1
"196",2020,"AUTOR","Lo",16,33,14,5,1,0,0,"0",2,2021,16,14,1,-1
"197",2020,"AUTOR","Lo",17,21,1,0,1,0,0,"0",1,2021,17,1,0,-1
"198",2020,"AUTOR","Lo",17,21,2,0,1,0,0,"0",1,2021,17,2,1,0
"199",2020,"AUTOR","Lo",17,21,3,0,0,1,0,"3",1,2021,17,3,1,0
"200",2020,"AUTOR","Lo",17,21,4,0,0,2,0,"2",2,2021,17,4,1,-1
"201",2020,"AUTOR","Lo",17,21,5,1,1,2,0,"2",4,2021,17,5,2,-2
"202",2020,"AUTOR","Lo",17,21,6,0,0,1,0,"3",1,2021,17,6,1,0
"203",2020,"AUTOR","Lo",17,21,7,2,1,0,0,"0",2,2021,17,7,2,0
"204",2020,"AUTOR","Lo",17,21,8,0,0,1,0,"0",1,2021,17,8,1,0
"205",2020,"AUTOR","Me",18,8.5,1,0,0,1,0,"1",1,2021,18,1,1,0
"206",2020,"AUTOR","Me",18,8.5,2,0,0,1,0,"1",1,2021,18,2,1,0
"207",2020,"AUTOR","Me",18,8.5,3,0,1,0,0,"0",1,2021,18,3,1,0
"208",2020,"AUTOR","Me",18,8.5,4,4,3,0,0,"0",4,2021,18,4,1,-3
"209",2020,"AUTOR","Me",18,8.5,5,3,0,3,0,"5",4,2021,18,5,1,-3
"210",2020,"AUTOR","Lo",19,38,1,0,1,0,0,"0",1,2021,19,1,1,0
"211",2020,"AUTOR","Lo",19,38,2,0,0,0,1,"0",1,2021,19,2,0,-1
"212",2020,"AUTOR","Lo",19,38,3,0,0,0,1,"0",1,2021,19,3,0,-1
"213",2020,"AUTOR","Lo",19,38,4,0,0,1,0,"3",1,2021,19,4,1,0
"214",2020,"AUTOR","Lo",19,38,5,4,2,1,0,"0",4,2021,19,5,2,-2
"215",2020,"AUTOR","Lo",19,38,6,0,0,4,0,"6",4,2021,19,6,2,-2
"216",2020,"AUTOR","Lo",19,38,7,0,1,0,0,"0",1,2021,19,7,1,0
"217",2020,"AUTOR","Lo",19,38,8,4,3,0,0,"0",4,2021,19,8,1,-3
"218",2020,"AUTOR","Lo",19,38,9,0,0,1,0,"2",1,2021,19,9,1,0
"219",2020,"AUTOR","Lo",19,38,10,3,1,1,0,"3",3,2021,19,10,2,-1
"220",2020,"AUTOR","Lo",19,38,11,0,0,1,0,"1",1,2021,19,11,1,0
"221",2020,"AUTOR","Lo",19,38,12,0,0,1,0,"3",1,2021,19,12,1,0
"222",2020,"AUTOR","Lo",19,38,13,0,0,1,0,"1",1,2021,19,13,1,0
"223",2020,"AUTOR","Lo",19,38,14,0,0,1,0,"5",1,2021,19,14,1,0
"224",2020,"AUTOR","Lo",19,38,15,0,2,0,0,"0",2,2021,19,15,1,-1
"225",2020,"AUTOR","Lo",20,38,1,0,1,0,0,"0",1,2021,20,1,1,0
"226",2020,"AUTOR","Lo",20,38,2,0,1,0,0,"0",1,2021,20,2,1,0
"227",2020,"AUTOR","Lo",20,38,3,0,1,0,0,"0",1,2021,20,3,1,0
"228",2020,"AUTOR","Lo",20,38,4,0,0,1,0,"2",1,2021,20,4,1,0
"229",2020,"AUTOR","Lo",20,38,5,0,0,1,0,"2",1,2021,20,5,1,0
"230",2020,"AUTOR","Lo",20,38,6,0,0,1,0,"2",2,2021,20,6,0,-2
"231",2020,"AUTOR","Lo",20,38,7,0,0,1,0,"0",1,2021,20,7,1,0
"232",2020,"AUTOR","Lo",20,38,8,0,0,1,0,"1",2,2021,20,8,0,-2
"233",2020,"AUTOR","Lo",20,38,9,0,0,1,0,"2",1,2021,20,9,1,0
"234",2020,"AUTOR","Lo",20,38,10,0,0,1,0,"3",1,2021,20,10,1,0
"235",2020,"AUTOR","Lo",20,38,11,0,0,1,0,"4",1,2021,20,11,1,0
"236",2020,"AUTOR","Lo",20,38,12,0,0,1,0,"2",1,2021,20,12,1,0
"237",2020,"AUTOR","Lo",20,38,13,0,0,1,0,"0",1,2021,20,13,1,0
"238",2020,"AUTOR","Lo",20,38,14,0,1,0,0,"0",1,2021,20,14,1,0
"239",2020,"AUTOR","Me",21,11.8,1,0,0,0,1,"0",1,2021,21,1,0,-1
"240",2020,"AUTOR","Me",21,11.8,2,0,1,0,0,"0",1,2021,21,2,0,-1
"241",2020,"AUTOR","Me",21,11.8,3,0,0,0,1,"0",1,2021,21,3,0,-1
"242",2020,"AUTOR","Me",21,11.8,4,4,3,0,0,"0",4,2021,21,4,1,-3
"243",2020,"AUTOR","Me",21,11.8,5,3,1,1,0,"1",3,2021,21,5,2,-1
"244",2020,"AUTOR","Me",21,11.8,6,0,0,1,0,"3",1,2021,21,6,1,0
"245",2020,"AUTOR","Sh",22,2.5,1,0,1,0,0,"0",1,2021,22,1,0,-1
"246",2020,"AUTOR","Sh",22,2.5,2,1,0,0,0,"0",1,2021,22,2,1,0
"247",2020,"AUTOR","Sh",22,2.5,3,1,0,0,0,"0",1,2021,22,3,1,0
"248",2020,"AUTOR","Lo",23,39,1,0,1,0,0,"0",1,2021,23,1,1,0
"249",2020,"AUTOR","Lo",23,39,2,0,0,1,0,"1",1,2021,23,2,1,0
"250",2020,"AUTOR","Lo",23,39,3,0,0,1,0,"3",1,2021,23,3,1,0
"251",2020,"AUTOR","Lo",23,39,4,0,1,1,0,"0",2,2021,23,4,1,-1
"252",2020,"AUTOR","Lo",23,39,5,4,5,0,0,"0",6,2021,23,5,1,-5
"253",2020,"AUTOR","Lo",23,39,6,0,0,1,0,"2",1,2021,23,6,1,0
"254",2020,"AUTOR","Lo",23,39,7,0,0,1,0,"3",1,2021,23,7,1,0
"255",2020,"AUTOR","Lo",23,39,8,0,0,1,0,"2",1,2021,23,8,1,0
"256",2020,"AUTOR","Lo",23,39,9,0,1,0,0,"0",1,2021,23,9,1,0
"257",2020,"AUTOR","Lo",23,39,10,0,0,1,0,"3",1,2021,23,10,1,0
"258",2020,"AUTOR","Lo",23,39,11,0,0,1,0,"3",1,2021,23,11,1,0
"259",2020,"AUTOR","Lo",23,39,12,0,1,0,0,"0",1,2021,23,12,1,0
"260",2020,"AUTOR","Lo",23,39,13,0,0,1,0,"4",1,2021,23,13,1,0
"261",2020,"AUTOR","Lo",23,39,14,0,1,0,0,"0",1,2021,23,14,1,0
"262",2020,"AUTOR","Sh",24,1.5,1,0,1,0,0,"0",1,2021,24,1,1,0
"263",2020,"AUTOR","Sh",24,1.5,2,0,1,0,0,"0",1,2021,24,2,1,0
"264",2020,"AUTOR","Sh",24,1.5,3,0,0,1,0,"3",1,2021,24,3,1,0
"265",2020,"AUTOR","VLo",25,41.5,1,0,0,1,0,"0",1,2021,25,1,1,0
"266",2020,"AUTOR","VLo",25,41.5,2,0,0,1,0,"2",1,2021,25,2,1,0
"267",2020,"AUTOR","VLo",25,41.5,3,3,0,3,0,"3",4,2021,25,3,1,-3
"268",2020,"AUTOR","VLo",25,41.5,4,0,0,1,0,"3",1,2021,25,4,1,0
"269",2020,"AUTOR","VLo",25,41.5,5,0,0,1,0,"1",1,2021,25,5,1,0
"270",2020,"AUTOR","VLo",25,41.5,6,0,0,1,0,"2",1,2021,25,6,1,0
"271",2020,"AUTOR","VLo",25,41.5,7,0,0,1,0,"0",1,2021,25,7,1,0
"272",2020,"AUTOR","VLo",25,41.5,8,0,1,1,0,"3",2,2021,25,8,1,-1
"273",2020,"AUTOR","VLo",25,41.5,9,0,0,1,0,"0",1,2021,25,9,1,0
"274",2020,"AUTOR","VLo",25,41.5,10,0,0,1,0,"0",1,2021,25,10,1,0
"275",2020,"AUTOR","VLo",25,41.5,11,0,1,0,0,"0",1,2021,25,11,1,0
"276",2020,"AUTOR","VLo",25,41.5,12,0,1,0,0,"0",1,2021,25,12,1,0
"277",2020,"AUTOR","VLo",25,41.5,13,0,1,0,0,"0",1,2021,25,13,1,0
"278",2020,"AUTOR","VLo",25,41.5,14,0,2,0,0,"0",2,2021,25,14,1,-1
"279",2020,"AUTOR","Sh",26,4,1,0,1,0,0,"0",1,2021,26,1,0,-1
"280",2020,"AUTOR","Sh",26,4,2,0,0,1,0,"2",1,2021,26,2,1,0
"281",2020,"AUTOR","Sh",26,4,3,0,2,1,0,"1",3,2021,26,3,1,-2
"282",2020,"AUTOR","Sh",26,4,4,0,0,2,0,"4",2,2021,26,4,1,-1
"283",2020,"AUTOR","Sh",26,4,5,2,1,1,0,"0",3,2021,26,5,1,-2
"284",2020,"AUTOR","Lo",27,29.8,1,0,0,1,0,"0",1,2021,27,1,1,0
"285",2020,"AUTOR","Lo",27,29.8,2,1,2,0,0,"0",3,2021,27,2,2,-1
"286",2020,"AUTOR","Lo",27,29.8,3,1,0,2,0,"2",3,2021,27,3,1,-2
"287",2020,"AUTOR","Lo",27,29.8,4,0,1,3,0,"1",4,2021,27,4,1,-3
"288",2020,"AUTOR","Lo",27,29.8,5,0,0,1,0,"3",1,2021,27,5,1,0
"289",2020,"AUTOR","Lo",27,29.8,6,4,1,1,0,"2",3,2021,27,6,2,-1
"290",2020,"AUTOR","Lo",27,29.8,7,4,0,1,0,"2",2,2021,27,7,1,-1
"291",2020,"AUTOR","Lo",27,29.8,8,5,1,0,0,"0",2,2021,27,8,1,-1
"292",2020,"AUTOR","Lo",27,29.8,9,0,1,0,0,"0",1,2021,27,9,1,0
"293",2020,"AUTOR","Lo",27,29.8,10,0,1,0,0,"0",1,2021,27,10,1,0
"294",2020,"AUTOR","Sh",28,4.2,1,0,0,0,1,"0",1,2021,28,1,0,-1
"295",2020,"AUTOR","Sh",28,4.2,2,0,1,0,0,"0",1,2021,28,2,1,0
"296",2020,"AUTOR","Sh",28,4.2,3,0,1,0,0,"0",1,2021,28,3,1,0
"297",2020,"AUTOR","Sh",28,4.2,4,0,1,0,0,"0",1,2021,28,4,1,0
"298",2020,"AUTOR","Lo",29,35,1,0,1,0,0,"0",1,2021,29,1,1,0
"299",2020,"AUTOR","Lo",29,35,2,1,0,1,0,"2",2,2021,29,2,0,-2
"300",2020,"AUTOR","Lo",29,35,3,1,1,1,0,"1",3,2021,29,3,1,-2
"301",2020,"AUTOR","Lo",29,35,4,0,0,1,0,"3",1,2021,29,4,1,0
"302",2020,"AUTOR","Lo",29,35,5,3,1,2,0,"0",4,2021,29,5,2,-2
"303",2020,"AUTOR","Lo",29,35,6,7,0,1,0,"2",2,2021,29,6,1,-1
"304",2020,"AUTOR","Lo",29,35,7,4,3,0,0,"0",4,2021,29,7,2,-2
"305",2020,"AUTOR","Lo",29,35,8,4,1,1,0,"0",3,2021,29,8,2,-1
"306",2020,"AUTOR","Lo",29,35,9,4,2,1,0,"3",4,2021,29,9,2,-2
"307",2020,"AUTOR","Lo",29,35,10,4,1,0,0,"0",2,2021,29,10,1,-1
"308",2020,"AUTOR","Lo",29,35,11,0,0,1,0,"0",1,2021,29,11,1,0
"309",2020,"AUTOR","Lo",29,35,12,1,3,0,0,"0",4,2021,29,12,1,-3
"310",2020,"AUTOR","VLo",30,49.6,1,0,1,0,0,"0",1,2021,30,1,0,-1
"311",2020,"AUTOR","VLo",30,49.6,2,0,0,0,1,"0",1,2021,30,2,0,-1
"312",2020,"AUTOR","VLo",30,49.6,3,0,0,1,0,"1",1,2021,30,3,1,0
"313",2020,"AUTOR","VLo",30,49.6,4,7,0,0,0,"0",1,2021,30,4,1,0
"314",2020,"AUTOR","VLo",30,49.6,5,4,2,3,0,"1",6,2021,30,5,2,-4
"315",2020,"AUTOR","VLo",30,49.6,6,0,1,0,0,"0",1,2021,30,6,1,0
"316",2020,"AUTOR","VLo",30,49.6,7,0,0,1,0,"3",1,2021,30,7,1,0
"317",2020,"AUTOR","VLo",30,49.6,8,0,0,1,0,"1",1,2021,30,8,1,0
"318",2020,"AUTOR","VLo",30,49.6,9,0,0,1,0,"3",1,2021,30,9,1,0
"319",2020,"AUTOR","VLo",30,49.6,10,0,0,1,0,"3",1,2021,30,10,1,0
"320",2020,"AUTOR","VLo",30,49.6,11,0,0,1,0,"3",1,2021,30,11,1,0
"321",2020,"AUTOR","VLo",30,49.6,12,0,0,1,0,"3",1,2021,30,12,1,0
"322",2020,"AUTOR","VLo",30,49.6,13,0,0,1,0,"5",1,2021,30,13,1,0
"323",2020,"AUTOR","VLo",30,49.6,14,0,1,0,0,"0",1,2021,30,14,1,0
"324",2020,"AUTOR","VLo",30,49.6,15,0,1,0,0,"0",1,2021,30,15,1,0
"325",2020,"AUTOR","VLo",30,49.6,16,0,1,0,0,"0",1,2021,30,16,1,0
"326",2020,"AUTOR","VLo",30,49.6,17,0,2,0,0,"0",2,2021,30,17,1,-1
"327",2020,"AUTOR","Sh",31,3,1,0,0,0,1,"0",1,2021,31,1,0,-1
"328",2020,"AUTOR","Sh",31,3,2,2,1,0,0,"0",2,2021,31,2,1,-1
"329",2020,"AUTOR","Sh",31,3,3,2,2,0,0,"0",3,2021,31,3,0,-3
"330",2020,"AUTOR","Me",32,15.6,1,0,1,0,0,"0",1,2021,32,1,0,-1
"331",2020,"AUTOR","Me",32,15.6,2,3,1,0,0,"0",2,2021,32,2,2,0
"332",2020,"AUTOR","Me",32,15.6,3,3,2,2,0,"0",5,2021,32,3,1,-4
"333",2020,"AUTOR","Me",32,15.6,4,0,0,1,0,"0",1,2021,32,4,1,0
"334",2020,"AUTOR","Me",32,15.6,5,0,0,1,0,"2",1,2021,32,5,1,0
"335",2020,"AUTOR","Me",32,15.6,6,0,0,1,0,"0",1,2021,32,6,1,0
"336",2020,"AUTOR","Me",32,15.6,7,4,0,1,0,"3",2,2021,32,7,1,-1
"337",2020,"AUTOR","Sh",33,4,1,0,0,1,0,"0",1,2021,33,1,1,0
"338",2020,"AUTOR","Sh",33,4,2,0,1,0,0,"0",1,2021,33,2,1,0
"339",2020,"AUTOR","Sh",33,4,3,0,0,1,0,"2",1,2021,33,3,1,0
"340",2020,"AUTOR","Me",34,12.2,1,0,0,1,0,"0",1,2021,34,1,1,0
"341",2020,"AUTOR","Me",34,12.2,2,0,1,0,0,"0",1,2021,34,2,1,0
"342",2020,"AUTOR","Me",34,12.2,3,0,0,1,0,"1",1,2021,34,3,1,0
"343",2020,"AUTOR","Me",34,12.2,4,0,0,1,0,"0",1,2021,34,4,1,0
"344",2020,"AUTOR","Me",34,12.2,5,3,0,4,0,"0",5,2021,34,5,2,-3
"345",2020,"AUTOR","Me",34,12.2,6,3,1,3,0,"6",5,2021,34,6,2,-3
"346",2020,"AUTOR","Sh",35,2,1,0,1,0,0,"0",1,2021,35,1,0,-1
"347",2020,"AUTOR","Sh",35,2,2,0,0,1,0,"1",1,2021,35,2,1,0
"348",2020,"AUTOR","Lo",36,27.6,1,0,0,1,0,"1",1,2021,36,1,1,0
"349",2020,"AUTOR","Lo",36,27.6,2,2,0,4,0,"4",5,2021,36,2,2,-3
"350",2020,"AUTOR","Lo",36,27.6,3,4,3,0,0,"0",4,2021,36,3,2,-2
"351",2020,"AUTOR","Lo",36,27.6,4,0,0,1,0,"3",1,2021,36,4,1,0
"352",2020,"AUTOR","Lo",36,27.6,5,0,0,1,0,"3",1,2021,36,5,1,0
"353",2020,"AUTOR","Lo",36,27.6,6,0,0,1,0,"4",1,2021,36,6,1,0
"354",2020,"AUTOR","Lo",36,27.6,7,0,0,1,0,"3",1,2021,36,7,1,0
"355",2020,"AUTOR","Lo",36,27.6,8,0,0,1,0,"3",1,2021,36,8,1,0
"356",2020,"AUTOR","Lo",36,27.6,9,0,0,1,0,"3",1,2021,36,9,1,0
"357",2020,"AUTOR","Me",37,18.2,1,0,0,1,0,"0",1,2021,37,1,1,0
"358",2020,"AUTOR","Me",37,18.2,2,0,2,0,0,"0",2,2021,37,2,1,-1
"359",2020,"AUTOR","Me",37,18.2,3,0,0,1,0,"2",1,2021,37,3,1,0
"360",2020,"AUTOR","Me",37,18.2,4,0,0,1,0,"2",1,2021,37,4,1,0
"361",2020,"AUTOR","Me",37,18.2,5,0,0,1,0,"2",1,2021,37,5,1,0
"362",2020,"AUTOR","Me",37,18.2,6,0,0,1,0,"4",1,2021,37,6,1,0
"363",2020,"AUTOR","Me",37,18.2,7,0,1,0,0,"0",1,2021,37,7,1,0
"364",2020,"AUTOR","Lo",38,36.5,1,0,1,0,0,"0",1,2021,38,1,1,0
"365",2020,"AUTOR","Lo",38,36.5,2,0,0,1,0,"3",1,2021,38,2,1,0
"366",2020,"AUTOR","Lo",38,36.5,3,0,0,1,0,"3",1,2021,38,3,1,0
"367",2020,"AUTOR","Lo",38,36.5,4,2,0,6,0,"2",7,2021,38,4,2,-5
"368",2020,"AUTOR","Lo",38,36.5,5,0,1,0,0,"0",1,2021,38,5,1,0
"369",2020,"AUTOR","Lo",38,36.5,6,0,0,1,0,"3",1,2021,38,6,1,0
"370",2020,"AUTOR","Lo",38,36.5,7,0,0,1,0,"2",1,2021,38,7,1,0
"371",2020,"AUTOR","Lo",38,36.5,8,0,0,1,0,"3",1,2021,38,8,1,0
"372",2020,"AUTOR","Lo",38,36.5,9,0,1,0,0,"0",1,2021,38,9,1,0
"373",2020,"AUTOR","Lo",38,36.5,10,0,2,0,0,"0",2,2021,38,10,1,-1
"374",2020,"AUTOR","Sh",39,1,1,0,0,1,0,"0",1,2021,39,1,1,0
"375",2020,"AUTOR","Me",40,18,1,0,1,0,0,"0",1,2021,40,1,0,-1
"376",2020,"AUTOR","Me",40,18,2,0,0,0,1,"0",1,2021,40,2,0,-1
"377",2020,"AUTOR","Me",40,18,3,0,0,0,1,"0",1,2021,40,3,0,-1
"378",2020,"AUTOR","Me",40,18,4,0,1,0,0,"0",1,2021,40,4,0,-1
"379",2020,"AUTOR","Me",40,18,5,2,1,0,0,"0",2,2021,40,5,2,0
"380",2020,"AUTOR","Me",40,18,6,3,2,1,0,"0",4,2021,40,6,2,-2
"381",2020,"AUTOR","Me",40,18,7,0,1,1,0,"3",2,2021,40,7,1,-1
"382",2020,"AUTOR","Me",40,18,8,0,0,1,0,"0",1,2021,40,8,1,0
"383",2020,"AUTOR","Me",40,18,9,0,0,1,0,"4",1,2021,40,9,1,0
"384",2020,"AUTOR","Me",41,5.5,1,1,0,0,0,"0",1,2021,41,1,0,-1
"385",2020,"AUTOR","Me",41,5.5,2,0,0,1,0,"0",1,2021,41,2,1,0
"386",2020,"AUTOR","Me",41,5.5,3,3,2,0,0,"0",3,2021,41,3,1,-2
"387",2020,"AUTOR","Me",41,5.5,4,4,1,1,0,"1",3,2021,41,4,1,-2
"388",2020,"AUTOR","Me",41,5.5,5,0,0,1,0,"0",1,2021,41,5,1,0
"389",2020,"AUTOR","Me",41,5.5,6,0,0,1,0,"0",1,2021,41,6,1,0
"390",2020,"AUTOR","Me",42,7,1,0,1,0,0,"0",1,2021,42,1,0,-1
"391",2020,"AUTOR","Me",42,7,2,0,0,0,1,"0",1,2021,42,2,0,-1
"392",2020,"AUTOR","Me",42,7,3,0,0,1,0,"0",1,2021,42,3,1,0
"393",2020,"AUTOR","Me",42,7,4,4,3,0,0,"0",4,2021,42,4,1,-3
"394",2020,"AUTOR","Me",42,7,5,4,0,6,0,"0",7,2021,42,5,1,-6
"395",2020,"AUTOR","Me",43,18.2,1,3,1,2,0,"0",4,2021,NA,NA,NA,NA
"396",2020,"AUTOR","Me",43,18.2,2,0,0,1,0,"1",1,2021,NA,NA,NA,NA
"397",2020,"AUTOR","Me",43,18.2,3,0,0,1,0,"2",1,2021,NA,NA,NA,NA
"398",2020,"AUTOR","Me",43,18.2,4,0,0,1,0,"2",1,2021,NA,NA,NA,NA
"399",2020,"AUTOR","Me",43,18.2,5,0,0,1,0,"3",1,2021,NA,NA,NA,NA
"400",2020,"AUTOR","Me",43,18.2,6,0,0,1,0,"2",1,2021,NA,NA,NA,NA
"401",2020,"AUTOR","Me",43,18.2,7,0,0,1,0,"3",1,2021,NA,NA,NA,NA
"402",2020,"AUTOR","VLo",44,42.6,1,0,1,0,0,"0",1,2021,44,1,1,0
"403",2020,"AUTOR","VLo",44,42.6,2,0,1,0,0,"0",1,2021,44,2,0,-1
"404",2020,"AUTOR","VLo",44,42.6,3,0,0,1,0,"1",1,2021,44,3,1,0
"405",2020,"AUTOR","VLo",44,42.6,4,4,2,0,0,"0",3,2021,44,4,1,-2
"406",2020,"AUTOR","VLo",44,42.6,5,0,0,1,0,"2",1,2021,44,5,1,0
"407",2020,"AUTOR","VLo",44,42.6,6,0,1,0,0,"0",1,2021,44,6,1,0
"408",2020,"AUTOR","VLo",44,42.6,7,0,0,1,0,"2",1,2021,44,7,1,0
"409",2020,"AUTOR","VLo",44,42.6,8,0,0,1,0,"0",1,2021,44,8,1,0
"410",2020,"AUTOR","VLo",44,42.6,9,0,0,1,0,"3",1,2021,44,9,1,0
"411",2020,"AUTOR","VLo",44,42.6,10,0,0,1,0,"3",1,2021,44,10,1,0
"412",2020,"AUTOR","VLo",44,42.6,11,0,0,1,0,"3",1,2021,44,11,1,0
"413",2020,"AUTOR","VLo",44,42.6,12,0,0,1,0,"2",1,2021,44,12,1,0
"414",2020,"AUTOR","VLo",44,42.6,13,0,0,1,0,"0",1,2021,44,13,1,0
"415",2020,"AUTOR","VLo",44,42.6,14,5,3,3,0,"0",7,2021,44,14,1,-6
"416",2020,"AUTOR","Lo",45,34,1,0,1,0,0,"0",1,2021,45,1,0,-1
"417",2020,"AUTOR","Lo",45,34,2,0,0,1,0,"0",1,2021,45,2,0,-1
"418",2020,"AUTOR","Lo",45,34,3,0,0,1,0,"0",1,2021,45,3,1,0
"419",2020,"AUTOR","Lo",45,34,4,1,1,0,0,"0",2,2021,45,4,1,-1
"420",2020,"AUTOR","Lo",45,34,5,0,1,0,0,"0",1,2021,45,5,1,0
"421",2020,"AUTOR","Lo",45,34,6,0,0,1,0,"2",1,2021,45,6,1,0
"422",2020,"AUTOR","Lo",45,34,7,0,0,1,0,"2",1,2021,45,7,1,0
"423",2020,"AUTOR","Lo",45,34,8,0,0,1,0,"3",1,2021,45,8,1,0
"424",2020,"AUTOR","Lo",45,34,9,0,0,1,0,"3",1,2021,45,9,1,0
"425",2020,"AUTOR","Lo",45,34,10,0,0,1,0,"3",1,2021,45,10,1,0
"426",2020,"AUTOR","Lo",45,34,11,0,0,1,0,"4",1,2021,45,11,1,0
"427",2020,"AUTOR","Lo",45,34,12,0,0,1,0,"4",1,2021,45,12,1,0
"428",2020,"AUTOR","Lo",45,34,13,0,0,2,0,"0",2,2021,45,13,1,-1
"429",2020,"AUTOR","VLo",46,43,1,0,0,1,0,"0",1,2021,46,1,0,-1
"430",2020,"AUTOR","VLo",46,43,2,0,0,1,0,"0",1,2021,46,2,1,0
"431",2020,"AUTOR","VLo",46,43,3,0,0,0,1,"0",1,2021,46,3,1,0
"432",2020,"AUTOR","VLo",46,43,4,0,0,1,0,"0",1,2021,46,4,1,0
"433",2020,"AUTOR","VLo",46,43,5,0,0,1,0,"0",1,2021,46,5,1,0
"434",2020,"AUTOR","VLo",46,43,6,3,0,2,0,"0",3,2021,46,6,1,-2
"435",2020,"AUTOR","VLo",46,43,7,0,1,0,0,"0",1,2021,46,7,1,0
"436",2020,"AUTOR","VLo",46,43,8,0,0,1,0,"0",1,2021,46,8,2,1
"437",2020,"AUTOR","VLo",46,43,9,0,0,1,0,"0",1,2021,46,9,1,0
"438",2020,"AUTOR","VLo",46,43,10,0,0,1,0,"0",1,2021,46,10,2,1
"439",2020,"AUTOR","VLo",46,43,11,4,2,1,0,"0",4,2021,46,11,3,-1
"440",2020,"AUTOR","VLo",46,43,12,0,1,0,0,"0",1,2021,46,12,1,0
"441",2020,"AUTOR","VLo",46,43,13,0,0,1,0,"0",1,2021,46,13,1,0
"442",2020,"AUTOR","VLo",46,43,14,0,1,0,0,"0",1,2021,46,14,1,0
"443",2020,"AUTOR","VLo",46,43,15,2,1,0,0,"0",2,2021,46,15,1,-1
"444",2020,"AUTOR","VLo",46,43,16,0,0,1,0,"0",1,2021,46,16,1,0
"445",2020,"AUTOR","VLo",46,43,17,0,0,1,0,"0",1,2021,46,17,1,0
"446",2020,"AUTOR","VLo",46,43,18,8,1,0,0,"0",2,2021,46,18,1,-1
"447",2020,"AUTOR","VLo",47,52,1,0,1,0,0,"0",1,2021,47,1,2,1
"448",2020,"AUTOR","VLo",47,52,2,0,0,0,1,"0",1,2021,47,2,2,1
"449",2020,"AUTOR","VLo",47,52,3,0,0,0,1,"0",1,2021,47,3,1,0
"450",2020,"AUTOR","VLo",47,52,4,0,0,0,1,"0",1,2021,47,4,1,0
"451",2020,"AUTOR","VLo",47,52,5,0,0,1,0,"4",1,2021,47,5,2,1
"452",2020,"AUTOR","VLo",47,52,6,0,0,2,0,"3",2,2021,47,6,2,0
"453",2020,"AUTOR","VLo",47,52,7,1,3,0,0,"0",4,2021,47,7,1,-3
"454",2020,"AUTOR","VLo",47,52,8,0,0,1,0,"4",1,2021,47,8,1,0
"455",2020,"AUTOR","VLo",47,52,9,0,0,1,0,"0",1,2021,47,9,1,0
"456",2020,"AUTOR","VLo",47,52,10,5,3,0,0,"0",4,2021,47,10,2,-2
"457",2020,"AUTOR","VLo",47,52,11,0,0,1,0,"0",1,2021,47,11,1,0
"458",2020,"AUTOR","VLo",47,52,12,4,2,1,0,"2",4,2021,47,12,3,-1
"459",2020,"AUTOR","VLo",47,52,13,0,1,0,0,"0",1,2021,47,13,1,0
"460",2020,"AUTOR","VLo",47,52,14,0,0,2,0,"3",2,2021,47,14,1,-1
"461",2020,"AUTOR","VLo",47,52,15,0,0,1,0,"3",1,2021,47,15,1,0
"462",2020,"AUTOR","VLo",47,52,16,4,1,1,0,"3",3,2021,47,16,1,-2
"463",2020,"AUTOR","VLo",47,52,17,0,0,1,0,"2",1,2021,47,17,1,0
"464",2020,"AUTOR","VLo",47,52,18,0,0,1,0,"4",1,2021,47,18,1,0
"465",2020,"AUTOR","VLo",47,52,19,5,1,4,0,"0",6,2021,47,19,1,-5
"466",2020,"AUTOR","Sh",48,4.5,1,0,0,0,1,"0",1,2021,48,1,0,-1
"467",2020,"AUTOR","Sh",48,4.5,2,0,0,0,1,"0",1,2021,48,2,0,-1
"468",2020,"AUTOR","Sh",48,4.5,3,0,0,0,1,"0",1,2021,48,3,0,-1
"469",2020,"AUTOR","Sh",48,4.5,4,0,0,0,1,"0",1,2021,48,4,0,-1
"470",2020,"AUTOR","Sh",48,4.5,5,3,1,3,0,"5",5,2021,48,5,2,-3
"471",2020,"AUTOR","Lo",49,25,1,0,1,0,0,"0",1,2021,49,1,0,-1
"472",2020,"AUTOR","Lo",49,25,2,0,0,0,1,"0",1,2021,49,2,0,-1
"473",2020,"AUTOR","Lo",49,25,3,0,0,0,1,"0",1,2021,49,3,0,-1
"474",2020,"AUTOR","Lo",49,25,4,0,0,0,1,"0",1,2021,49,4,0,-1
"475",2020,"AUTOR","Lo",49,25,5,2,2,0,0,"0",3,2021,49,5,2,-1
"476",2020,"AUTOR","Lo",49,25,6,0,0,1,0,"1",1,2021,49,6,1,0
"477",2020,"AUTOR","Lo",49,25,7,1,1,2,0,"0",4,2021,49,7,2,-2
"478",2020,"AUTOR","Lo",49,25,8,0,0,1,0,"1",1,2021,49,8,1,0
"479",2020,"AUTOR","Lo",49,25,9,0,0,1,0,"3",1,2021,49,9,1,0
"480",2020,"AUTOR","Lo",49,25,10,0,0,1,0,"4",1,2021,49,10,1,0
"481",2020,"AUTOR","Lo",49,25,11,4,1,0,0,"0",2,2021,49,11,1,-1
"482",2020,"AUTOR","Me",50,19,1,0,0,0,1,"0",1,2021,50,1,0,-1
"483",2020,"AUTOR","Me",50,19,2,0,0,0,1,"0",1,2021,50,2,0,-1
"484",2020,"AUTOR","Me",50,19,3,0,0,0,1,"0",1,2021,50,3,0,-1
"485",2020,"AUTOR","Me",50,19,4,0,1,0,0,"0",1,2021,50,4,1,0
"486",2020,"AUTOR","Me",50,19,5,3,0,2,0,"3",3,2021,50,5,1,-2
"487",2020,"AUTOR","Me",50,19,6,0,0,1,0,"4",1,2021,50,6,1,0
"488",2020,"AUTOR","Me",50,19,7,4,1,1,0,"2",3,2021,50,7,2,-1
"489",2020,"AUTOR","Sh",51,4.5,1,0,0,0,1,"0",1,2021,51,1,0,-1
"490",2020,"AUTOR","Sh",51,4.5,2,0,0,0,1,"0",1,2021,51,2,0,-1
"491",2020,"AUTOR","Sh",51,4.5,3,2,1,0,0,"0",2,2021,51,3,1,-1
"492",2020,"AUTOR","Sh",52,2,1,0,1,0,0,"0",1,2021,52,1,1,0
"493",2020,"AUTOR","Sh",52,2,2,0,0,1,0,"0",1,2021,52,2,1,0
"494",2020,"AUTOR","VLo",53,54,1,0,0,0,1,"0",1,2021,53,1,0,-1
"495",2020,"AUTOR","VLo",53,54,2,0,0,0,1,"0",1,2021,53,2,1,0
"496",2020,"AUTOR","VLo",53,54,3,0,0,0,1,"0",1,2021,53,3,0,-1
"497",2020,"AUTOR","VLo",53,54,4,0,0,0,1,"0",1,2021,53,4,0,-1
"498",2020,"AUTOR","VLo",53,54,5,0,0,1,0,"0",1,2021,53,5,1,0
"499",2020,"AUTOR","VLo",53,54,6,6,0,1,0,"1",2,2021,53,6,2,0
"500",2020,"AUTOR","VLo",53,54,7,0,0,1,0,"3",1,2021,53,7,1,0
"501",2020,"AUTOR","VLo",53,54,8,0,0,1,0,"4",1,2021,53,8,1,0
"502",2020,"AUTOR","VLo",53,54,9,0,0,1,0,"3",1,2021,53,9,1,0
"503",2020,"AUTOR","VLo",53,54,10,0,0,1,0,"3",1,2021,53,10,1,0
"504",2020,"AUTOR","VLo",53,54,11,0,0,1,0,"4",1,2021,53,11,1,0
"505",2020,"AUTOR","VLo",53,54,12,0,0,1,0,"5",1,2021,53,12,1,0
"506",2020,"AUTOR","VLo",53,54,13,0,0,1,0,"4",1,2021,53,13,1,0
"507",2020,"AUTOR","VLo",53,54,14,0,0,1,0,"5",1,2021,53,14,1,0
"508",2020,"AUTOR","VLo",53,54,15,0,0,1,0,"4",1,2021,53,15,1,0
"509",2020,"AUTOR","Me",54,8.5,1,0,1,0,0,"0",1,2021,54,1,1,0
"510",2020,"AUTOR","Me",54,8.5,2,0,0,0,1,"0",1,2021,54,2,1,0
"511",2020,"AUTOR","Me",54,8.5,3,0,0,1,0,"3",1,2021,54,3,1,0
"512",2020,"AUTOR","Me",54,8.5,4,0,0,0,1,"0",1,2021,54,4,0,-1
"513",2020,"AUTOR","Me",54,8.5,5,3,2,2,0,"3",5,2021,54,5,2,-3
"514",2020,"AUTOR","Me",54,8.5,6,3,0,3,0,"0",4,2021,54,6,1,-3
"515",2020,"AUTOR","Me",54,8.5,7,0,1,0,0,"0",1,2021,54,7,1,0
"516",2020,"AUTOR","Me",55,6,1,0,1,0,0,"0",1,2021,55,1,0,-1
"517",2020,"AUTOR","Me",55,6,2,0,1,0,0,"0",1,2021,55,2,1,0
"518",2020,"AUTOR","Me",55,6,3,0,1,0,0,"0",1,2021,55,3,1,0
"519",2020,"AUTOR","Me",55,6,4,0,0,1,0,"3",1,2021,55,4,1,0
"520",2020,"AUTOR","Me",55,6,5,0,0,1,0,"0",1,2021,55,5,2,1
"521",2020,"AUTOR","Me",56,10.2,1,0,0,0,1,"0",1,2021,56,1,0,-1
"522",2020,"AUTOR","Me",56,10.2,2,0,1,0,0,"0",1,2021,56,2,1,0
"523",2020,"AUTOR","Me",56,10.2,3,0,0,0,1,"0",1,2021,56,3,0,-1
"524",2020,"AUTOR","Me",56,10.2,4,0,1,1,0,"2",2,2021,56,4,1,-1
"525",2020,"AUTOR","Me",56,10.2,5,3,2,1,0,"3",4,2021,56,5,2,-2
"526",2020,"AUTOR","Me",56,10.2,6,3,0,2,0,"0",3,2021,56,6,1,-2
"527",2020,"AUTOR","Me",56,10.2,7,0,0,2,0,"0",2,2021,56,7,1,-1
"528",2020,"AUTOR","Me",56,10.2,8,0,1,0,0,"0",1,2021,56,8,1,0
"529",2020,"AUTOR","Me",57,12,1,0,0,0,1,"0",1,2021,57,1,0,-1
"530",2020,"AUTOR","Me",57,12,2,0,0,0,1,"0",1,2021,57,2,0,-1
"531",2020,"AUTOR","Me",57,12,3,0,0,0,1,"0",1,2021,57,3,0,-1
"532",2020,"AUTOR","Me",57,12,4,0,0,1,0,"0",1,2021,57,4,1,0
"533",2020,"AUTOR","Me",57,12,5,3,2,3,0,"2",6,2021,57,5,2,-4
"534",2020,"AUTOR","Me",57,12,6,1,0,2,0,"4",3,2021,57,6,2,-1
"535",2020,"AUTOR","Sh",58,2,1,0,0,0,1,"0",1,2021,58,1,1,0
"536",2020,"AUTOR","Sh",58,2,2,2,0,1,0,"1",2,2021,58,2,1,-1
"537",2020,"AUTOR","Sh",58,2,3,0,1,0,0,"0",1,2021,58,3,1,0
"538",2020,"AUTOR","VLo",59,54,1,0,0,0,1,"0",1,2021,59,1,0,-1
"539",2020,"AUTOR","VLo",59,54,2,0,0,0,1,"0",1,2021,59,2,0,-1
"540",2020,"AUTOR","VLo",59,54,3,0,0,0,1,"0",1,2021,59,3,0,-1
"541",2020,"AUTOR","VLo",59,54,4,0,0,0,1,"0",1,2021,59,4,0,-1
"542",2020,"AUTOR","VLo",59,54,5,0,0,0,1,"0",1,2021,59,5,0,-1
"543",2020,"AUTOR","VLo",59,54,6,3,0,2,0,"0",3,2021,59,6,2,-1
"544",2020,"AUTOR","VLo",59,54,7,0,0,2,0,"3",2,2021,59,7,1,-1
"545",2020,"AUTOR","VLo",59,54,8,0,1,0,0,"0",1,2021,59,8,1,0
"546",2020,"AUTOR","VLo",59,54,9,0,0,1,0,"0",1,2021,59,9,1,0
"547",2020,"AUTOR","VLo",59,54,10,0,0,1,0,"5",1,2021,59,10,1,0
"548",2020,"AUTOR","VLo",59,54,11,0,0,1,0,"3",1,2021,59,11,1,0
"549",2020,"AUTOR","VLo",59,54,12,0,1,1,0,"2",2,2021,59,12,1,-1
"550",2020,"AUTOR","VLo",59,54,13,0,0,1,0,"0",1,2021,59,13,1,0
"551",2020,"AUTOR","VLo",59,54,14,0,1,1,0,"1",2,2021,59,14,1,-1
"552",2020,"AUTOR","VLo",59,54,15,0,2,0,0,"0",2,2021,59,15,2,0
"553",2020,"AUTOR","VLo",59,54,16,0,1,0,0,"0",1,2021,59,16,1,0
"554",2020,"AUTOR","VLo",59,54,17,0,0,1,0,"0",1,2021,59,17,1,0
"555",2020,"AUTOR","VLo",59,54,18,0,1,0,0,"0",1,2021,59,18,1,0
"556",2020,"AUTOR","VLo",59,54,19,0,1,0,0,"0",1,2021,59,19,1,0
"557",2020,"AUTOR","VLo",59,54,20,4,2,0,0,"0",3,2021,59,20,2,-1
"558",2020,"AUTOR","VLo",59,54,21,0,1,0,0,"0",1,2021,59,21,1,0
"559",2020,"AUTOR","VLo",59,54,22,0,1,0,0,"0",1,2021,59,22,1,0
"560",2020,"AUTOR","Sh",60,3,1,0,0,0,1,"0",1,2021,60,1,0,-1
"561",2020,"AUTOR","Sh",60,3,2,0,1,0,0,"0",1,2021,60,2,1,0
"562",2020,"AUTOR","Sh",60,3,3,4,2,0,0,"0",3,2021,60,3,1,-2
"563",2020,"AUTOR","VLo",61,46,1,0,1,0,0,"0",1,2021,61,1,0,-1
"564",2020,"AUTOR","VLo",61,46,2,0,1,0,0,"0",1,2021,61,2,1,0
"565",2020,"AUTOR","VLo",61,46,3,0,1,0,0,"0",1,2021,61,3,1,0
"566",2020,"AUTOR","VLo",61,46,4,0,1,0,0,"0",1,2021,61,4,1,0
"567",2020,"AUTOR","VLo",61,46,5,0,1,0,0,"0",1,2021,61,5,1,0
"568",2020,"AUTOR","VLo",61,46,6,0,1,0,0,"0",1,2021,61,6,1,0
"569",2020,"AUTOR","VLo",61,46,7,0,1,0,0,"0",1,2021,61,7,1,0
"570",2020,"AUTOR","VLo",61,46,8,0,1,0,0,"0",1,2021,61,8,1,0
"571",2020,"AUTOR","VLo",61,46,9,0,1,1,0,"4",2,2021,61,9,1,-1
"572",2020,"AUTOR","VLo",61,46,10,0,1,0,0,"0",1,2021,61,10,1,0
"573",2020,"AUTOR","VLo",61,46,11,0,1,1,0,"5",2,2021,61,11,1,-1
"574",2020,"AUTOR","VLo",61,46,12,0,0,1,0,"0",1,2021,61,12,1,0
"575",2020,"AUTOR","VLo",61,46,13,0,1,1,0,"5",2,2021,61,13,1,-1
"576",2020,"AUTOR","VLo",61,46,14,0,0,1,0,"0",1,2021,61,14,1,0
"577",2020,"AUTOR","VLo",61,46,15,0,1,1,0,"4",2,2021,61,15,1,-1
"578",2020,"AUTOR","VLo",61,46,16,0,0,1,0,"0",1,2021,61,16,1,0
"579",2020,"AUTOR","VLo",61,46,17,0,1,0,0,"0",1,2021,61,17,1,0
"580",2020,"AUTOR","VLo",61,46,18,0,0,1,0,"0",1,2021,61,18,1,0
"581",2020,"AUTOR","VLo",61,46,19,0,1,0,0,"0",1,2021,61,19,1,0
"582",2020,"AUTOR","VLo",61,46,20,0,2,0,0,"0",2,2021,61,20,1,-1
"583",2020,"AUTOR","Me",62,9,1,0,0,1,0,"0",1,2021,62,1,0,-1
"584",2020,"AUTOR","Me",62,9,2,0,1,0,0,"0",1,2021,62,2,0,-1
"585",2020,"AUTOR","Me",62,9,3,0,0,0,1,"0",1,2021,62,3,1,0
"586",2020,"AUTOR","Me",62,9,4,0,0,1,0,"6",1,2021,62,5,0,-1
"587",2020,"AUTOR","Me",62,9,5,2,1,0,0,"0",2,2021,62,6,1,-1
"588",2020,"AUTOR","Me",62,9,6,0,0,1,0,"0",1,2021,62,7,1,0
"589",2020,"AUTOR","Me",62,9,7,0,0,1,0,"0",1,2021,62,8,1,0
"590",2020,"AUTOR","Me",62,9,8,0,1,0,0,"0",1,2021,62,9,0,-1
"591",2020,"AUTOR","Sh",63,4.8,1,1,0,0,0,"0",1,2021,63,1,1,0
"592",2020,"AUTOR","Sh",63,4.8,2,0,1,0,0,"0",1,2021,63,2,1,0
"593",2020,"AUTOR","Sh",63,4.8,3,4,0,3,0,"3",4,2021,63,3,2,-2
"594",2020,"AUTOR","Lo",64,28,1,0,1,0,0,"0",1,2021,64,1,0,-1
"595",2020,"AUTOR","Lo",64,28,2,0,0,0,1,"0",1,2021,64,2,1,0
"596",2020,"AUTOR","Lo",64,28,3,0,0,0,1,"0",1,2021,64,3,0,-1
"597",2020,"AUTOR","Lo",64,28,4,0,1,0,0,"0",1,2021,64,4,0,-1
"598",2020,"AUTOR","Lo",64,28,5,2,3,0,0,"0",4,2021,64,5,1,-3
"599",2020,"AUTOR","Lo",64,28,6,2,0,3,0,"1",4,2021,64,6,2,-2
"600",2020,"AUTOR","Lo",64,28,7,3,3,0,0,"0",4,2021,64,7,2,-2
"601",2020,"AUTOR","Lo",64,28,8,3,1,0,0,"0",2,2021,64,8,1,-1
"602",2020,"AUTOR","Lo",64,28,9,0,0,1,0,"2",1,2021,64,9,1,0
"603",2020,"AUTOR","Lo",64,28,10,0,0,0,1,"0",1,2021,64,10,0,-1
"604",2020,"AUTOR","Lo",64,28,11,0,0,1,0,"2",1,2021,64,11,1,0
"605",2020,"AUTOR","Lo",64,28,12,0,0,1,0,"0",1,2021,64,12,1,0
"606",2020,"AUTOR","Lo",64,28,13,0,0,1,0,"0",1,2021,64,13,1,0
"607",2020,"AUTOR","Lo",64,28,14,0,1,0,0,"0",1,2021,64,14,1,0
"608",2020,"AUTOR","Lo",64,28,15,0,1,0,0,"0",1,2021,64,15,1,0
"609",2020,"AUTOR","Lo",64,28,16,4,0,0,0,"0",1,2021,64,16,1,0
"610",2020,"AUTOR","Me",65,10,1,0,0,1,0,"0",1,2021,65,1,0,-1
"611",2020,"AUTOR","Me",65,10,2,0,0,0,1,"0",1,2021,65,2,0,-1
"612",2020,"AUTOR","Me",65,10,3,0,0,0,1,"0",1,2021,65,3,0,-1
"613",2020,"AUTOR","Me",65,10,4,0,0,0,1,"0",1,2021,65,4,0,-1
"614",2020,"AUTOR","Me",65,10,5,4,0,3,0,"0",4,2021,65,5,2,-2
"615",2020,"AUTOR","Me",65,10,6,4,0,5,0,"0",6,2021,65,6,1,-5
"616",2020,"AUTOR","VLo",66,58,1,0,1,0,0,"0",1,2021,66,1,0,-1
"617",2020,"AUTOR","VLo",66,58,2,0,1,0,0,"0",1,2021,66,2,0,-1
"618",2020,"AUTOR","VLo",66,58,3,0,0,0,1,"0",1,2021,66,3,0,-1
"619",2020,"AUTOR","VLo",66,58,4,0,0,0,1,"0",1,2021,66,4,0,-1
"620",2020,"AUTOR","VLo",66,58,5,0,0,0,1,"0",1,2021,66,5,0,-1
"621",2020,"AUTOR","VLo",66,58,6,0,0,0,1,"0",1,2021,66,6,1,0
"622",2020,"AUTOR","VLo",66,58,7,1,2,2,0,"0",5,2021,66,7,1,-4
"623",2020,"AUTOR","VLo",66,58,8,0,0,1,0,"2",1,2021,66,8,1,0
"624",2020,"AUTOR","VLo",66,58,9,0,0,1,0,"4",1,2021,66,9,1,0
"625",2020,"AUTOR","VLo",66,58,10,0,0,0,1,"0",1,2021,66,10,1,0
"626",2020,"AUTOR","VLo",66,58,11,0,0,1,0,"5",1,2021,66,11,2,1
"627",2020,"AUTOR","VLo",66,58,12,0,0,1,0,"5",1,2021,66,12,1,0
"628",2020,"AUTOR","VLo",66,58,13,0,0,1,0,"4",1,2021,66,13,1,0
"629",2020,"AUTOR","VLo",66,58,14,0,0,1,0,"4",1,2021,66,14,1,0
"630",2020,"AUTOR","VLo",66,58,15,0,0,1,0,"4",1,2021,66,15,1,0
"631",2020,"AUTOR","VLo",66,58,16,0,0,1,0,"3",1,2021,66,16,1,0
"632",2020,"AUTOR","VLo",66,58,17,0,0,1,0,"5",1,2021,66,17,1,0
"633",2020,"AUTOR","VLo",66,58,18,0,0,1,0,"5",1,2021,66,18,1,0
"634",2020,"AUTOR","VLo",66,58,19,0,2,0,0,"0",2,2021,66,19,1,-1
"635",2020,"AUTOR","Lo",67,26.5,1,0,1,0,0,"0",1,2021,67,NA,0,-1
"636",2020,"AUTOR","Lo",67,26.5,2,0,0,0,1,"0",1,2021,67,2,0,-1
"637",2020,"AUTOR","Lo",67,26.5,3,0,0,0,1,"0",1,2021,67,3,0,-1
"638",2020,"AUTOR","Lo",67,26.5,4,2,3,0,0,"0",4,2021,67,4,2,-2
"639",2020,"AUTOR","Lo",67,26.5,5,4,1,2,0,"3",4,2021,67,5,2,-2
"640",2020,"AUTOR","Lo",67,26.5,6,0,0,1,0,"3",1,2021,67,6,1,0
"641",2020,"AUTOR","Lo",67,26.5,7,0,0,1,0,"2",1,2021,67,7,1,0
"642",2020,"AUTOR","Lo",67,26.5,8,0,0,1,0,"5",1,2021,67,8,1,0
"643",2020,"AUTOR","Lo",67,26.5,9,0,0,1,0,"3",1,2021,67,9,1,0
"644",2020,"AUTOR","Lo",67,26.5,10,0,0,1,0,"3",1,2021,67,10,1,0
"645",2020,"AUTOR","Lo",67,26.5,11,4,2,0,0,"0",3,2021,67,11,1,-2
"646",2020,"AUTOR","Lo",67,26.5,12,0,0,1,0,"0",1,2021,67,12,1,0
"647",2020,"AUTOR","Lo",68,26.5,1,0,0,0,1,"0",1,2021,68,1,0,-1
"648",2020,"AUTOR","Lo",68,26.5,2,0,0,0,1,"0",1,2021,68,2,0,-1
"649",2020,"AUTOR","Lo",68,26.5,3,0,0,0,1,"0",1,2021,68,3,0,-1
"650",2020,"AUTOR","Lo",68,26.5,4,0,1,0,0,"0",1,2021,68,4,1,0
"651",2020,"AUTOR","Lo",68,26.5,5,3,2,1,0,"0",4,2021,68,5,2,-2
"652",2020,"AUTOR","Lo",68,26.5,6,4,0,3,0,"6",4,2021,68,6,1,-3
"653",2020,"AUTOR","Lo",68,26.5,7,0,1,0,0,"0",1,2021,68,7,1,0
"654",2020,"AUTOR","Lo",68,26.5,8,0,0,1,0,"4",1,2021,68,8,1,0
"655",2020,"AUTOR","Lo",68,26.5,9,0,0,1,0,"3",1,2021,68,9,1,0
"656",2020,"AUTOR","Lo",68,26.5,10,0,0,1,0,"0",1,2021,68,10,1,0
"657",2020,"AUTOR","Lo",68,26.5,11,2,0,0,0,"0",1,2021,68,11,1,0
"658",2020,"AUTOR","Lo",68,26.5,12,0,1,0,0,"0",1,2021,68,12,1,0
"659",2020,"AUTOR","Lo",68,26.5,13,0,1,0,0,"0",1,2021,68,13,1,0
"660",2020,"AUTOR","Me",69,6.5,1,0,0,0,1,"0",1,2021,69,1,1,0
"661",2020,"AUTOR","Me",69,6.5,2,0,0,1,0,"0",1,2021,69,2,1,0
"662",2020,"AUTOR","Me",69,6.5,3,2,1,2,0,"0",4,2021,69,3,1,-3
"663",2020,"AUTOR","Me",69,6.5,4,1,1,1,0,"1",3,2021,69,4,1,-2
"664",2020,"AUTOR","VLo",70,42,1,0,1,0,0,"0",1,2021,70,1,0,-1
"665",2020,"AUTOR","VLo",70,42,2,0,0,0,1,"0",1,2021,70,2,1,0
"666",2020,"AUTOR","VLo",70,42,3,0,0,0,1,"0",1,2021,70,3,1,0
"667",2020,"AUTOR","VLo",70,42,4,0,0,0,1,"0",1,2021,70,4,1,0
"668",2020,"AUTOR","VLo",70,42,5,0,1,0,0,"0",1,2021,70,5,0,-1
"669",2020,"AUTOR","VLo",70,42,6,5,4,0,0,"0",5,2021,70,6,0,-5
"670",2020,"AUTOR","VLo",70,42,7,4,3,1,0,"3",5,2021,70,7,1,-4
"671",2020,"AUTOR","VLo",70,42,8,4,2,2,0,"2",5,2021,70,8,2,-3
"672",2020,"AUTOR","VLo",70,42,9,0,1,0,0,"0",1,2021,70,9,1,0
"673",2020,"AUTOR","VLo",70,42,10,0,0,1,0,"4",1,2021,70,10,1,0
"674",2020,"AUTOR","VLo",70,42,11,5,2,0,0,"0",3,2021,70,11,2,-1
"675",2020,"AUTOR","VLo",70,42,12,0,1,0,0,"0",1,2021,70,12,1,0
"676",2020,"AUTOR","VLo",70,42,13,0,0,1,0,"0",1,2021,70,13,1,0
"677",2020,"AUTOR","VLo",70,42,14,0,0,1,0,"4",1,2021,70,14,2,1
"678",2020,"AUTOR","VLo",70,42,15,0,0,1,0,"4",1,2021,70,15,1,0
"679",2020,"AUTOR","VLo",70,42,16,0,0,1,0,"2",1,2021,70,16,1,0
"680",2020,"AUTOR","Sh",71,5,1,0,1,0,0,"0",1,2021,71,1,0,-1
"681",2020,"AUTOR","Sh",71,5,2,0,0,1,0,"0",1,2021,71,2,1,0
"682",2020,"AUTOR","Sh",71,5,3,1,1,0,0,"0",2,2021,71,3,1,-1
"683",2020,"AUTOR","Sh",71,5,4,1,1,1,0,"0",3,2021,71,4,1,-2
"684",2020,"AUTOR","Sh",71,5,5,3,0,3,0,"4",4,2021,71,5,1,-3
"685",2020,"AUTOR","Sh",72,3,1,0,1,0,0,"0",1,2021,72,1,1,0
"686",2020,"AUTOR","Sh",72,3,2,0,1,0,0,"0",1,2021,72,2,1,0
"687",2020,"AUTOR","Sh",72,3,3,4,2,0,0,"0",3,2021,72,3,1,-2
"688",2020,"AUTOR","Lo",73,38.5,1,0,1,0,0,"0",1,2021,73,1,0,-1
"689",2020,"AUTOR","Lo",73,38.5,2,0,1,0,0,"0",1,2021,73,2,0,-1
"690",2020,"AUTOR","Lo",73,38.5,3,0,1,1,0,"0",2,2021,73,3,1,-1
"691",2020,"AUTOR","Lo",73,38.5,4,0,0,1,0,"0",1,2021,73,4,1,0
"692",2020,"AUTOR","Lo",73,38.5,5,2,2,1,0,"0",4,2021,73,5,3,-1
"693",2020,"AUTOR","Lo",73,38.5,6,3,2,1,0,"0",4,2021,73,6,3,-1
"694",2020,"AUTOR","Lo",73,38.5,7,0,0,1,0,"0",1,2021,73,7,1,0
"695",2020,"AUTOR","Lo",73,38.5,8,0,0,0,1,"0",1,2021,73,8,0,-1
"696",2020,"AUTOR","Lo",73,38.5,9,0,0,1,0,"0",1,2021,73,9,2,1
"697",2020,"AUTOR","Lo",73,38.5,10,0,0,1,0,"0",1,2021,73,10,2,1
"698",2020,"AUTOR","Lo",73,38.5,11,0,0,1,0,"0",1,2021,73,11,0,-1
"699",2020,"AUTOR","Lo",73,38.5,12,0,1,0,0,"0",1,2021,73,12,1,0
"700",2020,"AUTOR","Lo",73,38.5,13,0,0,1,0,"0",1,2021,73,13,1,0
"701",2020,"AUTOR","Lo",73,38.5,14,0,0,1,0,"0",1,2021,73,14,2,1
"702",2020,"AUTOR","Lo",73,38.5,15,0,0,1,0,"0",1,2021,73,15,1,0
"703",2020,"AUTOR","Me",74,14.5,1,0,0,0,1,"0",1,2021,74,1,0,-1
"704",2020,"AUTOR","Me",74,14.5,2,0,0,0,1,"0",1,2021,74,2,0,-1
"705",2020,"AUTOR","Me",74,14.5,3,0,0,0,1,"0",1,2021,74,3,0,-1
"706",2020,"AUTOR","Me",74,14.5,4,0,1,0,0,"0",1,2021,74,4,2,1
"707",2020,"AUTOR","Me",74,14.5,5,2,1,2,0,"0",4,2021,74,5,2,-2
"708",2020,"AUTOR","Me",74,14.5,6,1,1,3,0,"0",5,2021,74,6,1,-4
"709",2020,"AUTOR","Me",74,14.5,7,5,1,0,0,"0",2,2021,74,7,1,-1
"710",2020,"AUTOR","Lo",75,35.5,1,0,0,1,0,"0",1,2021,75,1,1,0
"711",2020,"AUTOR","Lo",75,35.5,2,0,1,0,0,"0",1,2021,75,2,1,0
"712",2020,"AUTOR","Lo",75,35.5,3,0,0,0,1,"0",1,2021,75,3,0,-1
"713",2020,"AUTOR","Lo",75,35.5,4,1,2,0,0,"0",3,2021,75,4,1,-2
"714",2020,"AUTOR","Lo",75,35.5,5,1,2,0,0,"0",3,2021,75,5,2,-1
"715",2020,"AUTOR","Lo",75,35.5,6,3,1,2,0,"0",4,2021,75,6,1,-3
"716",2020,"AUTOR","Lo",75,35.5,7,5,3,0,0,"0",4,2021,75,7,2,-2
"717",2020,"AUTOR","Lo",75,35.5,8,0,1,0,0,"0",1,2021,75,8,1,0
"718",2020,"AUTOR","Lo",75,35.5,9,0,1,0,0,"0",1,2021,75,9,1,0
"719",2020,"AUTOR","Lo",75,35.5,10,0,1,0,0,"0",1,2021,75,10,1,0
"720",2020,"AUTOR","Lo",75,35.5,11,0,1,0,0,"0",1,2021,75,11,1,0
"721",2020,"AUTOR","Lo",75,35.5,12,0,1,0,0,"0",1,2021,75,12,1,0
"722",2020,"AUTOR","Lo",75,35.5,13,0,1,0,0,"0",1,2021,75,13,1,0
"723",2020,"AUTOR","Lo",75,35.5,14,0,1,0,0,"0",1,2021,75,14,1,0
"724",2020,"AUTOR","Lo",75,35.5,15,0,1,0,0,"0",1,2021,75,15,1,0
"725",2020,"AUTOR","Lo",75,35.5,16,0,1,0,0,"0",1,2021,75,16,1,0
"726",2020,"AUTOR","Me",76,13.5,1,0,0,1,0,"0",1,2021,76,1,0,-1
"727",2020,"AUTOR","Me",76,13.5,2,0,0,0,1,"0",1,2021,76,2,0,-1
"728",2020,"AUTOR","Me",76,13.5,3,0,0,0,1,"0",1,2021,76,3,0,-1
"729",2020,"AUTOR","Me",76,13.5,4,3,3,0,0,"0",4,2021,76,4,2,-2
"730",2020,"AUTOR","Me",76,13.5,5,4,1,2,0,"0",4,2021,76,5,2,-2
"731",2020,"AUTOR","Me",76,13.5,6,4,1,1,0,"3",3,2021,76,6,1,-2
"732",2020,"AUTOR","Me",76,13.5,7,0,0,1,0,"0",1,2021,76,7,1,0
"733",2020,"AUTOR","Me",76,13.5,8,0,0,1,0,"0",1,2021,76,8,1,0
"734",2020,"AUTOR","Lo",77,28,1,0,0,0,1,"0",1,2021,77,1,0,-1
"735",2020,"AUTOR","Lo",77,28,2,0,0,0,1,"0",1,2021,77,2,0,-1
"736",2020,"AUTOR","Lo",77,28,3,0,0,0,1,"0",1,2021,77,3,0,-1
"737",2020,"AUTOR","Lo",77,28,4,0,0,0,1,"0",1,2021,77,4,0,-1
"738",2020,"AUTOR","Lo",77,28,5,0,2,0,0,"0",2,2021,77,5,1,-1
"739",2020,"AUTOR","Lo",77,28,6,3,1,0,0,"0",2,2021,77,6,1,-1
"740",2020,"AUTOR","Lo",77,28,7,0,0,1,0,"3",1,2021,77,7,1,0
"741",2020,"AUTOR","Lo",77,28,8,1,1,0,0,"0",2,2021,77,8,1,-1
"742",2020,"AUTOR","Lo",77,28,9,4,2,0,0,"0",3,2021,77,9,1,-2
"743",2020,"AUTOR","Lo",77,28,10,0,0,1,0,"3",1,2021,77,10,1,0
"744",2020,"AUTOR","Lo",77,28,11,5,2,0,0,"0",3,2021,77,11,1,-2
"745",2020,"AUTOR","Lo",77,28,12,0,0,1,0,"2",1,2021,77,12,2,1
"746",2020,"AUTOR","Lo",77,28,13,0,0,1,0,"3",1,2021,77,13,1,0
"747",2020,"AUTOR","Lo",77,28,14,0,0,1,0,"3",1,2021,77,14,1,0
"748",2020,"AUTOR","Lo",77,28,15,0,1,0,0,"0",1,2021,77,15,1,0
"749",2020,"AUTOR","Lo",77,28,16,0,1,0,0,"0",1,2021,77,16,1,0
"750",2020,"AUTOR","Lo",77,28,17,5,0,0,0,"0",1,2021,77,17,1,0
"751",2020,"AUTOR","Me",78,14,1,0,0,0,1,"0",1,2021,78,1,0,-1
"752",2020,"AUTOR","Me",78,14,2,0,0,0,1,"0",1,2021,78,2,0,-1
"753",2020,"AUTOR","Me",78,14,3,0,0,0,1,"0",1,2021,78,3,0,-1
"754",2020,"AUTOR","Me",78,14,4,0,0,1,0,"1",2,2021,78,4,0,-2
"755",2020,"AUTOR","Me",78,14,5,3,1,1,0,"1",3,2021,78,5,2,-1
"756",2020,"AUTOR","Me",78,14,6,0,0,1,0,"4",1,2021,78,6,1,0
"757",2020,"AUTOR","Me",78,14,7,6,0,2,0,"0",3,2021,78,7,1,-2
"758",2020,"AUTOR","Lo",79,22,1,0,0,0,1,"0",1,2021,79,1,0,-1
"759",2020,"AUTOR","Lo",79,22,2,0,0,0,1,"0",1,2021,79,2,0,-1
"760",2020,"AUTOR","Lo",79,22,3,0,0,0,1,"0",1,2021,79,3,0,-1
"761",2020,"AUTOR","Lo",79,22,4,0,1,0,0,"0",1,2021,79,4,1,0
"762",2020,"AUTOR","Lo",79,22,5,1,0,1,0,"3",2,2021,79,5,1,-1
"763",2020,"AUTOR","Lo",79,22,6,4,2,3,0,"0",6,2021,79,6,2,-4
"764",2020,"AUTOR","Lo",79,22,7,5,0,2,0,"3",3,2021,79,7,1,-2
"765",2020,"AUTOR","Lo",79,22,8,0,0,1,0,"2",1,2021,79,8,1,0
"766",2020,"AUTOR","Lo",79,22,9,4,1,1,0,"3",3,2021,79,9,2,-1
"767",2020,"AUTOR","Lo",79,22,10,0,0,1,0,"4",1,2021,79,10,1,0
"768",2020,"AUTOR","Lo",80,38,1,0,0,1,0,"0",1,2021,80,1,0,-1
"769",2020,"AUTOR","Lo",80,38,2,1,0,0,0,"0",1,2021,80,2,0,-1
"770",2020,"AUTOR","Lo",80,38,3,1,0,0,0,"0",1,2021,80,3,1,0
"771",2020,"AUTOR","Lo",80,38,4,0,0,0,1,"0",1,2021,80,4,0,-1
"772",2020,"AUTOR","Lo",80,38,5,0,1,1,0,"1",2,2021,80,5,2,0
"773",2020,"AUTOR","Lo",80,38,6,3,2,2,0,"0",5,2021,80,6,3,-2
"774",2020,"AUTOR","Lo",80,38,7,2,0,4,0,"4",5,2021,80,7,0,-5
"775",2020,"AUTOR","Lo",80,38,8,4,1,3,0,"3",5,2021,80,8,1,-4
"776",2020,"AUTOR","Lo",80,38,9,0,0,1,0,"0",1,2021,80,9,1,0
"777",2020,"AUTOR","Lo",80,38,10,4,1,1,0,"3",3,2021,80,10,3,0
"778",2020,"AUTOR","Lo",80,38,11,0,1,0,0,"0",1,2021,80,11,1,0
"779",2020,"AUTOR","Lo",80,38,12,0,1,0,0,"0",1,2021,80,12,1,0
"780",2020,"AUTOR","Me",81,6,1,0,1,0,0,"0",1,2021,NA,NA,NA,NA
"781",2020,"AUTOR","Me",81,6,2,1,0,0,0,"0",1,2021,NA,NA,NA,NA
"782",2020,"AUTOR","Me",81,6,3,1,0,0,0,"0",1,2021,NA,NA,NA,NA
"783",2020,"AUTOR","Me",81,6,4,1,0,0,0,"0",1,2021,NA,NA,NA,NA
"784",2020,"AUTOR","Sh",82,1,1,0,0,1,0,"0",1,2021,NA,NA,NA,NA
"785",2020,"AUTOR","Sh",82,1,2,1,0,0,0,"0",1,2021,NA,NA,NA,NA
"786",2020,"AUTOR","VLo",83,66.5,1,0,1,0,0,"0",1,2021,83,1,1,0
"787",2020,"AUTOR","VLo",83,66.5,2,0,1,0,0,"0",1,2021,83,2,1,0
"788",2020,"AUTOR","VLo",83,66.5,3,0,0,1,0,"2",1,2021,83,3,1,0
"789",2020,"AUTOR","VLo",83,66.5,4,1,1,0,0,"0",2,2021,83,4,1,-1
"790",2020,"AUTOR","VLo",83,66.5,5,2,3,0,0,"0",4,2021,83,5,2,-2
"791",2020,"AUTOR","VLo",83,66.5,6,5,3,0,0,"0",4,2021,83,6,3,-1
"792",2020,"AUTOR","VLo",83,66.5,7,5,2,2,0,"0",5,2021,83,7,2,-3
"793",2020,"AUTOR","VLo",83,66.5,8,4,0,4,0,"3",5,2021,83,8,2,-3
"794",2020,"AUTOR","VLo",83,66.5,9,0,1,0,0,"0",1,2021,83,9,2,1
"795",2020,"AUTOR","VLo",83,66.5,10,0,0,1,0,"4",1,2021,83,10,1,0
"796",2020,"AUTOR","VLo",83,66.5,11,0,0,1,0,"3",1,2021,83,11,1,0
"797",2020,"AUTOR","VLo",83,66.5,12,0,0,1,0,"0",1,2021,83,12,1,0
"798",2020,"AUTOR","VLo",83,66.5,13,0,1,0,0,"0",1,2021,83,13,1,0
"799",2020,"AUTOR","VLo",83,66.5,14,0,1,0,0,"0",1,2021,83,14,1,0
"800",2020,"AUTOR","VLo",83,66.5,15,0,1,0,0,"0",1,2021,83,15,1,0
"801",2020,"AUTOR","VLo",83,66.5,16,0,2,0,0,"0",2,2021,83,16,1,-1
"802",2020,"AUTOR","VLo",83,66.5,17,0,2,0,0,"0",2,2021,83,17,1,-1
"803",2020,"AUTOR","VLo",83,66.5,18,0,3,0,0,"0",3,2021,83,18,1,-2
"804",2020,"AUTOR","Me",84,16,1,0,0,0,1,"0",1,2021,84,1,0,-1
"805",2020,"AUTOR","Me",84,16,2,0,0,0,1,"0",1,2021,84,2,0,-1
"806",2020,"AUTOR","Me",84,16,3,0,0,0,1,"0",1,2021,84,3,0,-1
"807",2020,"AUTOR","Me",84,16,4,0,1,0,0,"0",1,2021,84,4,1,0
"808",2020,"AUTOR","Me",84,16,5,0,0,0,1,"0",1,2021,84,5,0,-1
"809",2020,"AUTOR","Me",84,16,6,2,1,2,0,"0",4,2021,84,6,2,-2
"810",2020,"AUTOR","Me",84,16,7,1,0,0,0,"0",1,2021,84,7,1,0
"811",2020,"AUTOR","Me",84,16,8,0,0,1,0,"0",1,2021,84,8,1,0
"812",2020,"AUTOR","Lo",85,22.5,1,0,0,0,1,"0",1,2021,85,1,0,-1
"813",2020,"AUTOR","Lo",85,22.5,2,0,0,0,1,"0",1,2021,85,2,0,-1
"814",2020,"AUTOR","Lo",85,22.5,3,0,0,0,1,"0",1,2021,85,3,1,0
"815",2020,"AUTOR","Lo",85,22.5,4,0,0,0,1,"0",1,2021,85,4,1,0
"816",2020,"AUTOR","Lo",85,22.5,5,3,1,1,0,"0",3,2021,85,5,2,-1
"817",2020,"AUTOR","Lo",85,22.5,6,4,1,1,0,"0",3,2021,85,6,2,-1
"818",2020,"AUTOR","Lo",85,22.5,7,5,0,2,0,"2",3,2021,85,7,2,-1
"819",2020,"AUTOR","VLo",86,45,1,0,0,1,0,"0",1,2021,86,1,0,-1
"820",2020,"AUTOR","VLo",86,45,2,0,1,0,0,"0",1,2021,86,2,1,0
"821",2020,"AUTOR","VLo",86,45,3,0,1,0,0,"0",1,2021,86,3,1,0
"822",2020,"AUTOR","VLo",86,45,4,0,1,0,0,"0",1,2021,86,4,1,0
"823",2020,"AUTOR","VLo",86,45,5,2,2,1,0,"0",4,2021,86,5,1,-3
"824",2020,"AUTOR","VLo",86,45,6,4,1,2,0,"0",4,2021,86,6,2,-2
"825",2020,"AUTOR","VLo",86,45,7,3,0,4,0,"0",5,2021,86,7,2,-3
"826",2020,"AUTOR","VLo",86,45,8,0,1,0,0,"0",1,2021,86,8,1,0
"827",2020,"AUTOR","VLo",86,45,9,0,0,1,0,"0",1,2021,86,9,1,0
"828",2020,"AUTOR","VLo",86,45,10,1,2,1,0,"0",4,2021,86,10,2,-2
"829",2020,"AUTOR","VLo",86,45,11,0,0,1,0,"0",1,2021,86,11,1,0
"830",2020,"AUTOR","VLo",86,45,12,0,1,0,0,"0",1,2021,86,12,1,0
"831",2020,"AUTOR","VLo",86,45,13,0,1,0,0,"0",1,2021,86,13,1,0
"832",2020,"AUTOR","VLo",86,45,14,0,1,1,0,"6",2,2021,86,14,2,0
"833",2020,"AUTOR","Lo",87,25,1,0,0,0,1,"0",1,2021,NA,NA,NA,NA
"834",2020,"AUTOR","Lo",87,25,2,0,0,0,1,"0",1,2021,NA,NA,NA,NA
"835",2020,"AUTOR","Lo",87,25,3,0,0,0,1,"0",1,2021,NA,NA,NA,NA
"836",2020,"AUTOR","Lo",87,25,4,0,0,0,1,"0",1,2021,NA,NA,NA,NA
"837",2020,"AUTOR","Lo",87,25,5,0,0,0,1,"0",1,2021,NA,NA,NA,NA
"838",2020,"AUTOR","Lo",87,25,6,0,1,0,0,"0",1,2021,NA,NA,NA,NA
"839",2020,"AUTOR","Lo",87,25,7,3,1,3,0,"1",5,2021,NA,NA,NA,NA
"840",2020,"AUTOR","Lo",87,25,8,4,1,2,0,"2",4,2021,NA,NA,NA,NA
"841",2020,"AUTOR","Lo",87,25,9,4,1,3,0,"1",5,2021,NA,NA,NA,NA
"842",2020,"AUTOR","Lo",87,25,10,0,1,0,0,"0",1,2021,NA,NA,NA,NA
"843",2020,"AUTOR","Lo",87,25,11,5,1,1,0,"0",3,2021,NA,NA,NA,NA
"844",2020,"AUTOR","Lo",87,25,12,4,2,1,0,"3",4,2021,NA,NA,NA,NA
"845",2020,"AUTOR","Sh",88,4.5,1,0,1,0,0,"0",1,2021,88,1,0,-1
"846",2020,"AUTOR","Sh",88,4.5,2,0,0,0,1,"0",1,2021,88,2,1,0
"847",2020,"AUTOR","Sh",88,4.5,3,1,2,0,0,"0",3,2021,88,3,2,-1
"848",2020,"AUTOR","Sh",88,4.5,4,0,0,1,0,"2",1,2021,88,4,1,0
"849",2020,"AUTOR","Lo",89,27,1,0,0,1,0,"0",1,2021,NA,NA,NA,NA
"850",2020,"AUTOR","Lo",89,27,2,0,0,0,1,"0",1,2021,NA,NA,NA,NA
"851",2020,"AUTOR","Lo",89,27,3,0,0,0,1,"0",1,2021,NA,NA,NA,NA
"852",2020,"AUTOR","Lo",89,27,4,0,0,0,1,"0",1,2021,NA,NA,NA,NA
"853",2020,"AUTOR","Lo",89,27,5,15,3,0,0,"0",4,2021,NA,NA,NA,NA
"854",2020,"AUTOR","Lo",89,27,6,5,0,5,0,"0",6,2021,NA,NA,NA,NA
"855",2020,"AUTOR","Lo",89,27,7,5,0,1,0,"0",2,2021,NA,NA,NA,NA
"856",2020,"AUTOR","Lo",89,27,8,5,2,2,0,"0",5,2021,NA,NA,NA,NA
"857",2020,"AUTOR","Lo",89,27,9,0,1,0,0,"0",1,2021,NA,NA,NA,NA
"858",2020,"AUTOR","Lo",89,27,10,0,1,0,0,"0",1,2021,NA,NA,NA,NA
"859",2020,"AUTOR","VLo",90,41,1,0,0,1,0,"0",1,2021,90,1,0,-1
"860",2020,"AUTOR","VLo",90,41,2,0,1,0,0,"0",1,2021,90,2,0,-1
"861",2020,"AUTOR","VLo",90,41,3,0,0,0,1,"0",1,2021,90,3,0,-1
"862",2020,"AUTOR","VLo",90,41,4,0,1,0,0,"0",1,2021,90,4,0,-1
"863",2020,"AUTOR","VLo",90,41,5,1,4,1,0,"5",6,2021,90,5,1,-5
"864",2020,"AUTOR","VLo",90,41,6,1,0,0,0,"0",1,2021,90,6,1,0
"865",2020,"AUTOR","VLo",90,41,7,0,1,0,0,"0",1,2021,90,7,2,1
"866",2020,"AUTOR","VLo",90,41,8,0,0,1,0,"0",1,2021,90,8,1,0
"867",2020,"AUTOR","VLo",90,41,9,4,1,2,0,"0",4,2021,90,9,2,-2
"868",2020,"AUTOR","VLo",90,41,10,4,2,1,0,"2",4,2021,90,10,3,-1
"869",2020,"AUTOR","VLo",90,41,11,5,2,1,0,"3",4,2021,90,11,2,-2
"870",2020,"AUTOR","VLo",90,41,12,3,1,0,0,"0",2,2021,90,12,2,0
"871",2020,"AUTOR","VLo",90,41,13,5,1,0,0,"0",2,2021,90,13,1,-1
"872",2020,"AUTOR","VLo",90,41,14,0,0,1,0,"0",1,2021,90,14,0,-1
"873",2020,"AUTOR","VLo",90,41,15,0,0,1,0,"0",1,2021,90,15,1,0
"874",2020,"AUTOR","VLo",90,41,16,0,0,1,0,"0",1,2021,90,16,1,0
"875",2020,"AUTOR","VLo",90,41,17,0,0,1,0,"0",1,2021,90,17,1,0
"876",2020,"AUTOR","VLo",90,41,18,2,0,0,0,"0",1,2021,90,18,1,0
"877",2020,"AUTOR","VLo",90,41,19,3,0,0,0,"0",1,2021,90,19,1,0
"878",2020,"AUTOR","Sh",91,2,1,0,1,0,0,"0",1,2021,91,1,0,-1
"879",2020,"AUTOR","Sh",91,2,2,2,3,0,0,"0",4,2021,91,2,1,-3
"880",2020,"AUTOR","Me",92,18,1,0,0,0,1,"0",1,2021,92,1,0,-1
"881",2020,"AUTOR","Me",92,18,2,0,0,0,1,"0",1,2021,92,2,0,-1
"882",2020,"AUTOR","Me",92,18,3,0,1,0,0,"0",1,2021,92,3,0,-1
"883",2020,"AUTOR","Me",92,18,4,0,0,1,0,"2",1,2021,92,4,0,-1
"884",2020,"AUTOR","Me",92,18,5,6,4,1,0,"0",6,2021,92,5,2,-4
"885",2020,"AUTOR","Me",92,18,6,2,1,3,0,"0",5,2021,92,6,2,-3
"886",2020,"AUTOR","Me",92,18,7,0,1,0,0,"0",1,2021,92,7,1,0
"887",2020,"AUTOR","Sh",93,4,1,0,0,0,1,"0",1,2021,93,1,0,-1
"888",2020,"AUTOR","Sh",93,4,2,0,0,0,1,"0",1,2021,93,2,0,-1
"889",2020,"AUTOR","Sh",93,4,3,0,0,0,1,"0",1,2021,93,3,0,-1
"890",2020,"AUTOR","Sh",93,4,4,2,1,0,0,"0",2,2021,93,4,1,-1
"891",2020,"AUTOR","Sh",93,4,5,0,1,2,0,"0",3,2021,93,5,2,-1
"892",2020,"AUTOR","Sh",94,3,1,0,0,1,0,"0",1,2021,94,1,0,-1
"893",2020,"AUTOR","Sh",94,3,2,0,0,0,1,"0",1,2021,94,2,0,-1
"894",2020,"AUTOR","Sh",94,3,3,0,1,0,0,"0",1,2021,94,3,1,0
"895",2020,"AUTOR","Sh",94,3,4,0,2,0,0,"0",2,2021,94,4,2,0
"896",2020,"AUTOR","VLo",95,43.5,1,0,0,1,0,"1",1,2021,95,1,0,-1
"897",2020,"AUTOR","VLo",95,43.5,2,0,0,0,1,"0",1,2021,95,2,0,-1
"898",2020,"AUTOR","VLo",95,43.5,3,0,0,0,1,"0",1,2021,95,3,0,-1
"899",2020,"AUTOR","VLo",95,43.5,4,0,0,0,1,"0",1,2021,95,4,0,-1
"900",2020,"AUTOR","VLo",95,43.5,5,0,0,1,0,"2",1,2021,95,5,1,0
"901",2020,"AUTOR","VLo",95,43.5,6,5,5,2,0,"0",8,2021,95,6,4,-4
"902",2020,"AUTOR","VLo",95,43.5,7,5,0,3,0,"4",4,2021,95,7,2,-2
"903",2020,"AUTOR","VLo",95,43.5,8,0,1,1,0,"3",2,2021,95,8,1,-1
"904",2020,"AUTOR","VLo",95,43.5,9,5,2,1,0,"3",4,2021,95,9,3,-1
"905",2020,"AUTOR","VLo",95,43.5,10,0,0,1,0,"3",1,2021,95,10,1,0
"906",2020,"AUTOR","VLo",95,43.5,11,0,0,1,0,"2",1,2021,95,11,1,0
"907",2020,"AUTOR","VLo",95,43.5,12,0,0,1,0,"3",1,2021,95,12,1,0
"908",2020,"AUTOR","VLo",95,43.5,13,0,0,1,0,"3",1,2021,95,13,1,0
"909",2020,"AUTOR","VLo",95,43.5,14,0,0,1,0,"2",1,2021,95,14,1,0
"910",2020,"AUTOR","VLo",95,43.5,15,4,2,1,0,"0",4,2021,95,15,4,0
"911",2020,"AUTOR","VLo",95,43.5,16,0,0,1,0,"0",1,2021,95,16,1,0
"912",2020,"AUTOR","Sh",96,2.5,1,0,0,1,0,"0",1,2021,NA,NA,NA,NA
"913",2020,"AUTOR","Sh",96,2.5,2,0,0,0,1,"0",1,2021,NA,NA,NA,NA
"914",2020,"AUTOR","Sh",96,2.5,3,3,0,1,0,"0",2,2021,NA,NA,NA,NA
"915",2020,"AUTOR","Lo",97,26,1,0,0,0,1,"0",1,2021,97,1,0,-1
"916",2020,"AUTOR","Lo",97,26,2,0,0,0,1,"0",1,2021,97,2,0,-1
"917",2020,"AUTOR","Lo",97,26,3,0,1,0,0,"0",1,2021,97,3,1,0
"918",2020,"AUTOR","Lo",97,26,4,1,0,0,0,"0",1,2021,97,4,1,0
"919",2020,"AUTOR","Lo",97,26,5,4,1,3,0,"4",5,2021,97,5,1,-4
"920",2020,"AUTOR","Lo",97,26,6,3,0,2,0,"2",3,2021,97,6,1,-2
"921",2020,"AUTOR","Lo",97,26,7,0,1,0,0,"0",1,2021,97,7,1,0
"922",2020,"AUTOR","Lo",97,26,8,5,1,0,0,"0",2,2021,97,8,1,-1
"923",2020,"AUTOR","Lo",97,26,9,0,0,1,0,"2",1,2021,97,9,1,0
"924",2020,"AUTOR","Me",98,16,1,0,0,0,1,"0",1,2021,NA,NA,NA,NA
"925",2020,"AUTOR","Me",98,16,2,0,0,0,1,"0",1,2021,NA,NA,NA,NA
"926",2020,"AUTOR","Me",98,16,3,0,0,0,1,"0",1,2021,NA,NA,NA,NA
"927",2020,"AUTOR","Me",98,16,4,0,1,0,0,"0",1,2021,NA,NA,NA,NA
"928",2020,"AUTOR","Me",98,16,5,1,0,1,0,"0",2,2021,NA,NA,NA,NA
"929",2020,"AUTOR","Me",98,16,6,4,1,3,0,"0",5,2021,NA,NA,NA,NA
"930",2020,"AUTOR","Me",98,16,7,2,0,3,0,"0",4,2021,NA,NA,NA,NA
"931",2020,"AUTOR","Sh",99,2.5,1,2,1,0,0,"0",2,2021,99,1,1,-1
"932",2020,"AUTOR","VLo",100,72,1,0,1,0,0,"0",1,2021,100,1,1,0
"933",2020,"AUTOR","VLo",100,72,2,0,1,0,0,"0",1,2021,100,2,1,0
"934",2020,"AUTOR","VLo",100,72,3,0,0,0,1,"0",1,2021,100,3,1,0
"935",2020,"AUTOR","VLo",100,72,4,0,1,0,0,"0",1,2021,100,4,1,0
"936",2020,"AUTOR","VLo",100,72,5,0,2,0,0,"0",2,2021,100,5,1,-1
"937",2020,"AUTOR","VLo",100,72,6,0,0,2,0,"1",2,2021,100,6,2,0
"938",2020,"AUTOR","VLo",100,72,7,0,1,1,0,"0",2,2021,100,7,1,-1
"939",2020,"AUTOR","VLo",100,72,8,2,2,0,0,"0",3,2021,100,8,1,-2
"940",2020,"AUTOR","VLo",100,72,9,2,2,2,0,"0",5,2021,100,9,1,-4
"941",2020,"AUTOR","VLo",100,72,10,0,1,0,0,"0",1,2021,100,10,1,0
"942",2020,"AUTOR","VLo",100,72,11,0,1,0,0,"0",1,2021,100,11,1,0
"943",2020,"AUTOR","VLo",100,72,12,0,1,0,0,"0",1,2021,100,12,1,0
"944",2020,"AUTOR","VLo",100,72,13,0,1,0,0,"0",1,2021,100,13,1,0
"945",2020,"AUTOR","VLo",100,72,14,0,1,0,0,"0",1,2021,100,14,1,0
"946",2020,"AUTOR","VLo",100,72,15,0,1,0,0,"0",1,2021,100,15,1,0
"947",2020,"AUTOR","VLo",100,72,16,0,1,0,0,"0",1,2021,100,16,1,0
"948",2020,"AUTOR","VLo",100,72,17,0,1,0,0,"0",1,2021,100,17,1,0
"949",2020,"AUTOR","VLo",100,72,18,0,0,1,0,"0",1,2021,100,18,1,0
"950",2020,"AUTOR","VLo",100,72,19,0,0,1,0,"0",1,2021,100,19,1,0
"951",2020,"AUTOR","VLo",100,72,20,0,0,1,0,"0",1,2021,100,20,1,0
"952",2020,"AUTOR","VLo",100,72,21,0,1,0,0,"0",1,2021,100,21,1,0
"953",2020,"AUTOR","VLo",100,72,22,0,1,0,0,"0",1,2021,100,22,1,0
"954",2020,"AUTOR","VLo",100,72,23,0,3,0,0,"0",3,2021,100,23,2,-1
"955",2020,"AUTOR","Lo",101,32,1,0,0,0,1,"0",1,2021,NA,NA,NA,NA
"956",2020,"AUTOR","Lo",101,32,2,4,1,0,0,"0",2,2021,NA,NA,NA,NA
"957",2020,"AUTOR","Lo",101,32,3,1,1,1,0,"0",3,2021,NA,NA,NA,NA
"958",2020,"AUTOR","Lo",101,32,4,2,0,2,0,"0",3,2021,NA,NA,NA,NA
"959",2020,"AUTOR","Lo",101,32,5,4,2,0,0,"0",3,2021,NA,NA,NA,NA
"960",2020,"AUTOR","Lo",101,32,6,0,0,1,0,"0",1,2021,NA,NA,NA,NA
"961",2020,"AUTOR","Lo",101,32,7,2,0,2,0,"0",3,2021,NA,NA,NA,NA
"962",2020,"AUTOR","Lo",101,32,8,5,1,1,0,"0",3,2021,NA,NA,NA,NA
"963",2020,"AUTOR","Lo",101,32,9,5,1,0,0,"0",2,2021,NA,NA,NA,NA
"964",2020,"AUTOR","Lo",101,32,10,0,1,0,0,"0",1,2021,NA,NA,NA,NA
"965",2020,"AUTOR","Lo",101,32,11,4,2,0,0,"0",3,2021,NA,NA,NA,NA
"966",2020,"AUTOR","Me",102,10,1,0,1,0,0,"0",1,2021,102,1,0,-1
"967",2020,"AUTOR","Me",102,10,2,0,1,0,0,"0",1,2021,102,2,0,-1
"968",2020,"AUTOR","Me",102,10,3,0,0,0,1,"0",1,2021,102,3,0,-1
"969",2020,"AUTOR","Me",102,10,4,2,1,1,0,"0",3,2021,102,4,1,-2
"970",2020,"AUTOR","Me",102,10,5,0,1,1,0,"0",2,2021,102,5,2,0
"971",2020,"AUTOR","Me",102,10,6,0,1,0,0,"0",1,2021,102,6,1,0
"972",2020,"AUTOR","Me",102,10,7,5,1,0,0,"0",2,2021,102,7,1,-1
"973",2020,"AUTOR","Sh",103,2.5,1,0,0,0,1,"0",1,2021,103,1,0,-1
"974",2020,"AUTOR","Sh",103,2.5,2,0,0,0,1,"0",1,2021,103,2,0,-1
"975",2020,"AUTOR","Sh",103,2.5,3,0,0,1,0,"0",1,2021,103,3,0,-1
"976",2020,"AUTOR","Sh",103,2.5,4,1,0,3,0,"3",4,2021,103,4,2,-2
"977",2020,"AUTOR","Lo",104,33,1,0,1,0,0,"0",1,2021,104,1,0,-1
"978",2020,"AUTOR","Lo",104,33,2,0,1,0,0,"0",1,2021,104,2,0,-1
"979",2020,"AUTOR","Lo",104,33,3,0,1,0,0,"0",1,2021,104,3,0,-1
"980",2020,"AUTOR","Lo",104,33,4,0,0,1,0,"3",1,2021,104,4,1,0
"981",2020,"AUTOR","Lo",104,33,5,0,1,3,0,"3",4,2021,104,5,2,-2
"982",2020,"AUTOR","Lo",104,33,6,0,1,0,0,"0",1,2021,104,6,1,0
"983",2020,"AUTOR","Lo",104,33,7,0,0,1,0,"3",1,2021,104,7,1,0
"984",2020,"AUTOR","Lo",104,33,8,0,0,1,0,"4",1,2021,104,8,2,1
"985",2020,"AUTOR","Lo",104,33,9,0,0,1,0,"4",1,2021,104,9,2,1
"986",2020,"AUTOR","Lo",104,33,10,0,0,1,0,"3",1,2021,104,10,1,0
"987",2020,"AUTOR","Lo",104,33,11,0,1,0,0,"0",1,2021,104,11,1,0
"988",2020,"AUTOR","Lo",104,33,12,0,0,1,0,"0",1,2021,104,12,1,0
"989",2020,"AUTOR","Sh",105,2.5,1,0,0,1,0,"0",1,2021,105,1,1,0
"990",2020,"AUTOR","Sh",105,2.5,2,0,1,0,0,"0",1,2021,105,2,1,0
"991",2020,"AUTOR","Sh",105,2.5,3,3,1,1,0,"0",3,2021,105,4,1,-2
"992",2020,"AUTOR","Sh",106,3.5,1,0,1,0,0,"0",1,2021,NA,NA,NA,NA
"993",2020,"AUTOR","Sh",106,3.5,2,0,1,0,0,"0",1,2021,NA,NA,NA,NA
"994",2020,"AUTOR","Sh",106,3.5,3,0,0,0,1,"0",1,2021,NA,NA,NA,NA
"995",2020,"AUTOR","Sh",106,3.5,4,4,1,1,0,"0",3,2021,NA,NA,NA,NA
"996",2020,"AUTOR","Lo",107,30,1,0,1,0,0,"0",1,2021,107,1,1,0
"997",2020,"AUTOR","Lo",107,30,2,0,0,1,0,"2",1,2021,107,2,1,0
"998",2020,"AUTOR","Lo",107,30,3,0,0,0,1,"0",1,2021,107,3,0,-1
"999",2020,"AUTOR","Lo",107,30,4,0,2,1,0,"0",3,2021,107,4,2,-1
"1000",2020,"AUTOR","Lo",107,30,5,2,1,2,0,"0",4,2021,107,5,2,-2
"1001",2020,"AUTOR","Lo",107,30,6,0,0,1,0,"4",1,2021,107,6,2,1
"1002",2020,"AUTOR","Lo",107,30,7,6,3,1,0,"4",5,2021,107,7,2,-3
"1003",2020,"AUTOR","Lo",107,30,8,0,0,1,0,"4",1,2021,107,8,2,1
"1004",2020,"AUTOR","Lo",107,30,9,0,0,1,0,"0",1,2021,107,9,2,1
"1005",2020,"AUTOR","Lo",107,30,10,0,0,1,0,"0",1,2021,107,10,2,1
"1006",2020,"AUTOR","Lo",107,30,11,0,1,0,0,"0",1,2021,107,11,1,0
"1007",2020,"AUTOR","Lo",107,30,12,0,0,1,0,"0",1,2021,107,12,1,0
"1008",2020,"AUTOR","Lo",107,30,13,0,0,1,0,"0",1,2021,107,13,1,0
"1009",2020,"AUTOR","Lo",108,25,1,0,1,0,0,"0",1,2021,NA,NA,NA,NA
"1010",2020,"AUTOR","Lo",108,25,2,0,0,1,0,"0",1,2021,NA,NA,NA,NA
"1011",2020,"AUTOR","Lo",108,25,3,2,3,0,0,"0",4,2021,NA,NA,NA,NA
"1012",2020,"AUTOR","Lo",108,25,4,0,2,1,0,"0",3,2021,NA,NA,NA,NA
"1013",2020,"AUTOR","Lo",108,25,5,0,1,0,0,"0",1,2021,NA,NA,NA,NA
"1014",2020,"AUTOR","Lo",108,25,6,0,0,1,0,"0",1,2021,NA,NA,NA,NA
"1015",2020,"AUTOR","Lo",108,25,7,0,0,1,0,"0",1,2021,NA,NA,NA,NA
"1016",2020,"AUTOR","Lo",108,25,8,0,0,1,0,"0",1,2021,NA,NA,NA,NA
"1017",2020,"AUTOR","Lo",108,25,9,0,1,0,0,"0",1,2021,NA,NA,NA,NA
"1018",2020,"AUTOR","Lo",108,25,10,4,2,0,0,"0",3,2021,NA,NA,NA,NA
"1019",2020,"AUTOR","Lo",108,25,11,0,0,1,0,"0",1,2021,NA,NA,NA,NA
"1020",2020,"AUTOR","Lo",108,25,12,0,0,1,0,"0",1,2021,NA,NA,NA,NA
"1021",2020,"AUTOR","Lo",108,25,13,0,1,1,0,"0",2,2021,NA,NA,NA,NA
"1022",2020,"AUTOR","Me",109,5.5,1,0,0,0,1,"0",1,2021,109,1,1,0
"1023",2020,"AUTOR","Me",109,5.5,2,0,1,0,0,"0",1,2021,109,2,2,1
"1024",2020,"AUTOR","Me",109,5.5,3,3,3,0,0,"0",4,2021,109,3,2,-2
"1025",2020,"AUTOR","Me",109,5.5,4,0,1,2,0,"0",3,2021,109,4,0,-3
"1026",2020,"AUTOR","Me",109,5.5,5,3,1,0,0,"0",2,2021,109,5,1,-1
"1027",2020,"AUTOR","Lo",110,33,1,0,0,0,1,"0",1,2021,110,1,0,-1
"1028",2020,"AUTOR","Lo",110,33,2,0,0,0,1,"0",1,2021,110,2,0,-1
"1029",2020,"AUTOR","Lo",110,33,3,0,0,0,1,"0",1,2021,110,3,0,-1
"1030",2020,"AUTOR","Lo",110,33,4,1,3,0,0,"0",4,2021,110,4,2,-2
"1031",2020,"AUTOR","Lo",110,33,5,1,1,2,0,"0",4,2021,110,5,2,-2
"1032",2020,"AUTOR","Lo",110,33,6,0,0,1,0,"0",1,2021,110,6,1,0
"1033",2020,"AUTOR","Lo",110,33,7,0,0,1,0,"0",1,2021,110,7,1,0
"1034",2020,"AUTOR","Lo",110,33,8,0,0,1,0,"3",1,2021,110,8,1,0
"1035",2020,"AUTOR","Lo",110,33,9,0,0,1,0,"3",1,2021,110,9,1,0
"1036",2020,"AUTOR","Lo",110,33,10,0,0,1,0,"4",1,2021,110,10,1,0
"1037",2020,"AUTOR","Lo",110,33,11,0,0,1,0,"0",1,2021,110,11,1,0
"1038",2020,"AUTOR","Lo",110,33,12,0,0,1,0,"3",1,2021,110,12,1,0
"1039",2020,"AUTOR","Lo",110,33,13,0,0,1,0,"0",1,2021,110,13,1,0
"1040",2020,"AUTOR","Lo",110,33,14,0,0,1,0,"0",1,2021,110,14,1,0
"1041",2020,"AUTOR","Lo",110,33,15,0,1,0,0,"0",1,2021,110,15,1,0
"1042",2020,"AUTOR","Lo",110,33,16,2,1,0,0,"0",1,2021,110,16,1,0
"1043",2020,"AUTOR","VLo",111,43,1,0,0,0,1,"0",1,2021,111,1,1,0
"1044",2020,"AUTOR","VLo",111,43,2,0,0,0,1,"0",1,2021,111,2,0,-1
"1045",2020,"AUTOR","VLo",111,43,3,0,0,0,1,"0",1,2021,111,3,0,-1
"1046",2020,"AUTOR","VLo",111,43,4,0,0,0,1,"0",1,2021,111,4,0,-1
"1047",2020,"AUTOR","VLo",111,43,5,0,1,0,0,"0",1,2021,111,5,0,-1
"1048",2020,"AUTOR","VLo",111,43,6,0,1,0,0,"0",1,2021,111,6,0,-1
"1049",2020,"AUTOR","VLo",111,43,7,4,2,0,0,"0",3,2021,111,7,0,-3
"1050",2020,"AUTOR","VLo",111,43,8,2,2,2,0,"0",5,2021,111,8,0,-5
"1051",2020,"AUTOR","VLo",111,43,9,0,1,0,0,"0",1,2021,111,9,2,1
"1052",2020,"AUTOR","VLo",111,43,10,0,1,0,0,"0",1,2021,111,10,2,1
"1053",2020,"AUTOR","VLo",111,43,11,0,0,1,0,"3",1,2021,111,11,1,0
"1054",2020,"AUTOR","VLo",111,43,12,0,0,1,0,"3",1,2021,111,12,1,0
"1055",2020,"AUTOR","VLo",111,43,13,0,0,1,0,"0",1,2021,111,13,1,0
"1056",2020,"AUTOR","VLo",111,43,14,0,0,1,0,"1",1,2021,111,14,1,0
"1057",2020,"AUTOR","VLo",111,43,15,0,0,1,0,"3",1,2021,111,15,1,0
"1058",2020,"AUTOR","VLo",111,43,16,0,0,1,0,"4",1,2021,111,16,1,0
"1059",2020,"AUTOR","VLo",111,43,17,0,1,0,0,"0",1,2021,111,17,1,0
"1060",2020,"AUTOR","VLo",111,43,18,0,1,0,0,"0",1,2021,111,18,1,0
"1061",2020,"AUTOR","VLo",111,43,19,0,1,0,0,"0",1,2021,111,19,1,0
"1062",2020,"AUTOR","VLo",111,43,20,4,0,0,0,"0",1,2021,111,20,2,1
"1063",2020,"AUTOR","Me",112,10.5,1,0,0,0,1,"0",1,2021,NA,NA,NA,NA
"1064",2020,"AUTOR","Me",112,10.5,2,0,0,0,1,"0",1,2021,NA,NA,NA,NA
"1065",2020,"AUTOR","Me",112,10.5,3,0,0,0,1,"0",1,2021,NA,NA,NA,NA
"1066",2020,"AUTOR","Me",112,10.5,4,0,0,0,1,"0",1,2021,NA,NA,NA,NA
"1067",2020,"AUTOR","Me",112,10.5,5,3,0,3,0,"0",4,2021,NA,NA,NA,NA
"1068",2020,"AUTOR","Me",112,10.5,6,1,2,1,0,"0",4,2021,NA,NA,NA,NA
"1069",2020,"AUTOR","Me",112,10.5,7,1,2,0,0,"0",3,2021,NA,NA,NA,NA
"1070",2020,"AUTOR","Sh",113,1.5,1,4,1,0,0,"0",2,2021,NA,NA,NA,NA
"1071",2020,"AUTOR","Sh",114,2,1,0,1,0,0,"0",1,2021,NA,NA,NA,NA
"1072",2020,"AUTOR","Sh",114,2,2,0,0,1,0,"0",1,2021,NA,NA,NA,NA
"1073",2020,"AUTOR","Sh",115,4.8,1,0,1,0,0,"0",1,2021,115,1,1,0
"1074",2020,"AUTOR","Sh",115,4.8,2,0,0,1,0,"0",1,2021,115,2,1,0
"1075",2020,"AUTOR","Sh",115,4.8,3,1,1,0,0,"0",2,2021,115,3,1,-1
"1076",2020,"AUTOR","Sh",115,4.8,4,2,1,1,0,"2",3,2021,115,4,1,-2
"1077",2020,"AUTOR","Lo",116,38.5,1,0,1,0,0,"0",1,2021,116,1,0,-1
"1078",2020,"AUTOR","Lo",116,38.5,2,0,0,1,0,"0",1,2021,116,2,1,0
"1079",2020,"AUTOR","Lo",116,38.5,3,0,0,1,0,"0",1,2021,116,3,1,0
"1080",2020,"AUTOR","Lo",116,38.5,4,0,0,0,1,"0",1,2021,116,4,0,-1
"1081",2020,"AUTOR","Lo",116,38.5,5,4,2,1,0,"3",4,2021,116,5,2,-2
"1082",2020,"AUTOR","Lo",116,38.5,6,0,0,1,0,"2",1,2021,116,6,1,0
"1083",2020,"AUTOR","Lo",116,38.5,7,0,0,1,0,"2",1,2021,116,7,1,0
"1084",2020,"AUTOR","Lo",116,38.5,8,0,0,1,0,"5",1,2021,116,8,1,0
"1085",2020,"AUTOR","Lo",116,38.5,9,0,0,1,0,"3",1,2021,116,9,1,0
"1086",2020,"AUTOR","Lo",116,38.5,10,0,0,1,0,"4",1,2021,116,10,1,0
"1087",2020,"AUTOR","Lo",116,38.5,11,0,0,1,0,"4",1,2021,116,11,1,0
"1088",2020,"AUTOR","Lo",116,38.5,12,0,0,1,0,"0",1,2021,116,12,1,0
"1089",2020,"AUTOR","Lo",116,38.5,13,1,1,0,0,"0",2,2021,116,13,1,-1
"1090",2020,"AUTOR","VLo",117,43.5,1,0,1,0,0,"0",1,2021,117,1,1,0
"1091",2020,"AUTOR","VLo",117,43.5,2,0,1,0,0,"0",1,2021,117,2,1,0
"1092",2020,"AUTOR","VLo",117,43.5,3,0,1,0,0,"0",1,2021,117,3,1,0
"1093",2020,"AUTOR","VLo",117,43.5,4,0,1,0,0,"0",1,2021,117,4,1,0
"1094",2020,"AUTOR","VLo",117,43.5,5,0,1,0,0,"0",1,2021,117,5,1,0
"1095",2020,"AUTOR","VLo",117,43.5,6,0,1,0,0,"0",1,2021,117,6,1,0
"1096",2020,"AUTOR","VLo",117,43.5,7,2,1,3,0,"3",5,2021,117,7,2,-3
"1097",2020,"AUTOR","VLo",117,43.5,8,4,1,3,0,"1",5,2021,117,8,2,-3
"1098",2020,"AUTOR","VLo",117,43.5,9,0,1,0,0,"0",1,2021,117,9,1,0
"1099",2020,"AUTOR","VLo",117,43.5,10,0,1,0,0,"0",1,2021,117,10,1,0
"1100",2020,"AUTOR","VLo",117,43.5,11,0,0,1,0,"3",1,2021,117,11,1,0
"1101",2020,"AUTOR","VLo",117,43.5,12,0,0,1,0,"0",1,2021,117,12,1,0
"1102",2020,"AUTOR","VLo",117,43.5,13,0,0,1,0,"3",1,2021,117,13,1,0
"1103",2020,"AUTOR","VLo",117,43.5,14,0,0,1,0,"3",1,2021,117,14,1,0
"1104",2020,"AUTOR","VLo",117,43.5,15,0,0,1,0,"4",1,2021,117,15,1,0
"1105",2020,"AUTOR","VLo",117,43.5,16,0,0,1,0,"0",1,2021,117,16,1,0
"1106",2020,"AUTOR","VLo",117,43.5,17,0,1,0,0,"0",1,2021,117,17,1,0
"1107",2020,"AUTOR","VLo",117,43.5,18,0,2,0,0,"0",2,2021,117,18,1,-1
"1108",2020,"AUTOR","Sh",118,2,1,0,1,0,0,"0",1,2021,118,1,0,-1
"1109",2020,"AUTOR","Sh",118,2,2,0,2,2,0,"0",4,2021,118,2,2,-2
"1110",2020,"AUTOR","Me",119,7,1,0,1,0,0,"0",1,2021,NA,NA,NA,NA
"1111",2020,"AUTOR","Me",119,7,2,0,1,0,0,"0",1,2021,NA,NA,NA,NA
"1112",2020,"AUTOR","Me",119,7,3,0,0,1,0,"0",1,2021,NA,NA,NA,NA
"1113",2020,"AUTOR","Me",119,7,4,0,0,1,0,"0",1,2021,NA,NA,NA,NA
"1114",2020,"AUTOR","Me",119,7,5,0,1,0,0,"0",1,2021,NA,NA,NA,NA
"1115",2020,"AUTOR","Me",119,7,6,2,0,0,0,"0",1,2021,NA,NA,NA,NA
"1116",2020,"AUTOR","VLo",120,40.5,1,0,1,0,0,"0",1,2021,NA,NA,NA,NA
"1117",2020,"AUTOR","VLo",120,40.5,2,0,1,0,0,"0",1,2021,NA,NA,NA,NA
"1118",2020,"AUTOR","VLo",120,40.5,3,0,1,0,0,"0",1,2021,NA,NA,NA,NA
"1119",2020,"AUTOR","VLo",120,40.5,4,0,0,1,0,"0",1,2021,NA,NA,NA,NA
"1120",2020,"AUTOR","VLo",120,40.5,5,1,1,2,0,"0",4,2021,NA,NA,NA,NA
"1121",2020,"AUTOR","VLo",120,40.5,6,1,0,3,0,"0",4,2021,NA,NA,NA,NA
"1122",2020,"AUTOR","VLo",120,40.5,7,0,0,1,0,"0",1,2021,NA,NA,NA,NA
"1123",2020,"AUTOR","VLo",120,40.5,8,0,0,1,0,"0",1,2021,NA,NA,NA,NA
"1124",2020,"AUTOR","VLo",120,40.5,9,5,2,0,0,"0",3,2021,NA,NA,NA,NA
"1125",2020,"AUTOR","VLo",120,40.5,10,0,0,1,0,"0",1,2021,NA,NA,NA,NA
"1126",2020,"AUTOR","VLo",120,40.5,11,0,0,1,0,"0",1,2021,NA,NA,NA,NA
"1127",2020,"AUTOR","VLo",120,40.5,12,0,0,1,0,"0",1,2021,NA,NA,NA,NA
"1128",2020,"AUTOR","VLo",120,40.5,13,0,0,1,0,"0",1,2021,NA,NA,NA,NA
"1129",2020,"AUTOR","VLo",120,40.5,14,0,0,1,0,"0",1,2021,NA,NA,NA,NA
"1130",2020,"AUTOR","VLo",120,40.5,15,0,0,1,0,"0",1,2021,NA,NA,NA,NA
"1131",2020,"AUTOR","VLo",120,40.5,16,0,2,1,0,"0",3,2021,NA,NA,NA,NA
