year,thesis,length,shoot1yo,length1yo,rank1yo,c,v,m,b,#oss,#newshoots
2020,AUTOR,VLo,1,42,1,0,1,0,0,1,0
2020,AUTOR,VLo,1,42,2,0,0,0,1,1,0
2020,AUTOR,VLo,1,42,3,0,1,0,0,1,1
2020,AUTOR,VLo,1,42,4,3,0,2,0,3,1
2020,AUTOR,VLo,1,42,5,5,1,0,0,2,1
2020,AUTOR,VLo,1,42,6,4,0,3,0,4,2
2020,AUTOR,VLo,1,42,7,4,1,1,0,3,2
2020,AUTOR,VLo,1,42,8,0,0,1,0,1,1
2020,AUTOR,VLo,1,42,9,0,0,1,0,1,1
2020,AUTOR,VLo,1,42,10,0,0,1,0,1,1
2020,AUTOR,VLo,1,42,11,0,0,1,0,1,1
2020,AUTOR,VLo,1,42,12,0,1,0,0,1,1
2020,AUTOR,VLo,1,42,13,0,2,1,0,3,2
2020,AUTOR,Lo,2,40,1,0,1,0,0,1,1
2020,AUTOR,Lo,2,40,2,0,0,1,0,1,1
2020,AUTOR,Lo,2,40,3,0,1,0,0,1,1
2020,AUTOR,Lo,2,40,4,0,3,0,0,3,1
2020,AUTOR,Lo,2,40,5,3,1,2,0,4,1
2020,AUTOR,Lo,2,40,6,0,1,0,0,1,2
2020,AUTOR,Lo,2,40,7,4,3,2,0,6,1
2020,AUTOR,Lo,2,40,8,0,0,1,0,1,1
2020,AUTOR,Lo,2,40,9,5,1,0,0,2,1
2020,AUTOR,Lo,2,40,10,0,0,1,0,1,1
2020,AUTOR,Lo,2,40,11,2,2,0,0,3,1
2020,AUTOR,Lo,2,40,12,0,0,1,0,1,1
2020,AUTOR,Lo,2,40,13,0,0,1,0,1,1
2020,AUTOR,Lo,2,40,14,0,0,1,0,1,1
2020,AUTOR,Me,3,9,1,0,1,0,0,1,0
2020,AUTOR,Me,3,9,2,0,1,0,0,1,0
2020,AUTOR,Me,3,9,3,0,1,0,0,1,0
2020,AUTOR,Me,3,9,4,0,0,1,0,1,1
2020,AUTOR,Me,3,9,5,0,0,1,0,1,1
2020,AUTOR,Me,3,9,6,0,2,1,0,3,2
2020,AUTOR,VLo,4,48,1,0,1,0,0,1,1
2020,AUTOR,VLo,4,48,2,0,1,0,0,1,1
2020,AUTOR,VLo,4,48,3,0,1,0,0,1,1
2020,AUTOR,VLo,4,48,4,0,1,0,0,1,1
2020,AUTOR,VLo,4,48,5,0,0,1,0,1,1
2020,AUTOR,VLo,4,48,6,0,0,1,0,1,1
2020,AUTOR,VLo,4,48,7,0,1,0,0,1,1
2020,AUTOR,VLo,4,48,8,0,1,0,0,1,1
2020,AUTOR,VLo,4,48,9,0,1,0,0,1,1
2020,AUTOR,VLo,4,48,10,0,1,0,0,1,1
2020,AUTOR,VLo,4,48,11,0,1,0,0,1,1
2020,AUTOR,VLo,4,48,12,0,1,0,0,1,1
2020,AUTOR,VLo,4,48,13,0,1,0,0,1,1
2020,AUTOR,VLo,4,48,14,0,1,0,0,1,1
2020,AUTOR,VLo,4,48,15,0,1,0,0,1,1
2020,AUTOR,VLo,4,48,16,0,1,0,0,1,1
2020,AUTOR,VLo,4,48,17,0,3,0,0,3,3
2020,AUTOR,VLo,5,41,1,0,1,0,0,1,0
2020,AUTOR,VLo,5,41,2,0,1,0,0,1,0
2020,AUTOR,VLo,5,41,3,0,2,0,0,2,2
2020,AUTOR,VLo,5,41,4,0,0,1,0,1,1
2020,AUTOR,VLo,5,41,5,4,2,1,0,4,2
2020,AUTOR,VLo,5,41,6,0,0,1,0,1,1
2020,AUTOR,VLo,5,41,7,4,3,2,0,6,2
2020,AUTOR,VLo,5,41,8,4,0,1,0,2,2
2020,AUTOR,VLo,5,41,9,0,1,1,0,2,1
2020,AUTOR,VLo,5,41,10,0,1,1,0,2,1
2020,AUTOR,VLo,5,41,11,0,0,1,0,1,1
2020,AUTOR,VLo,5,41,12,0,0,1,0,1,1
2020,AUTOR,VLo,5,41,13,4,3,0,0,4,2
2020,AUTOR,VLo,5,41,14,0,0,1,0,1,1
2020,AUTOR,VLo,5,41,15,0,2,0,0,2,2
2020,AUTOR,VLo,5,41,16,5,0,1,0,2,1
2020,AUTOR,Me,6,14,1,0,1,0,0,1,1
2020,AUTOR,Me,6,14,2,0,0,0,1,1,0
2020,AUTOR,Me,6,14,3,5,2,0,0,3,1
2020,AUTOR,Me,6,14,4,3,0,2,0,3,2
2020,AUTOR,Me,6,14,5,0,0,1,0,1,1
2020,AUTOR,Me,6,14,6,3,1,1,0,3,2
2020,AUTOR,VLo,7,43,1,0,0,1,0,1,1
2020,AUTOR,VLo,7,43,2,0,0,0,1,1,1
2020,AUTOR,VLo,7,43,3,0,2,0,0,2,1
2020,AUTOR,VLo,7,43,4,7,0,0,0,1,1
2020,AUTOR,VLo,7,43,5,4,0,3,0,4,2
2020,AUTOR,VLo,7,43,6,0,1,1,0,2,1
2020,AUTOR,VLo,7,43,7,5,2,0,0,3,1
2020,AUTOR,VLo,7,43,8,5,1,1,0,3,2
2020,AUTOR,VLo,7,43,9,0,0,1,0,1,0
2020,AUTOR,VLo,7,43,10,0,0,1,0,1,1
2020,AUTOR,VLo,7,43,11,0,0,1,0,1,1
2020,AUTOR,VLo,7,43,12,0,0,1,0,1,1
2020,AUTOR,VLo,7,43,13,0,1,0,0,1,1
2020,AUTOR,VLo,7,43,14,0,3,0,0,3,3
2020,AUTOR,Sh,8,3,1,0,1,0,0,1,
2020,AUTOR,Sh,8,3,2,0,0,1,0,1,
2020,AUTOR,Sh,8,3,3,2,3,0,0,4,
2020,AUTOR,Lo,9,30,1,0,1,0,0,1,0
2020,AUTOR,Lo,9,30,2,0,1,0,0,1,1
2020,AUTOR,Lo,9,30,3,0,0,1,0,1,1
2020,AUTOR,Lo,9,30,4,0,0,1,0,1,1
2020,AUTOR,Lo,9,30,5,4,2,1,0,4,1
2020,AUTOR,Lo,9,30,6,4,1,1,0,3,2
2020,AUTOR,Lo,9,30,7,0,1,0,0,1,1
2020,AUTOR,Lo,9,30,8,0,1,1,0,2,1
2020,AUTOR,Lo,9,30,9,0,0,1,0,1,1
2020,AUTOR,Lo,9,30,10,0,0,1,0,1,1
2020,AUTOR,Lo,9,30,11,0,0,1,0,1,1
2020,AUTOR,Lo,9,30,12,0,1,0,0,1,1
2020,AUTOR,Lo,9,30,13,0,1,0,0,1,1
2020,AUTOR,Lo,9,30,14,5,1,0,0,2,1
2020,AUTOR,VLo,10,57,1,0,0,1,0,1,1
2020,AUTOR,VLo,10,57,2,0,1,0,0,1,1
2020,AUTOR,VLo,10,57,3,0,0,1,0,1,1
2020,AUTOR,VLo,10,57,4,0,0,1,0,1,1
2020,AUTOR,VLo,10,57,5,0,4,5,0,9,3
2020,AUTOR,VLo,10,57,6,0,1,0,0,1,1
2020,AUTOR,VLo,10,57,7,0,0,1,0,1,1
2020,AUTOR,VLo,10,57,8,0,0,1,0,1,0
2020,AUTOR,VLo,10,57,9,0,0,1,0,1,1
2020,AUTOR,VLo,10,57,10,0,0,1,0,1,1
2020,AUTOR,VLo,10,57,11,0,0,1,0,1,1
2020,AUTOR,VLo,10,57,12,0,1,0,0,1,1
2020,AUTOR,VLo,10,57,13,0,0,1,0,1,1
2020,AUTOR,VLo,10,57,14,0,0,1,0,1,1
2020,AUTOR,Sh,11,2.31,1,0,1,0,0,1,1
2020,AUTOR,Sh,11,2.31,2,4,2,0,0,3,1
2020,AUTOR,VLo,12,48,1,0,1,0,0,1,1
2020,AUTOR,VLo,12,48,2,0,1,0,0,1,1
2020,AUTOR,VLo,12,48,3,0,1,1,0,2,1
2020,AUTOR,VLo,12,48,4,0,0,1,0,1,1
2020,AUTOR,VLo,12,48,5,3,4,1,0,6,2
2020,AUTOR,VLo,12,48,6,4,0,3,0,4,1
2020,AUTOR,VLo,12,48,7,0,0,1,0,1,1
2020,AUTOR,VLo,12,48,8,5,1,1,0,3,2
2020,AUTOR,VLo,12,48,9,0,0,1,0,1,1
2020,AUTOR,VLo,12,48,10,0,1,0,0,1,1
2020,AUTOR,VLo,12,48,11,0,0,1,0,1,1
2020,AUTOR,VLo,12,48,12,0,0,1,0,1,1
2020,AUTOR,VLo,12,48,13,0,0,1,0,1,1
2020,AUTOR,VLo,12,48,14,0,0,1,0,1,1
2020,AUTOR,VLo,12,48,15,0,2,1,0,3,1
2020,AUTOR,Lo,13,37.5,1,0,1,0,0,1,0
2020,AUTOR,Lo,13,37.5,2,4,1,3,0,5,1
2020,AUTOR,Lo,13,37.5,3,0,0,1,0,1,2
2020,AUTOR,Lo,13,37.5,4,0,0,1,0,1,1
2020,AUTOR,Lo,13,37.5,5,0,0,1,0,1,1
2020,AUTOR,Lo,13,37.5,6,0,1,0,0,1,1
2020,AUTOR,Lo,13,37.5,7,0,1,0,0,1,1
2020,AUTOR,Lo,13,37.5,8,0,1,0,0,1,1
2020,AUTOR,Lo,13,37.5,9,0,1,0,0,1,1
2020,AUTOR,Lo,13,37.5,10,0,0,1,0,1,1
2020,AUTOR,Lo,13,37.5,11,0,1,0,0,1,1
2020,AUTOR,Lo,13,37.5,12,0,1,0,0,1,1
2020,AUTOR,Lo,13,37.5,13,0,1,0,0,1,1
2020,AUTOR,Lo,13,37.5,14,0,1,0,0,1,1
2020,AUTOR,Lo,13,37.5,15,0,1,0,0,1,1
2020,AUTOR,VLo,14,45.4,1,0,1,0,0,1,0
2020,AUTOR,VLo,14,45.4,2,0,0,1,0,1,1
2020,AUTOR,VLo,14,45.4,3,0,1,0,0,1,0
2020,AUTOR,VLo,14,45.4,4,4,1,3,0,5,2
2020,AUTOR,VLo,14,45.4,5,0,0,1,0,1,1
2020,AUTOR,VLo,14,45.4,6,0,0,1,0,1,1
2020,AUTOR,VLo,14,45.4,7,0,0,1,0,1,1
2020,AUTOR,VLo,14,45.4,8,0,0,1,0,1,1
2020,AUTOR,VLo,14,45.4,9,0,0,1,0,1,1
2020,AUTOR,VLo,14,45.4,10,0,0,1,0,1,1
2020,AUTOR,VLo,14,45.4,11,0,0,1,0,1,1
2020,AUTOR,VLo,14,45.4,12,0,0,1,0,1,1
2020,AUTOR,VLo,14,45.4,13,0,0,1,0,1,1
2020,AUTOR,VLo,14,45.4,14,0,1,0,0,1,1
2020,AUTOR,VLo,14,45.4,15,0,1,0,0,1,1
2020,AUTOR,VLo,14,45.4,16,0,1,0,0,1,1
2020,AUTOR,VLo,14,45.4,17,0,2,0,0,2,1
2020,AUTOR,VLo,15,44,1,0,1,0,0,1,0
2020,AUTOR,VLo,15,44,2,0,1,0,0,1,1
2020,AUTOR,VLo,15,44,3,0,1,0,0,1,1
2020,AUTOR,VLo,15,44,4,0,1,1,0,2,2
2020,AUTOR,VLo,15,44,5,2,0,4,0,5,2
2020,AUTOR,VLo,15,44,6,2,1,2,0,4,2
2020,AUTOR,VLo,15,44,7,0,0,1,0,1,1
2020,AUTOR,VLo,15,44,8,5,2,1,0,4,2
2020,AUTOR,VLo,15,44,9,0,0,1,0,1,1
2020,AUTOR,VLo,15,44,10,0,0,1,0,1,1
2020,AUTOR,VLo,15,44,11,0,0,1,0,1,1
2020,AUTOR,VLo,15,44,12,0,0,1,0,1,1
2020,AUTOR,VLo,15,44,13,0,0,1,0,1,1
2020,AUTOR,VLo,15,44,14,0,1,0,0,1,1
2020,AUTOR,VLo,15,44,15,0,1,0,0,1,1
2020,AUTOR,VLo,15,44,16,0,2,0,0,2,1
2020,AUTOR,Lo,16,33,1,0,0,0,1,1,1
2020,AUTOR,Lo,16,33,2,0,0,0,1,1,1
2020,AUTOR,Lo,16,33,3,0,1,0,0,1,1
2020,AUTOR,Lo,16,33,4,0,1,0,0,1,1
2020,AUTOR,Lo,16,33,5,0,1,0,0,1,3
2020,AUTOR,Lo,16,33,6,0,0,1,0,1,2
2020,AUTOR,Lo,16,33,7,4,0,5,0,6,1
2020,AUTOR,Lo,16,33,8,3,2,0,0,3,2
2020,AUTOR,Lo,16,33,9,5,2,0,0,3,1
2020,AUTOR,Lo,16,33,10,1,2,0,0,3,1
2020,AUTOR,Lo,16,33,11,5,2,0,0,3,2
2020,AUTOR,Lo,16,33,12,0,0,1,0,1,1
2020,AUTOR,Lo,16,33,13,5,1,0,0,2,1
2020,AUTOR,Lo,16,33,14,5,1,0,0,2,1
2020,AUTOR,Lo,17,21,1,0,1,0,0,1,0
2020,AUTOR,Lo,17,21,2,0,1,0,0,1,1
2020,AUTOR,Lo,17,21,3,0,0,1,0,1,1
2020,AUTOR,Lo,17,21,4,0,0,2,0,2,1
2020,AUTOR,Lo,17,21,5,1,1,2,0,4,2
2020,AUTOR,Lo,17,21,6,0,0,1,0,1,1
2020,AUTOR,Lo,17,21,7,2,1,0,0,2,2
2020,AUTOR,Lo,17,21,8,0,0,1,0,1,1
2020,AUTOR,Me,18,8.5,1,0,0,1,0,1,1
2020,AUTOR,Me,18,8.5,2,0,0,1,0,1,1
2020,AUTOR,Me,18,8.5,3,0,1,0,0,1,1
2020,AUTOR,Me,18,8.5,4,4,3,0,0,4,1
2020,AUTOR,Me,18,8.5,5,3,0,3,0,4,1
2020,AUTOR,Lo,19,38,1,0,1,0,0,1,1
2020,AUTOR,Lo,19,38,2,0,0,0,1,1,0
2020,AUTOR,Lo,19,38,3,0,0,0,1,1,0
2020,AUTOR,Lo,19,38,4,0,0,1,0,1,1
2020,AUTOR,Lo,19,38,5,4,2,1,0,4,2
2020,AUTOR,Lo,19,38,6,0,0,4,0,4,2
2020,AUTOR,Lo,19,38,7,0,1,0,0,1,1
2020,AUTOR,Lo,19,38,8,4,3,0,0,4,1
2020,AUTOR,Lo,19,38,9,0,0,1,0,1,1
2020,AUTOR,Lo,19,38,10,3,1,1,0,3,2
2020,AUTOR,Lo,19,38,11,0,0,1,0,1,1
2020,AUTOR,Lo,19,38,12,0,0,1,0,1,1
2020,AUTOR,Lo,19,38,13,0,0,1,0,1,1
2020,AUTOR,Lo,19,38,14,0,0,1,0,1,1
2020,AUTOR,Lo,19,38,15,0,2,0,0,2,1
2020,AUTOR,Lo,20,38,1,0,1,0,0,1,1
2020,AUTOR,Lo,20,38,2,0,1,0,0,1,1
2020,AUTOR,Lo,20,38,3,0,1,0,0,1,1
2020,AUTOR,Lo,20,38,4,0,0,1,0,1,1
2020,AUTOR,Lo,20,38,5,0,0,1,0,1,1
2020,AUTOR,Lo,20,38,6,0,0,1,0,2,0
2020,AUTOR,Lo,20,38,7,0,0,1,0,1,1
2020,AUTOR,Lo,20,38,8,0,0,1,0,2,0
2020,AUTOR,Lo,20,38,9,0,0,1,0,1,1
2020,AUTOR,Lo,20,38,10,0,0,1,0,1,1
2020,AUTOR,Lo,20,38,11,0,0,1,0,1,1
2020,AUTOR,Lo,20,38,12,0,0,1,0,1,1
2020,AUTOR,Lo,20,38,13,0,0,1,0,1,1
2020,AUTOR,Lo,20,38,14,0,1,0,0,1,1
2020,AUTOR,Me,21,11.8,1,0,0,0,1,1,0
2020,AUTOR,Me,21,11.8,2,0,1,0,0,1,0
2020,AUTOR,Me,21,11.8,3,0,0,0,1,1,0
2020,AUTOR,Me,21,11.8,4,4,3,0,0,4,1
2020,AUTOR,Me,21,11.8,5,3,1,1,0,3,2
2020,AUTOR,Me,21,11.8,6,0,0,1,0,1,1
2020,AUTOR,Sh,22,2.5,1,0,1,0,0,1,0
2020,AUTOR,Sh,22,2.5,2,1,0,0,0,1,1
2020,AUTOR,Sh,22,2.5,3,1,0,0,0,1,1
2020,AUTOR,Lo,23,39,1,0,1,0,0,1,1
2020,AUTOR,Lo,23,39,2,0,0,1,0,1,1
2020,AUTOR,Lo,23,39,3,0,0,1,0,1,1
2020,AUTOR,Lo,23,39,4,0,1,1,0,2,1
2020,AUTOR,Lo,23,39,5,4,5,0,0,6,1
2020,AUTOR,Lo,23,39,6,0,0,1,0,1,1
2020,AUTOR,Lo,23,39,7,0,0,1,0,1,1
2020,AUTOR,Lo,23,39,8,0,0,1,0,1,1
2020,AUTOR,Lo,23,39,9,0,1,0,0,1,1
2020,AUTOR,Lo,23,39,10,0,0,1,0,1,1
2020,AUTOR,Lo,23,39,11,0,0,1,0,1,1
2020,AUTOR,Lo,23,39,12,0,1,0,0,1,1
2020,AUTOR,Lo,23,39,13,0,0,1,0,1,1
2020,AUTOR,Lo,23,39,14,0,1,0,0,1,1
2020,AUTOR,Sh,24,1.5,1,0,1,0,0,1,1
2020,AUTOR,Sh,24,1.5,2,0,1,0,0,1,1
2020,AUTOR,Sh,24,1.5,3,0,0,1,0,1,1
2020,AUTOR,VLo,25,41.5,1,0,0,1,0,1,1
2020,AUTOR,VLo,25,41.5,2,0,0,1,0,1,1
2020,AUTOR,VLo,25,41.5,3,3,0,3,0,4,1
2020,AUTOR,VLo,25,41.5,4,0,0,1,0,1,1
2020,AUTOR,VLo,25,41.5,5,0,0,1,0,1,1
2020,AUTOR,VLo,25,41.5,6,0,0,1,0,1,1
2020,AUTOR,VLo,25,41.5,7,0,0,1,0,1,1
2020,AUTOR,VLo,25,41.5,8,0,1,1,0,2,1
2020,AUTOR,VLo,25,41.5,9,0,0,1,0,1,1
2020,AUTOR,VLo,25,41.5,10,0,0,1,0,1,1
2020,AUTOR,VLo,25,41.5,11,0,1,0,0,1,1
2020,AUTOR,VLo,25,41.5,12,0,1,0,0,1,1
2020,AUTOR,VLo,25,41.5,13,0,1,0,0,1,1
2020,AUTOR,VLo,25,41.5,14,0,2,0,0,2,1
2020,AUTOR,Sh,26,4,1,0,1,0,0,1,0
2020,AUTOR,Sh,26,4,2,0,0,1,0,1,1
2020,AUTOR,Sh,26,4,3,0,2,1,0,3,1
2020,AUTOR,Sh,26,4,4,0,0,2,0,2,1
2020,AUTOR,Sh,26,4,5,2,1,1,0,3,1
2020,AUTOR,Lo,27,29.8,1,0,0,1,0,1,1
2020,AUTOR,Lo,27,29.8,2,1,2,0,0,3,2
2020,AUTOR,Lo,27,29.8,3,1,0,2,0,3,1
2020,AUTOR,Lo,27,29.8,4,0,1,3,0,4,1
2020,AUTOR,Lo,27,29.8,5,0,0,1,0,1,1
2020,AUTOR,Lo,27,29.8,6,4,1,1,0,3,2
2020,AUTOR,Lo,27,29.8,7,4,0,1,0,2,1
2020,AUTOR,Lo,27,29.8,8,5,1,0,0,2,1
2020,AUTOR,Lo,27,29.8,9,0,1,0,0,1,1
2020,AUTOR,Lo,27,29.8,10,0,1,0,0,1,1
2020,AUTOR,Sh,28,4.2,1,0,0,0,1,1,0
2020,AUTOR,Sh,28,4.2,2,0,1,0,0,1,1
2020,AUTOR,Sh,28,4.2,3,0,1,0,0,1,1
2020,AUTOR,Sh,28,4.2,4,0,1,0,0,1,1
2020,AUTOR,Lo,29,35,1,0,1,0,0,1,1
2020,AUTOR,Lo,29,35,2,1,0,1,0,2,0
2020,AUTOR,Lo,29,35,3,1,1,1,0,3,1
2020,AUTOR,Lo,29,35,4,0,0,1,0,1,1
2020,AUTOR,Lo,29,35,5,3,1,2,0,4,2
2020,AUTOR,Lo,29,35,6,7,0,1,0,2,1
2020,AUTOR,Lo,29,35,7,4,3,0,0,4,2
2020,AUTOR,Lo,29,35,8,4,1,1,0,3,2
2020,AUTOR,Lo,29,35,9,4,2,1,0,4,2
2020,AUTOR,Lo,29,35,10,4,1,0,0,2,1
2020,AUTOR,Lo,29,35,11,0,0,1,0,1,1
2020,AUTOR,Lo,29,35,12,1,3,0,0,4,1
2020,AUTOR,VLo,30,49.6,1,0,1,0,0,1,0
2020,AUTOR,VLo,30,49.6,2,0,0,0,1,1,0
2020,AUTOR,VLo,30,49.6,3,0,0,1,0,1,1
2020,AUTOR,VLo,30,49.6,4,7,0,0,0,1,1
2020,AUTOR,VLo,30,49.6,5,4,2,3,0,6,2
2020,AUTOR,VLo,30,49.6,6,0,1,0,0,1,1
2020,AUTOR,VLo,30,49.6,7,0,0,1,0,1,1
2020,AUTOR,VLo,30,49.6,8,0,0,1,0,1,1
2020,AUTOR,VLo,30,49.6,9,0,0,1,0,1,1
2020,AUTOR,VLo,30,49.6,10,0,0,1,0,1,1
2020,AUTOR,VLo,30,49.6,11,0,0,1,0,1,1
2020,AUTOR,VLo,30,49.6,12,0,0,1,0,1,1
2020,AUTOR,VLo,30,49.6,13,0,0,1,0,1,1
2020,AUTOR,VLo,30,49.6,14,0,1,0,0,1,1
2020,AUTOR,VLo,30,49.6,15,0,1,0,0,1,1
2020,AUTOR,VLo,30,49.6,16,0,1,0,0,1,1
2020,AUTOR,VLo,30,49.6,17,0,2,0,0,2,1
2020,AUTOR,Sh,31,3,1,0,0,0,1,1,0
2020,AUTOR,Sh,31,3,2,2,1,0,0,2,1
2020,AUTOR,Sh,31,3,3,2,2,0,0,3,0
2020,AUTOR,Me,32,15.6,1,0,1,0,0,1,0
2020,AUTOR,Me,32,15.6,2,3,1,0,0,2,2
2020,AUTOR,Me,32,15.6,3,3,2,2,0,5,1
2020,AUTOR,Me,32,15.6,4,0,0,1,0,1,1
2020,AUTOR,Me,32,15.6,5,0,0,1,0,1,1
2020,AUTOR,Me,32,15.6,6,0,0,1,0,1,1
2020,AUTOR,Me,32,15.6,7,4,0,1,0,2,1
2020,AUTOR,Sh,33,4,1,0,0,1,0,1,1
2020,AUTOR,Sh,33,4,2,0,1,0,0,1,1
2020,AUTOR,Sh,33,4,3,0,0,1,0,1,1
2020,AUTOR,Me,34,12.2,1,0,0,1,0,1,1
2020,AUTOR,Me,34,12.2,2,0,1,0,0,1,1
2020,AUTOR,Me,34,12.2,3,0,0,1,0,1,1
2020,AUTOR,Me,34,12.2,4,0,0,1,0,1,1
2020,AUTOR,Me,34,12.2,5,3,0,4,0,5,2
2020,AUTOR,Me,34,12.2,6,3,1,3,0,5,2
2020,AUTOR,Sh,35,2,1,0,1,0,0,1,0
2020,AUTOR,Sh,35,2,2,0,0,1,0,1,1
2020,AUTOR,Lo,36,27.6,1,0,0,1,0,1,1
2020,AUTOR,Lo,36,27.6,2,2,0,4,0,5,2
2020,AUTOR,Lo,36,27.6,3,4,3,0,0,4,2
2020,AUTOR,Lo,36,27.6,4,0,0,1,0,1,1
2020,AUTOR,Lo,36,27.6,5,0,0,1,0,1,1
2020,AUTOR,Lo,36,27.6,6,0,0,1,0,1,1
2020,AUTOR,Lo,36,27.6,7,0,0,1,0,1,1
2020,AUTOR,Lo,36,27.6,8,0,0,1,0,1,1
2020,AUTOR,Lo,36,27.6,9,0,0,1,0,1,1
2020,AUTOR,Me,37,18.2,1,0,0,1,0,1,1
2020,AUTOR,Me,37,18.2,2,0,2,0,0,2,1
2020,AUTOR,Me,37,18.2,3,0,0,1,0,1,1
2020,AUTOR,Me,37,18.2,4,0,0,1,0,1,1
2020,AUTOR,Me,37,18.2,5,0,0,1,0,1,1
2020,AUTOR,Me,37,18.2,6,0,0,1,0,1,1
2020,AUTOR,Me,37,18.2,7,0,1,0,0,1,1
2020,AUTOR,Lo,38,36.5,1,0,1,0,0,1,1
2020,AUTOR,Lo,38,36.5,2,0,0,1,0,1,1
2020,AUTOR,Lo,38,36.5,3,0,0,1,0,1,1
2020,AUTOR,Lo,38,36.5,4,2,0,6,0,7,2
2020,AUTOR,Lo,38,36.5,5,0,1,0,0,1,1
2020,AUTOR,Lo,38,36.5,6,0,0,1,0,1,1
2020,AUTOR,Lo,38,36.5,7,0,0,1,0,1,1
2020,AUTOR,Lo,38,36.5,8,0,0,1,0,1,1
2020,AUTOR,Lo,38,36.5,9,0,1,0,0,1,1
2020,AUTOR,Lo,38,36.5,10,0,2,0,0,2,1
2020,AUTOR,Sh,39,1,1,0,0,1,0,1,1
2020,AUTOR,Me,40,18,1,0,1,0,0,1,0
2020,AUTOR,Me,40,18,2,0,0,0,1,1,0
2020,AUTOR,Me,40,18,3,0,0,0,1,1,0
2020,AUTOR,Me,40,18,4,0,1,0,0,1,0
2020,AUTOR,Me,40,18,5,2,1,0,0,2,2
2020,AUTOR,Me,40,18,6,3,2,1,0,4,2
2020,AUTOR,Me,40,18,7,0,1,1,0,2,1
2020,AUTOR,Me,40,18,8,0,0,1,0,1,1
2020,AUTOR,Me,40,18,9,0,0,1,0,1,1
2020,AUTOR,Me,41,5.5,1,1,0,0,0,1,0
2020,AUTOR,Me,41,5.5,2,0,0,1,0,1,1
2020,AUTOR,Me,41,5.5,3,3,2,0,0,3,1
2020,AUTOR,Me,41,5.5,4,4,1,1,0,3,1
2020,AUTOR,Me,41,5.5,5,0,0,1,0,1,1
2020,AUTOR,Me,41,5.5,6,0,0,1,0,1,1
2020,AUTOR,Me,42,7,1,0,1,0,0,1,0
2020,AUTOR,Me,42,7,2,0,0,0,1,1,0
2020,AUTOR,Me,42,7,3,0,0,1,0,1,1
2020,AUTOR,Me,42,7,4,4,3,0,0,4,1
2020,AUTOR,Me,42,7,5,4,0,6,0,7,1
2020,AUTOR,Me,43,18.2,1,3,1,2,0,4,
2020,AUTOR,Me,43,18.2,2,0,0,1,0,1,
2020,AUTOR,Me,43,18.2,3,0,0,1,0,1,
2020,AUTOR,Me,43,18.2,4,0,0,1,0,1,
2020,AUTOR,Me,43,18.2,5,0,0,1,0,1,
2020,AUTOR,Me,43,18.2,6,0,0,1,0,1,
2020,AUTOR,Me,43,18.2,7,0,0,1,0,1,
2020,AUTOR,VLo,44,42.6,1,0,1,0,0,1,1
2020,AUTOR,VLo,44,42.6,2,0,1,0,0,1,0
2020,AUTOR,VLo,44,42.6,3,0,0,1,0,1,1
2020,AUTOR,VLo,44,42.6,4,4,2,0,0,3,1
2020,AUTOR,VLo,44,42.6,5,0,0,1,0,1,1
2020,AUTOR,VLo,44,42.6,6,0,1,0,0,1,1
2020,AUTOR,VLo,44,42.6,7,0,0,1,0,1,1
2020,AUTOR,VLo,44,42.6,8,0,0,1,0,1,1
2020,AUTOR,VLo,44,42.6,9,0,0,1,0,1,1
2020,AUTOR,VLo,44,42.6,10,0,0,1,0,1,1
2020,AUTOR,VLo,44,42.6,11,0,0,1,0,1,1
2020,AUTOR,VLo,44,42.6,12,0,0,1,0,1,1
2020,AUTOR,VLo,44,42.6,13,0,0,1,0,1,1
2020,AUTOR,VLo,44,42.6,14,5,3,3,0,7,1
2020,AUTOR,Lo,45,34,1,0,1,0,0,1,0
2020,AUTOR,Lo,45,34,2,0,0,1,0,1,0
2020,AUTOR,Lo,45,34,3,0,0,1,0,1,1
2020,AUTOR,Lo,45,34,4,1,1,0,0,2,1
2020,AUTOR,Lo,45,34,5,0,1,0,0,1,1
2020,AUTOR,Lo,45,34,6,0,0,1,0,1,1
2020,AUTOR,Lo,45,34,7,0,0,1,0,1,1
2020,AUTOR,Lo,45,34,8,0,0,1,0,1,1
2020,AUTOR,Lo,45,34,9,0,0,1,0,1,1
2020,AUTOR,Lo,45,34,10,0,0,1,0,1,1
2020,AUTOR,Lo,45,34,11,0,0,1,0,1,1
2020,AUTOR,Lo,45,34,12,0,0,1,0,1,1
2020,AUTOR,Lo,45,34,13,0,0,2,0,2,1
2020,AUTOR,VLo,46,43,1,0,0,1,0,1,0
2020,AUTOR,VLo,46,43,2,0,0,1,0,1,1
2020,AUTOR,VLo,46,43,3,0,0,0,1,1,1
2020,AUTOR,VLo,46,43,4,0,0,1,0,1,1
2020,AUTOR,VLo,46,43,5,0,0,1,0,1,1
2020,AUTOR,VLo,46,43,6,3,0,2,0,3,1
2020,AUTOR,VLo,46,43,7,0,1,0,0,1,1
2020,AUTOR,VLo,46,43,8,0,0,1,0,1,2
2020,AUTOR,VLo,46,43,9,0,0,1,0,1,1
2020,AUTOR,VLo,46,43,10,0,0,1,0,1,2
2020,AUTOR,VLo,46,43,11,4,2,1,0,4,3
2020,AUTOR,VLo,46,43,12,0,1,0,0,1,1
2020,AUTOR,VLo,46,43,13,0,0,1,0,1,1
2020,AUTOR,VLo,46,43,14,0,1,0,0,1,1
2020,AUTOR,VLo,46,43,15,2,1,0,0,2,1
2020,AUTOR,VLo,46,43,16,0,0,1,0,1,1
2020,AUTOR,VLo,46,43,17,0,0,1,0,1,1
2020,AUTOR,VLo,46,43,18,8,1,0,0,2,1
2020,AUTOR,VLo,47,52,1,0,1,0,0,1,2
2020,AUTOR,VLo,47,52,2,0,0,0,1,1,2
2020,AUTOR,VLo,47,52,3,0,0,0,1,1,1
2020,AUTOR,VLo,47,52,4,0,0,0,1,1,1
2020,AUTOR,VLo,47,52,5,0,0,1,0,1,2
2020,AUTOR,VLo,47,52,6,0,0,2,0,2,2
2020,AUTOR,VLo,47,52,7,1,3,0,0,4,1
2020,AUTOR,VLo,47,52,8,0,0,1,0,1,1
2020,AUTOR,VLo,47,52,9,0,0,1,0,1,1
2020,AUTOR,VLo,47,52,10,5,3,0,0,4,2
2020,AUTOR,VLo,47,52,11,0,0,1,0,1,1
2020,AUTOR,VLo,47,52,12,4,2,1,0,4,3
2020,AUTOR,VLo,47,52,13,0,1,0,0,1,1
2020,AUTOR,VLo,47,52,14,0,0,2,0,2,1
2020,AUTOR,VLo,47,52,15,0,0,1,0,1,1
2020,AUTOR,VLo,47,52,16,4,1,1,0,3,1
2020,AUTOR,VLo,47,52,17,0,0,1,0,1,1
2020,AUTOR,VLo,47,52,18,0,0,1,0,1,1
2020,AUTOR,VLo,47,52,19,5,1,4,0,6,1
2020,AUTOR,Sh,48,4.5,1,0,0,0,1,1,0
2020,AUTOR,Sh,48,4.5,2,0,0,0,1,1,0
2020,AUTOR,Sh,48,4.5,3,0,0,0,1,1,0
2020,AUTOR,Sh,48,4.5,4,0,0,0,1,1,0
2020,AUTOR,Sh,48,4.5,5,3,1,3,0,5,2
2020,AUTOR,Lo,49,25,1,0,1,0,0,1,0
2020,AUTOR,Lo,49,25,2,0,0,0,1,1,0
2020,AUTOR,Lo,49,25,3,0,0,0,1,1,0
2020,AUTOR,Lo,49,25,4,0,0,0,1,1,0
2020,AUTOR,Lo,49,25,5,2,2,0,0,3,2
2020,AUTOR,Lo,49,25,6,0,0,1,0,1,1
2020,AUTOR,Lo,49,25,7,1,1,2,0,4,2
2020,AUTOR,Lo,49,25,8,0,0,1,0,1,1
2020,AUTOR,Lo,49,25,9,0,0,1,0,1,1
2020,AUTOR,Lo,49,25,10,0,0,1,0,1,1
2020,AUTOR,Lo,49,25,11,4,1,0,0,2,1
2020,AUTOR,Me,50,19,1,0,0,0,1,1,0
2020,AUTOR,Me,50,19,2,0,0,0,1,1,0
2020,AUTOR,Me,50,19,3,0,0,0,1,1,0
2020,AUTOR,Me,50,19,4,0,1,0,0,1,1
2020,AUTOR,Me,50,19,5,3,0,2,0,3,1
2020,AUTOR,Me,50,19,6,0,0,1,0,1,1
2020,AUTOR,Me,50,19,7,4,1,1,0,3,2
2020,AUTOR,Sh,51,4.5,1,0,0,0,1,1,0
2020,AUTOR,Sh,51,4.5,2,0,0,0,1,1,0
2020,AUTOR,Sh,51,4.5,3,2,1,0,0,2,1
2020,AUTOR,Sh,52,2,1,0,1,0,0,1,1
2020,AUTOR,Sh,52,2,2,0,0,1,0,1,1
2020,AUTOR,VLo,53,54,1,0,0,0,1,1,0
2020,AUTOR,VLo,53,54,2,0,0,0,1,1,1
2020,AUTOR,VLo,53,54,3,0,0,0,1,1,0
2020,AUTOR,VLo,53,54,4,0,0,0,1,1,0
2020,AUTOR,VLo,53,54,5,0,0,1,0,1,1
2020,AUTOR,VLo,53,54,6,6,0,1,0,2,2
2020,AUTOR,VLo,53,54,7,0,0,1,0,1,1
2020,AUTOR,VLo,53,54,8,0,0,1,0,1,1
2020,AUTOR,VLo,53,54,9,0,0,1,0,1,1
2020,AUTOR,VLo,53,54,10,0,0,1,0,1,1
2020,AUTOR,VLo,53,54,11,0,0,1,0,1,1
2020,AUTOR,VLo,53,54,12,0,0,1,0,1,1
2020,AUTOR,VLo,53,54,13,0,0,1,0,1,1
2020,AUTOR,VLo,53,54,14,0,0,1,0,1,1
2020,AUTOR,VLo,53,54,15,0,0,1,0,1,1
2020,AUTOR,Me,54,8.5,1,0,1,0,0,1,1
2020,AUTOR,Me,54,8.5,2,0,0,0,1,1,1
2020,AUTOR,Me,54,8.5,3,0,0,1,0,1,1
2020,AUTOR,Me,54,8.5,4,0,0,0,1,1,0
2020,AUTOR,Me,54,8.5,5,3,2,2,0,5,2
2020,AUTOR,Me,54,8.5,6,3,0,3,0,4,1
2020,AUTOR,Me,54,8.5,7,0,1,0,0,1,1
2020,AUTOR,Me,55,6,1,0,1,0,0,1,0
2020,AUTOR,Me,55,6,2,0,1,0,0,1,1
2020,AUTOR,Me,55,6,3,0,1,0,0,1,1
2020,AUTOR,Me,55,6,4,0,0,1,0,1,1
2020,AUTOR,Me,55,6,5,0,0,1,0,1,2
2020,AUTOR,Me,56,10.2,1,0,0,0,1,1,0
2020,AUTOR,Me,56,10.2,2,0,1,0,0,1,1
2020,AUTOR,Me,56,10.2,3,0,0,0,1,1,0
2020,AUTOR,Me,56,10.2,4,0,1,1,0,2,1
2020,AUTOR,Me,56,10.2,5,3,2,1,0,4,2
2020,AUTOR,Me,56,10.2,6,3,0,2,0,3,1
2020,AUTOR,Me,56,10.2,7,0,0,2,0,2,1
2020,AUTOR,Me,56,10.2,8,0,1,0,0,1,1
2020,AUTOR,Me,57,12,1,0,0,0,1,1,0
2020,AUTOR,Me,57,12,2,0,0,0,1,1,0
2020,AUTOR,Me,57,12,3,0,0,0,1,1,0
2020,AUTOR,Me,57,12,4,0,0,1,0,1,1
2020,AUTOR,Me,57,12,5,3,2,3,0,6,2
2020,AUTOR,Me,57,12,6,1,0,2,0,3,2
2020,AUTOR,Sh,58,2,1,0,0,0,1,1,1
2020,AUTOR,Sh,58,2,2,2,0,1,0,2,1
2020,AUTOR,Sh,58,2,3,0,1,0,0,1,1
2020,AUTOR,VLo,59,54,1,0,0,0,1,1,0
2020,AUTOR,VLo,59,54,2,0,0,0,1,1,0
2020,AUTOR,VLo,59,54,3,0,0,0,1,1,0
2020,AUTOR,VLo,59,54,4,0,0,0,1,1,0
2020,AUTOR,VLo,59,54,5,0,0,0,1,1,0
2020,AUTOR,VLo,59,54,6,3,0,2,0,3,2
2020,AUTOR,VLo,59,54,7,0,0,2,0,2,1
2020,AUTOR,VLo,59,54,8,0,1,0,0,1,1
2020,AUTOR,VLo,59,54,9,0,0,1,0,1,1
2020,AUTOR,VLo,59,54,10,0,0,1,0,1,1
2020,AUTOR,VLo,59,54,11,0,0,1,0,1,1
2020,AUTOR,VLo,59,54,12,0,1,1,0,2,1
2020,AUTOR,VLo,59,54,13,0,0,1,0,1,1
2020,AUTOR,VLo,59,54,14,0,1,1,0,2,1
2020,AUTOR,VLo,59,54,15,0,2,0,0,2,2
2020,AUTOR,VLo,59,54,16,0,1,0,0,1,1
2020,AUTOR,VLo,59,54,17,0,0,1,0,1,1
2020,AUTOR,VLo,59,54,18,0,1,0,0,1,1
2020,AUTOR,VLo,59,54,19,0,1,0,0,1,1
2020,AUTOR,VLo,59,54,20,4,2,0,0,3,2
2020,AUTOR,VLo,59,54,21,0,1,0,0,1,1
2020,AUTOR,VLo,59,54,22,0,1,0,0,1,1
2020,AUTOR,Sh,60,3,1,0,0,0,1,1,0
2020,AUTOR,Sh,60,3,2,0,1,0,0,1,1
2020,AUTOR,Sh,60,3,3,4,2,0,0,3,1
2020,AUTOR,VLo,61,46,1,0,1,0,0,1,0
2020,AUTOR,VLo,61,46,2,0,1,0,0,1,1
2020,AUTOR,VLo,61,46,3,0,1,0,0,1,1
2020,AUTOR,VLo,61,46,4,0,1,0,0,1,1
2020,AUTOR,VLo,61,46,5,0,1,0,0,1,1
2020,AUTOR,VLo,61,46,6,0,1,0,0,1,1
2020,AUTOR,VLo,61,46,7,0,1,0,0,1,1
2020,AUTOR,VLo,61,46,8,0,1,0,0,1,1
2020,AUTOR,VLo,61,46,9,0,1,1,0,2,1
2020,AUTOR,VLo,61,46,10,0,1,0,0,1,1
2020,AUTOR,VLo,61,46,11,0,1,1,0,2,1
2020,AUTOR,VLo,61,46,12,0,0,1,0,1,1
2020,AUTOR,VLo,61,46,13,0,1,1,0,2,1
2020,AUTOR,VLo,61,46,14,0,0,1,0,1,1
2020,AUTOR,VLo,61,46,15,0,1,1,0,2,1
2020,AUTOR,VLo,61,46,16,0,0,1,0,1,1
2020,AUTOR,VLo,61,46,17,0,1,0,0,1,1
2020,AUTOR,VLo,61,46,18,0,0,1,0,1,1
2020,AUTOR,VLo,61,46,19,0,1,0,0,1,1
2020,AUTOR,VLo,61,46,20,0,2,0,0,2,1
2020,AUTOR,Me,62,9,1,0,0,1,0,1,0
2020,AUTOR,Me,62,9,2,0,1,0,0,1,0
2020,AUTOR,Me,62,9,3,0,0,0,1,1,1
2020,AUTOR,Me,62,9,4,0,0,1,0,1,0
2020,AUTOR,Me,62,9,5,2,1,0,0,2,1
2020,AUTOR,Me,62,9,6,0,0,1,0,1,1
2020,AUTOR,Me,62,9,7,0,0,1,0,1,1
2020,AUTOR,Me,62,9,8,0,1,0,0,1,0
2020,AUTOR,Sh,63,4.8,1,1,0,0,0,1,1
2020,AUTOR,Sh,63,4.8,2,0,1,0,0,1,1
2020,AUTOR,Sh,63,4.8,3,4,0,3,0,4,2
2020,AUTOR,Lo,64,28,1,0,1,0,0,1,0
2020,AUTOR,Lo,64,28,2,0,0,0,1,1,1
2020,AUTOR,Lo,64,28,3,0,0,0,1,1,0
2020,AUTOR,Lo,64,28,4,0,1,0,0,1,0
2020,AUTOR,Lo,64,28,5,2,3,0,0,4,1
2020,AUTOR,Lo,64,28,6,2,0,3,0,4,2
2020,AUTOR,Lo,64,28,7,3,3,0,0,4,2
2020,AUTOR,Lo,64,28,8,3,1,0,0,2,1
2020,AUTOR,Lo,64,28,9,0,0,1,0,1,1
2020,AUTOR,Lo,64,28,10,0,0,0,1,1,0
2020,AUTOR,Lo,64,28,11,0,0,1,0,1,1
2020,AUTOR,Lo,64,28,12,0,0,1,0,1,1
2020,AUTOR,Lo,64,28,13,0,0,1,0,1,1
2020,AUTOR,Lo,64,28,14,0,1,0,0,1,1
2020,AUTOR,Lo,64,28,15,0,1,0,0,1,1
2020,AUTOR,Lo,64,28,16,4,0,0,0,1,1
2020,AUTOR,Me,65,10,1,0,0,1,0,1,0
2020,AUTOR,Me,65,10,2,0,0,0,1,1,0
2020,AUTOR,Me,65,10,3,0,0,0,1,1,0
2020,AUTOR,Me,65,10,4,0,0,0,1,1,0
2020,AUTOR,Me,65,10,5,4,0,3,0,4,2
2020,AUTOR,Me,65,10,6,4,0,5,0,6,1
2020,AUTOR,VLo,66,58,1,0,1,0,0,1,0
2020,AUTOR,VLo,66,58,2,0,1,0,0,1,0
2020,AUTOR,VLo,66,58,3,0,0,0,1,1,0
2020,AUTOR,VLo,66,58,4,0,0,0,1,1,0
2020,AUTOR,VLo,66,58,5,0,0,0,1,1,0
2020,AUTOR,VLo,66,58,6,0,0,0,1,1,1
2020,AUTOR,VLo,66,58,7,1,2,2,0,5,1
2020,AUTOR,VLo,66,58,8,0,0,1,0,1,1
2020,AUTOR,VLo,66,58,9,0,0,1,0,1,1
2020,AUTOR,VLo,66,58,10,0,0,0,1,1,1
2020,AUTOR,VLo,66,58,11,0,0,1,0,1,2
2020,AUTOR,VLo,66,58,12,0,0,1,0,1,1
2020,AUTOR,VLo,66,58,13,0,0,1,0,1,1
2020,AUTOR,VLo,66,58,14,0,0,1,0,1,1
2020,AUTOR,VLo,66,58,15,0,0,1,0,1,1
2020,AUTOR,VLo,66,58,16,0,0,1,0,1,1
2020,AUTOR,VLo,66,58,17,0,0,1,0,1,1
2020,AUTOR,VLo,66,58,18,0,0,1,0,1,1
2020,AUTOR,VLo,66,58,19,0,2,0,0,2,1
2020,AUTOR,Lo,67,26.5,1,0,1,0,0,1,0
2020,AUTOR,Lo,67,26.5,2,0,0,0,1,1,0
2020,AUTOR,Lo,67,26.5,3,0,0,0,1,1,0
2020,AUTOR,Lo,67,26.5,4,2,3,0,0,4,2
2020,AUTOR,Lo,67,26.5,5,4,1,2,0,4,2
2020,AUTOR,Lo,67,26.5,6,0,0,1,0,1,1
2020,AUTOR,Lo,67,26.5,7,0,0,1,0,1,1
2020,AUTOR,Lo,67,26.5,8,0,0,1,0,1,1
2020,AUTOR,Lo,67,26.5,9,0,0,1,0,1,1
2020,AUTOR,Lo,67,26.5,10,0,0,1,0,1,1
2020,AUTOR,Lo,67,26.5,11,4,2,0,0,3,1
2020,AUTOR,Lo,67,26.5,12,0,0,1,0,1,1
2020,AUTOR,Lo,68,26.5,1,0,0,0,1,1,0
2020,AUTOR,Lo,68,26.5,2,0,0,0,1,1,0
2020,AUTOR,Lo,68,26.5,3,0,0,0,1,1,0
2020,AUTOR,Lo,68,26.5,4,0,1,0,0,1,1
2020,AUTOR,Lo,68,26.5,5,3,2,1,0,4,2
2020,AUTOR,Lo,68,26.5,6,4,0,3,0,4,1
2020,AUTOR,Lo,68,26.5,7,0,1,0,0,1,1
2020,AUTOR,Lo,68,26.5,8,0,0,1,0,1,1
2020,AUTOR,Lo,68,26.5,9,0,0,1,0,1,1
2020,AUTOR,Lo,68,26.5,10,0,0,1,0,1,1
2020,AUTOR,Lo,68,26.5,11,2,0,0,0,1,1
2020,AUTOR,Lo,68,26.5,12,0,1,0,0,1,1
2020,AUTOR,Lo,68,26.5,13,0,1,0,0,1,1
2020,AUTOR,Me,69,6.5,1,0,0,0,1,1,1
2020,AUTOR,Me,69,6.5,2,0,0,1,0,1,1
2020,AUTOR,Me,69,6.5,3,2,1,2,0,4,1
2020,AUTOR,Me,69,6.5,4,1,1,1,0,3,1
2020,AUTOR,VLo,70,42,1,0,1,0,0,1,0
2020,AUTOR,VLo,70,42,2,0,0,0,1,1,1
2020,AUTOR,VLo,70,42,3,0,0,0,1,1,1
2020,AUTOR,VLo,70,42,4,0,0,0,1,1,1
2020,AUTOR,VLo,70,42,5,0,1,0,0,1,0
2020,AUTOR,VLo,70,42,6,5,4,0,0,5,0
2020,AUTOR,VLo,70,42,7,4,3,1,0,5,1
2020,AUTOR,VLo,70,42,8,4,2,2,0,5,2
2020,AUTOR,VLo,70,42,9,0,1,0,0,1,1
2020,AUTOR,VLo,70,42,10,0,0,1,0,1,1
2020,AUTOR,VLo,70,42,11,5,2,0,0,3,2
2020,AUTOR,VLo,70,42,12,0,1,0,0,1,1
2020,AUTOR,VLo,70,42,13,0,0,1,0,1,1
2020,AUTOR,VLo,70,42,14,0,0,1,0,1,2
2020,AUTOR,VLo,70,42,15,0,0,1,0,1,1
2020,AUTOR,VLo,70,42,16,0,0,1,0,1,1
2020,AUTOR,Sh,71,5,1,0,1,0,0,1,0
2020,AUTOR,Sh,71,5,2,0,0,1,0,1,1
2020,AUTOR,Sh,71,5,3,1,1,0,0,2,1
2020,AUTOR,Sh,71,5,4,1,1,1,0,3,1
2020,AUTOR,Sh,71,5,5,3,0,3,0,4,1
2020,AUTOR,Sh,72,3,1,0,1,0,0,1,1
2020,AUTOR,Sh,72,3,2,0,1,0,0,1,1
2020,AUTOR,Sh,72,3,3,4,2,0,0,3,1
2020,AUTOR,Lo,73,38.5,1,0,1,0,0,1,0
2020,AUTOR,Lo,73,38.5,2,0,1,0,0,1,0
2020,AUTOR,Lo,73,38.5,3,0,1,1,0,2,1
2020,AUTOR,Lo,73,38.5,4,0,0,1,0,1,1
2020,AUTOR,Lo,73,38.5,5,2,2,1,0,4,3
2020,AUTOR,Lo,73,38.5,6,3,2,1,0,4,3
2020,AUTOR,Lo,73,38.5,7,0,0,1,0,1,1
2020,AUTOR,Lo,73,38.5,8,0,0,0,1,1,0
2020,AUTOR,Lo,73,38.5,9,0,0,1,0,1,2
2020,AUTOR,Lo,73,38.5,10,0,0,1,0,1,2
2020,AUTOR,Lo,73,38.5,11,0,0,1,0,1,0
2020,AUTOR,Lo,73,38.5,12,0,1,0,0,1,1
2020,AUTOR,Lo,73,38.5,13,0,0,1,0,1,1
2020,AUTOR,Lo,73,38.5,14,0,0,1,0,1,2
2020,AUTOR,Lo,73,38.5,15,0,0,1,0,1,1
2020,AUTOR,Me,74,14.5,1,0,0,0,1,1,0
2020,AUTOR,Me,74,14.5,2,0,0,0,1,1,0
2020,AUTOR,Me,74,14.5,3,0,0,0,1,1,0
2020,AUTOR,Me,74,14.5,4,0,1,0,0,1,2
2020,AUTOR,Me,74,14.5,5,2,1,2,0,4,2
2020,AUTOR,Me,74,14.5,6,1,1,3,0,5,1
2020,AUTOR,Me,74,14.5,7,5,1,0,0,2,1
2020,AUTOR,Lo,75,35.5,1,0,0,1,0,1,1
2020,AUTOR,Lo,75,35.5,2,0,1,0,0,1,1
2020,AUTOR,Lo,75,35.5,3,0,0,0,1,1,0
2020,AUTOR,Lo,75,35.5,4,1,2,0,0,3,1
2020,AUTOR,Lo,75,35.5,5,1,2,0,0,3,2
2020,AUTOR,Lo,75,35.5,6,3,1,2,0,4,1
2020,AUTOR,Lo,75,35.5,7,5,3,0,0,4,2
2020,AUTOR,Lo,75,35.5,8,0,1,0,0,1,1
2020,AUTOR,Lo,75,35.5,9,0,1,0,0,1,1
2020,AUTOR,Lo,75,35.5,10,0,1,0,0,1,1
2020,AUTOR,Lo,75,35.5,11,0,1,0,0,1,1
2020,AUTOR,Lo,75,35.5,12,0,1,0,0,1,1
2020,AUTOR,Lo,75,35.5,13,0,1,0,0,1,1
2020,AUTOR,Lo,75,35.5,14,0,1,0,0,1,1
2020,AUTOR,Lo,75,35.5,15,0,1,0,0,1,1
2020,AUTOR,Lo,75,35.5,16,0,1,0,0,1,1
2020,AUTOR,Me,76,13.5,1,0,0,1,0,1,0
2020,AUTOR,Me,76,13.5,2,0,0,0,1,1,0
2020,AUTOR,Me,76,13.5,3,0,0,0,1,1,0
2020,AUTOR,Me,76,13.5,4,3,3,0,0,4,2
2020,AUTOR,Me,76,13.5,5,4,1,2,0,4,2
2020,AUTOR,Me,76,13.5,6,4,1,1,0,3,1
2020,AUTOR,Me,76,13.5,7,0,0,1,0,1,1
2020,AUTOR,Me,76,13.5,8,0,0,1,0,1,1
2020,AUTOR,Lo,77,28,1,0,0,0,1,1,0
2020,AUTOR,Lo,77,28,2,0,0,0,1,1,0
2020,AUTOR,Lo,77,28,3,0,0,0,1,1,0
2020,AUTOR,Lo,77,28,4,0,0,0,1,1,0
2020,AUTOR,Lo,77,28,5,0,2,0,0,2,1
2020,AUTOR,Lo,77,28,6,3,1,0,0,2,1
2020,AUTOR,Lo,77,28,7,0,0,1,0,1,1
2020,AUTOR,Lo,77,28,8,1,1,0,0,2,1
2020,AUTOR,Lo,77,28,9,4,2,0,0,3,1
2020,AUTOR,Lo,77,28,10,0,0,1,0,1,1
2020,AUTOR,Lo,77,28,11,5,2,0,0,3,1
2020,AUTOR,Lo,77,28,12,0,0,1,0,1,2
2020,AUTOR,Lo,77,28,13,0,0,1,0,1,1
2020,AUTOR,Lo,77,28,14,0,0,1,0,1,1
2020,AUTOR,Lo,77,28,15,0,1,0,0,1,1
2020,AUTOR,Lo,77,28,16,0,1,0,0,1,1
2020,AUTOR,Lo,77,28,17,5,0,0,0,1,1
2020,AUTOR,Me,78,14,1,0,0,0,1,1,0
2020,AUTOR,Me,78,14,2,0,0,0,1,1,0
2020,AUTOR,Me,78,14,3,0,0,0,1,1,0
2020,AUTOR,Me,78,14,4,0,0,1,0,2,0
2020,AUTOR,Me,78,14,5,3,1,1,0,3,2
2020,AUTOR,Me,78,14,6,0,0,1,0,1,1
2020,AUTOR,Me,78,14,7,6,0,2,0,3,1
2020,AUTOR,Lo,79,22,1,0,0,0,1,1,0
2020,AUTOR,Lo,79,22,2,0,0,0,1,1,0
2020,AUTOR,Lo,79,22,3,0,0,0,1,1,0
2020,AUTOR,Lo,79,22,4,0,1,0,0,1,1
2020,AUTOR,Lo,79,22,5,1,0,1,0,2,1
2020,AUTOR,Lo,79,22,6,4,2,3,0,6,2
2020,AUTOR,Lo,79,22,7,5,0,2,0,3,1
2020,AUTOR,Lo,79,22,8,0,0,1,0,1,1
2020,AUTOR,Lo,79,22,9,4,1,1,0,3,2
2020,AUTOR,Lo,79,22,10,0,0,1,0,1,1
2020,AUTOR,Lo,80,38,1,0,0,1,0,1,0
2020,AUTOR,Lo,80,38,2,1,0,0,0,1,0
2020,AUTOR,Lo,80,38,3,1,0,0,0,1,1
2020,AUTOR,Lo,80,38,4,0,0,0,1,1,0
2020,AUTOR,Lo,80,38,5,0,1,1,0,2,2
2020,AUTOR,Lo,80,38,6,3,2,2,0,5,3
2020,AUTOR,Lo,80,38,7,2,0,4,0,5,0
2020,AUTOR,Lo,80,38,8,4,1,3,0,5,1
2020,AUTOR,Lo,80,38,9,0,0,1,0,1,1
2020,AUTOR,Lo,80,38,10,4,1,1,0,3,3
2020,AUTOR,Lo,80,38,11,0,1,0,0,1,1
2020,AUTOR,Lo,80,38,12,0,1,0,0,1,1
2020,AUTOR,Me,81,6,1,0,1,0,0,1,
2020,AUTOR,Me,81,6,2,1,0,0,0,1,
2020,AUTOR,Me,81,6,3,1,0,0,0,1,
2020,AUTOR,Me,81,6,4,1,0,0,0,1,
2020,AUTOR,Sh,82,1,1,0,0,1,0,1,
2020,AUTOR,Sh,82,1,2,1,0,0,0,1,
2020,AUTOR,VLo,83,66.5,1,0,1,0,0,1,1
2020,AUTOR,VLo,83,66.5,2,0,1,0,0,1,1
2020,AUTOR,VLo,83,66.5,3,0,0,1,0,1,1
2020,AUTOR,VLo,83,66.5,4,1,1,0,0,2,1
2020,AUTOR,VLo,83,66.5,5,2,3,0,0,4,2
2020,AUTOR,VLo,83,66.5,6,5,3,0,0,4,3
2020,AUTOR,VLo,83,66.5,7,5,2,2,0,5,2
2020,AUTOR,VLo,83,66.5,8,4,0,4,0,5,2
2020,AUTOR,VLo,83,66.5,9,0,1,0,0,1,2
2020,AUTOR,VLo,83,66.5,10,0,0,1,0,1,1
2020,AUTOR,VLo,83,66.5,11,0,0,1,0,1,1
2020,AUTOR,VLo,83,66.5,12,0,0,1,0,1,1
2020,AUTOR,VLo,83,66.5,13,0,1,0,0,1,1
2020,AUTOR,VLo,83,66.5,14,0,1,0,0,1,1
2020,AUTOR,VLo,83,66.5,15,0,1,0,0,1,1
2020,AUTOR,VLo,83,66.5,16,0,2,0,0,2,1
2020,AUTOR,VLo,83,66.5,17,0,2,0,0,2,1
2020,AUTOR,VLo,83,66.5,18,0,3,0,0,3,1
2020,AUTOR,Me,84,16,1,0,0,0,1,1,0
2020,AUTOR,Me,84,16,2,0,0,0,1,1,0
2020,AUTOR,Me,84,16,3,0,0,0,1,1,0
2020,AUTOR,Me,84,16,4,0,1,0,0,1,1
2020,AUTOR,Me,84,16,5,0,0,0,1,1,0
2020,AUTOR,Me,84,16,6,2,1,2,0,4,2
2020,AUTOR,Me,84,16,7,1,0,0,0,1,1
2020,AUTOR,Me,84,16,8,0,0,1,0,1,1
2020,AUTOR,Lo,85,22.5,1,0,0,0,1,1,0
2020,AUTOR,Lo,85,22.5,2,0,0,0,1,1,0
2020,AUTOR,Lo,85,22.5,3,0,0,0,1,1,1
2020,AUTOR,Lo,85,22.5,4,0,0,0,1,1,1
2020,AUTOR,Lo,85,22.5,5,3,1,1,0,3,2
2020,AUTOR,Lo,85,22.5,6,4,1,1,0,3,2
2020,AUTOR,Lo,85,22.5,7,5,0,2,0,3,2
2020,AUTOR,VLo,86,45,1,0,0,1,0,1,0
2020,AUTOR,VLo,86,45,2,0,1,0,0,1,1
2020,AUTOR,VLo,86,45,3,0,1,0,0,1,1
2020,AUTOR,VLo,86,45,4,0,1,0,0,1,1
2020,AUTOR,VLo,86,45,5,2,2,1,0,4,1
2020,AUTOR,VLo,86,45,6,4,1,2,0,4,2
2020,AUTOR,VLo,86,45,7,3,0,4,0,5,2
2020,AUTOR,VLo,86,45,8,0,1,0,0,1,1
2020,AUTOR,VLo,86,45,9,0,0,1,0,1,1
2020,AUTOR,VLo,86,45,10,1,2,1,0,4,2
2020,AUTOR,VLo,86,45,11,0,0,1,0,1,1
2020,AUTOR,VLo,86,45,12,0,1,0,0,1,1
2020,AUTOR,VLo,86,45,13,0,1,0,0,1,1
2020,AUTOR,VLo,86,45,14,0,1,1,0,2,2
2020,AUTOR,Lo,87,25,1,0,0,0,1,1,
2020,AUTOR,Lo,87,25,2,0,0,0,1,1,
2020,AUTOR,Lo,87,25,3,0,0,0,1,1,
2020,AUTOR,Lo,87,25,4,0,0,0,1,1,
2020,AUTOR,Lo,87,25,5,0,0,0,1,1,
2020,AUTOR,Lo,87,25,6,0,1,0,0,1,
2020,AUTOR,Lo,87,25,7,3,1,3,0,5,
2020,AUTOR,Lo,87,25,8,4,1,2,0,4,
2020,AUTOR,Lo,87,25,9,4,1,3,0,5,
2020,AUTOR,Lo,87,25,10,0,1,0,0,1,
2020,AUTOR,Lo,87,25,11,5,1,1,0,3,
2020,AUTOR,Lo,87,25,12,4,2,1,0,4,
2020,AUTOR,Sh,88,4.5,1,0,1,0,0,1,0
2020,AUTOR,Sh,88,4.5,2,0,0,0,1,1,1
2020,AUTOR,Sh,88,4.5,3,1,2,0,0,3,2
2020,AUTOR,Sh,88,4.5,4,0,0,1,0,1,1
2020,AUTOR,Lo,89,27,1,0,0,1,0,1,
2020,AUTOR,Lo,89,27,2,0,0,0,1,1,
2020,AUTOR,Lo,89,27,3,0,0,0,1,1,
2020,AUTOR,Lo,89,27,4,0,0,0,1,1,
2020,AUTOR,Lo,89,27,5,15,3,0,0,4,
2020,AUTOR,Lo,89,27,6,5,0,5,0,6,
2020,AUTOR,Lo,89,27,7,5,0,1,0,2,
2020,AUTOR,Lo,89,27,8,5,2,2,0,5,
2020,AUTOR,Lo,89,27,9,0,1,0,0,1,
2020,AUTOR,Lo,89,27,10,0,1,0,0,1,
2020,AUTOR,VLo,90,41,1,0,0,1,0,1,0
2020,AUTOR,VLo,90,41,2,0,1,0,0,1,0
2020,AUTOR,VLo,90,41,3,0,0,0,1,1,0
2020,AUTOR,VLo,90,41,4,0,1,0,0,1,0
2020,AUTOR,VLo,90,41,5,1,4,1,0,6,1
2020,AUTOR,VLo,90,41,6,1,0,0,0,1,1
2020,AUTOR,VLo,90,41,7,0,1,0,0,1,2
2020,AUTOR,VLo,90,41,8,0,0,1,0,1,1
2020,AUTOR,VLo,90,41,9,4,1,2,0,4,2
2020,AUTOR,VLo,90,41,10,4,2,1,0,4,3
2020,AUTOR,VLo,90,41,11,5,2,1,0,4,2
2020,AUTOR,VLo,90,41,12,3,1,0,0,2,2
2020,AUTOR,VLo,90,41,13,5,1,0,0,2,1
2020,AUTOR,VLo,90,41,14,0,0,1,0,1,0
2020,AUTOR,VLo,90,41,15,0,0,1,0,1,1
2020,AUTOR,VLo,90,41,16,0,0,1,0,1,1
2020,AUTOR,VLo,90,41,17,0,0,1,0,1,1
2020,AUTOR,VLo,90,41,18,2,0,0,0,1,1
2020,AUTOR,VLo,90,41,19,3,0,0,0,1,1
2020,AUTOR,Sh,91,2,1,0,1,0,0,1,0
2020,AUTOR,Sh,91,2,2,2,3,0,0,4,1
2020,AUTOR,Me,92,18,1,0,0,0,1,1,0
2020,AUTOR,Me,92,18,2,0,0,0,1,1,0
2020,AUTOR,Me,92,18,3,0,1,0,0,1,0
2020,AUTOR,Me,92,18,4,0,0,1,0,1,0
2020,AUTOR,Me,92,18,5,6,4,1,0,6,2
2020,AUTOR,Me,92,18,6,2,1,3,0,5,2
2020,AUTOR,Me,92,18,7,0,1,0,0,1,1
2020,AUTOR,Sh,93,4,1,0,0,0,1,1,0
2020,AUTOR,Sh,93,4,2,0,0,0,1,1,0
2020,AUTOR,Sh,93,4,3,0,0,0,1,1,0
2020,AUTOR,Sh,93,4,4,2,1,0,0,2,1
2020,AUTOR,Sh,93,4,5,0,1,2,0,3,2
2020,AUTOR,Sh,94,3,1,0,0,1,0,1,0
2020,AUTOR,Sh,94,3,2,0,0,0,1,1,0
2020,AUTOR,Sh,94,3,3,0,1,0,0,1,1
2020,AUTOR,Sh,94,3,4,0,2,0,0,2,2
2020,AUTOR,VLo,95,43.5,1,0,0,1,0,1,0
2020,AUTOR,VLo,95,43.5,2,0,0,0,1,1,0
2020,AUTOR,VLo,95,43.5,3,0,0,0,1,1,0
2020,AUTOR,VLo,95,43.5,4,0,0,0,1,1,0
2020,AUTOR,VLo,95,43.5,5,0,0,1,0,1,1
2020,AUTOR,VLo,95,43.5,6,5,5,2,0,8,4
2020,AUTOR,VLo,95,43.5,7,5,0,3,0,4,2
2020,AUTOR,VLo,95,43.5,8,0,1,1,0,2,1
2020,AUTOR,VLo,95,43.5,9,5,2,1,0,4,3
2020,AUTOR,VLo,95,43.5,10,0,0,1,0,1,1
2020,AUTOR,VLo,95,43.5,11,0,0,1,0,1,1
2020,AUTOR,VLo,95,43.5,12,0,0,1,0,1,1
2020,AUTOR,VLo,95,43.5,13,0,0,1,0,1,1
2020,AUTOR,VLo,95,43.5,14,0,0,1,0,1,1
2020,AUTOR,VLo,95,43.5,15,4,2,1,0,4,4
2020,AUTOR,VLo,95,43.5,16,0,0,1,0,1,1
2020,AUTOR,Sh,96,2.5,1,0,0,1,0,1,
2020,AUTOR,Sh,96,2.5,2,0,0,0,1,1,
2020,AUTOR,Sh,96,2.5,3,3,0,1,0,2,
2020,AUTOR,Lo,97,26,1,0,0,0,1,1,0
2020,AUTOR,Lo,97,26,2,0,0,0,1,1,0
2020,AUTOR,Lo,97,26,3,0,1,0,0,1,1
2020,AUTOR,Lo,97,26,4,1,0,0,0,1,1
2020,AUTOR,Lo,97,26,5,4,1,3,0,5,1
2020,AUTOR,Lo,97,26,6,3,0,2,0,3,1
2020,AUTOR,Lo,97,26,7,0,1,0,0,1,1
2020,AUTOR,Lo,97,26,8,5,1,0,0,2,1
2020,AUTOR,Lo,97,26,9,0,0,1,0,1,1
2020,AUTOR,Me,98,16,1,0,0,0,1,1,
2020,AUTOR,Me,98,16,2,0,0,0,1,1,
2020,AUTOR,Me,98,16,3,0,0,0,1,1,
2020,AUTOR,Me,98,16,4,0,1,0,0,1,
2020,AUTOR,Me,98,16,5,1,0,1,0,2,
2020,AUTOR,Me,98,16,6,4,1,3,0,5,
2020,AUTOR,Me,98,16,7,2,0,3,0,4,
2020,AUTOR,Sh,99,2.5,1,2,1,0,0,2,1
2020,AUTOR,VLo,100,72,1,0,1,0,0,1,1
2020,AUTOR,VLo,100,72,2,0,1,0,0,1,1
2020,AUTOR,VLo,100,72,3,0,0,0,1,1,1
2020,AUTOR,VLo,100,72,4,0,1,0,0,1,1
2020,AUTOR,VLo,100,72,5,0,2,0,0,2,1
2020,AUTOR,VLo,100,72,6,0,0,2,0,2,2
2020,AUTOR,VLo,100,72,7,0,1,1,0,2,1
2020,AUTOR,VLo,100,72,8,2,2,0,0,3,1
2020,AUTOR,VLo,100,72,9,2,2,2,0,5,1
2020,AUTOR,VLo,100,72,10,0,1,0,0,1,1
2020,AUTOR,VLo,100,72,11,0,1,0,0,1,1
2020,AUTOR,VLo,100,72,12,0,1,0,0,1,1
2020,AUTOR,VLo,100,72,13,0,1,0,0,1,1
2020,AUTOR,VLo,100,72,14,0,1,0,0,1,1
2020,AUTOR,VLo,100,72,15,0,1,0,0,1,1
2020,AUTOR,VLo,100,72,16,0,1,0,0,1,1
2020,AUTOR,VLo,100,72,17,0,1,0,0,1,1
2020,AUTOR,VLo,100,72,18,0,0,1,0,1,1
2020,AUTOR,VLo,100,72,19,0,0,1,0,1,1
2020,AUTOR,VLo,100,72,20,0,0,1,0,1,1
2020,AUTOR,VLo,100,72,21,0,1,0,0,1,1
2020,AUTOR,VLo,100,72,22,0,1,0,0,1,1
2020,AUTOR,VLo,100,72,23,0,3,0,0,3,2
2020,AUTOR,Lo,101,32,1,0,0,0,1,1,
2020,AUTOR,Lo,101,32,2,4,1,0,0,2,
2020,AUTOR,Lo,101,32,3,1,1,1,0,3,
2020,AUTOR,Lo,101,32,4,2,0,2,0,3,
2020,AUTOR,Lo,101,32,5,4,2,0,0,3,
2020,AUTOR,Lo,101,32,6,0,0,1,0,1,
2020,AUTOR,Lo,101,32,7,2,0,2,0,3,
2020,AUTOR,Lo,101,32,8,5,1,1,0,3,
2020,AUTOR,Lo,101,32,9,5,1,0,0,2,
2020,AUTOR,Lo,101,32,10,0,1,0,0,1,
2020,AUTOR,Lo,101,32,11,4,2,0,0,3,
2020,AUTOR,Me,102,10,1,0,1,0,0,1,0
2020,AUTOR,Me,102,10,2,0,1,0,0,1,0
2020,AUTOR,Me,102,10,3,0,0,0,1,1,0
2020,AUTOR,Me,102,10,4,2,1,1,0,3,1
2020,AUTOR,Me,102,10,5,0,1,1,0,2,2
2020,AUTOR,Me,102,10,6,0,1,0,0,1,1
2020,AUTOR,Me,102,10,7,5,1,0,0,2,1
2020,AUTOR,Sh,103,2.5,1,0,0,0,1,1,0
2020,AUTOR,Sh,103,2.5,2,0,0,0,1,1,0
2020,AUTOR,Sh,103,2.5,3,0,0,1,0,1,0
2020,AUTOR,Sh,103,2.5,4,1,0,3,0,4,2
2020,AUTOR,Lo,104,33,1,0,1,0,0,1,0
2020,AUTOR,Lo,104,33,2,0,1,0,0,1,0
2020,AUTOR,Lo,104,33,3,0,1,0,0,1,0
2020,AUTOR,Lo,104,33,4,0,0,1,0,1,1
2020,AUTOR,Lo,104,33,5,0,1,3,0,4,2
2020,AUTOR,Lo,104,33,6,0,1,0,0,1,1
2020,AUTOR,Lo,104,33,7,0,0,1,0,1,1
2020,AUTOR,Lo,104,33,8,0,0,1,0,1,2
2020,AUTOR,Lo,104,33,9,0,0,1,0,1,2
2020,AUTOR,Lo,104,33,10,0,0,1,0,1,1
2020,AUTOR,Lo,104,33,11,0,1,0,0,1,1
2020,AUTOR,Lo,104,33,12,0,0,1,0,1,1
2020,AUTOR,Sh,105,2.5,1,0,0,1,0,1,1
2020,AUTOR,Sh,105,2.5,2,0,1,0,0,1,1
2020,AUTOR,Sh,105,2.5,3,3,1,1,0,3,1
2020,AUTOR,Sh,106,3.5,1,0,1,0,0,1,
2020,AUTOR,Sh,106,3.5,2,0,1,0,0,1,
2020,AUTOR,Sh,106,3.5,3,0,0,0,1,1,
2020,AUTOR,Sh,106,3.5,4,4,1,1,0,3,
2020,AUTOR,Lo,107,30,1,0,1,0,0,1,1
2020,AUTOR,Lo,107,30,2,0,0,1,0,1,1
2020,AUTOR,Lo,107,30,3,0,0,0,1,1,0
2020,AUTOR,Lo,107,30,4,0,2,1,0,3,2
2020,AUTOR,Lo,107,30,5,2,1,2,0,4,2
2020,AUTOR,Lo,107,30,6,0,0,1,0,1,2
2020,AUTOR,Lo,107,30,7,6,3,1,0,5,2
2020,AUTOR,Lo,107,30,8,0,0,1,0,1,2
2020,AUTOR,Lo,107,30,9,0,0,1,0,1,2
2020,AUTOR,Lo,107,30,10,0,0,1,0,1,2
2020,AUTOR,Lo,107,30,11,0,1,0,0,1,1
2020,AUTOR,Lo,107,30,12,0,0,1,0,1,1
2020,AUTOR,Lo,107,30,13,0,0,1,0,1,1
2020,AUTOR,Lo,108,25,1,0,1,0,0,1,
2020,AUTOR,Lo,108,25,2,0,0,1,0,1,
2020,AUTOR,Lo,108,25,3,2,3,0,0,4,
2020,AUTOR,Lo,108,25,4,0,2,1,0,3,
2020,AUTOR,Lo,108,25,5,0,1,0,0,1,
2020,AUTOR,Lo,108,25,6,0,0,1,0,1,
2020,AUTOR,Lo,108,25,7,0,0,1,0,1,
2020,AUTOR,Lo,108,25,8,0,0,1,0,1,
2020,AUTOR,Lo,108,25,9,0,1,0,0,1,
2020,AUTOR,Lo,108,25,10,4,2,0,0,3,
2020,AUTOR,Lo,108,25,11,0,0,1,0,1,
2020,AUTOR,Lo,108,25,12,0,0,1,0,1,
2020,AUTOR,Lo,108,25,13,0,1,1,0,2,
2020,AUTOR,Me,109,5.5,1,0,0,0,1,1,1
2020,AUTOR,Me,109,5.5,2,0,1,0,0,1,2
2020,AUTOR,Me,109,5.5,3,3,3,0,0,4,2
2020,AUTOR,Me,109,5.5,4,0,1,2,0,3,0
2020,AUTOR,Me,109,5.5,5,3,1,0,0,2,1
2020,AUTOR,Lo,110,33,1,0,0,0,1,1,0
2020,AUTOR,Lo,110,33,2,0,0,0,1,1,0
2020,AUTOR,Lo,110,33,3,0,0,0,1,1,0
2020,AUTOR,Lo,110,33,4,1,3,0,0,4,2
2020,AUTOR,Lo,110,33,5,1,1,2,0,4,2
2020,AUTOR,Lo,110,33,6,0,0,1,0,1,1
2020,AUTOR,Lo,110,33,7,0,0,1,0,1,1
2020,AUTOR,Lo,110,33,8,0,0,1,0,1,1
2020,AUTOR,Lo,110,33,9,0,0,1,0,1,1
2020,AUTOR,Lo,110,33,10,0,0,1,0,1,1
2020,AUTOR,Lo,110,33,11,0,0,1,0,1,1
2020,AUTOR,Lo,110,33,12,0,0,1,0,1,1
2020,AUTOR,Lo,110,33,13,0,0,1,0,1,1
2020,AUTOR,Lo,110,33,14,0,0,1,0,1,1
2020,AUTOR,Lo,110,33,15,0,1,0,0,1,1
2020,AUTOR,Lo,110,33,16,2,1,0,0,1,1
2020,AUTOR,VLo,111,43,1,0,0,0,1,1,1
2020,AUTOR,VLo,111,43,2,0,0,0,1,1,0
2020,AUTOR,VLo,111,43,3,0,0,0,1,1,0
2020,AUTOR,VLo,111,43,4,0,0,0,1,1,0
2020,AUTOR,VLo,111,43,5,0,1,0,0,1,0
2020,AUTOR,VLo,111,43,6,0,1,0,0,1,0
2020,AUTOR,VLo,111,43,7,4,2,0,0,3,0
2020,AUTOR,VLo,111,43,8,2,2,2,0,5,0
2020,AUTOR,VLo,111,43,9,0,1,0,0,1,2
2020,AUTOR,VLo,111,43,10,0,1,0,0,1,2
2020,AUTOR,VLo,111,43,11,0,0,1,0,1,1
2020,AUTOR,VLo,111,43,12,0,0,1,0,1,1
2020,AUTOR,VLo,111,43,13,0,0,1,0,1,1
2020,AUTOR,VLo,111,43,14,0,0,1,0,1,1
2020,AUTOR,VLo,111,43,15,0,0,1,0,1,1
2020,AUTOR,VLo,111,43,16,0,0,1,0,1,1
2020,AUTOR,VLo,111,43,17,0,1,0,0,1,1
2020,AUTOR,VLo,111,43,18,0,1,0,0,1,1
2020,AUTOR,VLo,111,43,19,0,1,0,0,1,1
2020,AUTOR,VLo,111,43,20,4,0,0,0,1,2
2020,AUTOR,Me,112,10.5,1,0,0,0,1,1,
2020,AUTOR,Me,112,10.5,2,0,0,0,1,1,
2020,AUTOR,Me,112,10.5,3,0,0,0,1,1,
2020,AUTOR,Me,112,10.5,4,0,0,0,1,1,
2020,AUTOR,Me,112,10.5,5,3,0,3,0,4,
2020,AUTOR,Me,112,10.5,6,1,2,1,0,4,
2020,AUTOR,Me,112,10.5,7,1,2,0,0,3,
2020,AUTOR,Sh,113,1.5,1,4,1,0,0,2,
2020,AUTOR,Sh,114,2,1,0,1,0,0,1,
2020,AUTOR,Sh,114,2,2,0,0,1,0,1,
2020,AUTOR,Sh,115,4.8,1,0,1,0,0,1,1
2020,AUTOR,Sh,115,4.8,2,0,0,1,0,1,1
2020,AUTOR,Sh,115,4.8,3,1,1,0,0,2,1
2020,AUTOR,Sh,115,4.8,4,2,1,1,0,3,1
2020,AUTOR,Lo,116,38.5,1,0,1,0,0,1,0
2020,AUTOR,Lo,116,38.5,2,0,0,1,0,1,1
2020,AUTOR,Lo,116,38.5,3,0,0,1,0,1,1
2020,AUTOR,Lo,116,38.5,4,0,0,0,1,1,0
2020,AUTOR,Lo,116,38.5,5,4,2,1,0,4,2
2020,AUTOR,Lo,116,38.5,6,0,0,1,0,1,1
2020,AUTOR,Lo,116,38.5,7,0,0,1,0,1,1
2020,AUTOR,Lo,116,38.5,8,0,0,1,0,1,1
2020,AUTOR,Lo,116,38.5,9,0,0,1,0,1,1
2020,AUTOR,Lo,116,38.5,10,0,0,1,0,1,1
2020,AUTOR,Lo,116,38.5,11,0,0,1,0,1,1
2020,AUTOR,Lo,116,38.5,12,0,0,1,0,1,1
2020,AUTOR,Lo,116,38.5,13,1,1,0,0,2,1
2020,AUTOR,VLo,117,43.5,1,0,1,0,0,1,1
2020,AUTOR,VLo,117,43.5,2,0,1,0,0,1,1
2020,AUTOR,VLo,117,43.5,3,0,1,0,0,1,1
2020,AUTOR,VLo,117,43.5,4,0,1,0,0,1,1
2020,AUTOR,VLo,117,43.5,5,0,1,0,0,1,1
2020,AUTOR,VLo,117,43.5,6,0,1,0,0,1,1
2020,AUTOR,VLo,117,43.5,7,2,1,3,0,5,2
2020,AUTOR,VLo,117,43.5,8,4,1,3,0,5,2
2020,AUTOR,VLo,117,43.5,9,0,1,0,0,1,1
2020,AUTOR,VLo,117,43.5,10,0,1,0,0,1,1
2020,AUTOR,VLo,117,43.5,11,0,0,1,0,1,1
2020,AUTOR,VLo,117,43.5,12,0,0,1,0,1,1
2020,AUTOR,VLo,117,43.5,13,0,0,1,0,1,1
2020,AUTOR,VLo,117,43.5,14,0,0,1,0,1,1
2020,AUTOR,VLo,117,43.5,15,0,0,1,0,1,1
2020,AUTOR,VLo,117,43.5,16,0,0,1,0,1,1
2020,AUTOR,VLo,117,43.5,17,0,1,0,0,1,1
2020,AUTOR,VLo,117,43.5,18,0,2,0,0,2,1
2020,AUTOR,Sh,118,2,1,0,1,0,0,1,0
2020,AUTOR,Sh,118,2,2,0,2,2,0,4,2
2020,AUTOR,Me,119,7,1,0,1,0,0,1,
2020,AUTOR,Me,119,7,2,0,1,0,0,1,
2020,AUTOR,Me,119,7,3,0,0,1,0,1,
2020,AUTOR,Me,119,7,4,0,0,1,0,1,
2020,AUTOR,Me,119,7,5,0,1,0,0,1,
2020,AUTOR,Me,119,7,6,2,0,0,0,1,
2020,AUTOR,VLo,120,40.5,1,0,1,0,0,1,
2020,AUTOR,VLo,120,40.5,2,0,1,0,0,1,
2020,AUTOR,VLo,120,40.5,3,0,1,0,0,1,
2020,AUTOR,VLo,120,40.5,4,0,0,1,0,1,
2020,AUTOR,VLo,120,40.5,5,1,1,2,0,4,
2020,AUTOR,VLo,120,40.5,6,1,0,3,0,4,
2020,AUTOR,VLo,120,40.5,7,0,0,1,0,1,
2020,AUTOR,VLo,120,40.5,8,0,0,1,0,1,
2020,AUTOR,VLo,120,40.5,9,5,2,0,0,3,
2020,AUTOR,VLo,120,40.5,10,0,0,1,0,1,
2020,AUTOR,VLo,120,40.5,11,0,0,1,0,1,
2020,AUTOR,VLo,120,40.5,12,0,0,1,0,1,
2020,AUTOR,VLo,120,40.5,13,0,0,1,0,1,
2020,AUTOR,VLo,120,40.5,14,0,0,1,0,1,
2020,AUTOR,VLo,120,40.5,15,0,0,1,0,1,
2020,AUTOR,VLo,120,40.5,16,0,2,1,0,3,
