"tesi","Length","type","shoot","Tree","rank_node","c","v","m","cl","nu","b","tot_buds","new_shoots","n_lateral_buds","n_apical_buds","which_apicals"
"AUTOR",42,"VLo",1,8,1,0,1,0,0,0,0,1,0,1,0,NA
"AUTOR",42,"VLo",1,8,2,0,0,0,0,0,1,1,0,1,0,NA
"AUTOR",42,"VLo",1,8,3,0,1,0,0,0,0,1,1,1,0,NA
"AUTOR",42,"VLo",1,8,4,1,0,2,0,0,0,3,1,3,0,NA
"AUTOR",42,"VLo",1,8,5,1,1,0,0,0,0,2,1,2,0,NA
"AUTOR",42,"VLo",1,8,6,1,0,3,1,3,0,4,2,4,0,NA
"AUTOR",42,"VLo",1,8,7,1,1,1,0,0,0,3,2,3,0,NA
"AUTOR",42,"VLo",1,8,8,0,0,1,1,3,0,1,1,1,0,NA
"AUTOR",42,"VLo",1,8,9,0,0,1,0,0,0,1,1,1,0,NA
"AUTOR",42,"VLo",1,8,10,0,0,1,1,3,0,1,1,1,0,NA
"AUTOR",42,"VLo",1,8,11,0,0,1,0,0,0,1,1,1,0,NA
"AUTOR",42,"VLo",1,8,12,0,1,0,0,0,0,1,1,1,0,NA
"AUTOR",42,"VLo",1,8,13,0,2,0,0,0,0,3,1,2,1,"M"
"AUTOR",40,"Lo",2,8,1,0,1,0,0,0,0,1,1,1,0,NA
"AUTOR",40,"Lo",2,8,2,0,0,1,1,2,0,1,1,1,0,NA
"AUTOR",40,"Lo",2,8,3,0,1,0,0,0,0,1,1,1,0,NA
"AUTOR",40,"Lo",2,8,4,0,3,0,0,0,0,3,1,3,0,NA
"AUTOR",40,"Lo",2,8,5,1,1,2,1,2,0,4,1,4,0,NA
"AUTOR",40,"Lo",2,8,6,0,1,0,0,0,0,1,1,1,0,NA
"AUTOR",40,"Lo",2,8,7,1,3,2,0,0,0,6,1,6,0,NA
"AUTOR",40,"Lo",2,8,8,0,0,1,1,4,0,1,1,1,0,NA
"AUTOR",40,"Lo",2,8,9,1,1,0,0,0,0,2,1,2,0,NA
"AUTOR",40,"Lo",2,8,10,0,0,1,1,3,0,1,1,1,0,NA
"AUTOR",40,"Lo",2,8,11,1,2,0,0,0,0,3,1,3,0,NA
"AUTOR",40,"Lo",2,8,12,0,0,1,1,4,0,1,1,1,0,NA
"AUTOR",40,"Lo",2,8,13,0,0,1,1,5,0,1,1,1,0,NA
"AUTOR",9,"Me",3,8,1,0,1,0,0,0,0,1,0,1,0,NA
"AUTOR",9,"Me",3,8,2,0,1,0,0,0,0,1,0,1,0,NA
"AUTOR",9,"Me",3,8,3,0,1,0,0,0,0,1,0,1,0,NA
"AUTOR",9,"Me",3,8,4,0,0,1,1,2,0,1,1,1,0,NA
"AUTOR",9,"Me",3,8,5,0,0,1,1,4,0,1,1,1,0,NA
"AUTOR",9,"Me",3,8,6,0,1,1,0,0,0,3,1,2,1,"V"
"AUTOR",48,"VLo",4,8,1,0,1,0,0,0,0,1,1,1,0,NA
"AUTOR",48,"VLo",4,8,2,0,1,0,0,0,0,1,1,1,0,NA
"AUTOR",48,"VLo",4,8,3,0,1,0,0,0,0,1,1,1,0,NA
"AUTOR",48,"VLo",4,8,4,0,1,0,0,0,0,1,1,1,0,NA
"AUTOR",48,"VLo",4,8,5,0,0,1,1,4,0,1,1,1,0,NA
"AUTOR",48,"VLo",4,8,6,0,0,1,1,6,0,1,1,1,0,NA
"AUTOR",48,"VLo",4,8,7,0,1,0,0,0,0,1,1,1,0,NA
"AUTOR",48,"VLo",4,8,8,0,1,0,0,0,0,1,1,1,0,NA
"AUTOR",48,"VLo",4,8,9,0,1,0,0,0,0,1,1,1,0,NA
"AUTOR",48,"VLo",4,8,10,0,1,0,0,0,0,1,1,1,0,NA
"AUTOR",48,"VLo",4,8,11,0,1,0,0,0,0,1,1,1,0,NA
"AUTOR",48,"VLo",4,8,12,0,1,0,0,0,0,1,1,1,0,NA
"AUTOR",48,"VLo",4,8,13,0,1,0,0,0,0,1,1,1,0,NA
"AUTOR",48,"VLo",4,8,14,0,1,0,0,0,0,1,1,1,0,NA
"AUTOR",48,"VLo",4,8,15,0,1,0,0,0,0,1,1,1,0,NA
"AUTOR",48,"VLo",4,8,16,0,1,0,0,0,0,1,1,1,0,NA
"AUTOR",48,"VLo",4,8,17,0,2,0,0,0,0,3,2,2,1,"V"
"AUTOR",41,"VLo",5,8,1,0,1,0,0,0,0,1,0,1,0,NA
"AUTOR",41,"VLo",5,8,2,0,1,0,0,0,0,1,0,1,0,NA
"AUTOR",41,"VLo",5,8,3,0,2,0,0,0,0,2,2,2,0,NA
"AUTOR",41,"VLo",5,8,4,0,0,1,1,1,0,1,1,1,0,NA
"AUTOR",41,"VLo",5,8,5,1,2,1,1,3,0,4,2,4,0,NA
"AUTOR",41,"VLo",5,8,6,0,0,1,1,3,0,1,1,1,0,NA
"AUTOR",41,"VLo",5,8,7,1,3,2,0,0,0,6,2,6,0,NA
"AUTOR",41,"VLo",5,8,8,1,0,1,0,0,0,2,2,2,0,NA
"AUTOR",41,"VLo",5,8,9,0,1,1,1,4,0,2,1,2,0,NA
"AUTOR",41,"VLo",5,8,10,0,1,1,1,4,0,2,1,2,0,NA
"AUTOR",41,"VLo",5,8,11,0,0,1,0,0,0,1,1,1,0,NA
"AUTOR",41,"VLo",5,8,12,0,0,1,1,3,0,1,1,1,0,NA
"AUTOR",41,"VLo",5,8,13,1,3,0,0,0,0,4,2,4,0,NA
"AUTOR",41,"VLo",5,8,14,0,0,1,0,0,0,1,1,1,0,NA
"AUTOR",41,"VLo",5,8,15,0,2,0,0,0,0,2,2,2,0,NA
"AUTOR",41,"VLo",5,8,16,1,0,0,1,1,0,2,0,1,1,"M"
"AUTOR",14,"Me",6,8,1,0,1,0,0,0,0,1,1,1,0,NA
"AUTOR",14,"Me",6,8,2,0,0,0,0,0,1,1,0,1,0,NA
"AUTOR",14,"Me",6,8,3,1,2,0,0,0,0,3,1,3,0,NA
"AUTOR",14,"Me",6,8,4,1,0,2,0,0,0,3,2,3,0,NA
"AUTOR",14,"Me",6,8,5,0,0,1,1,3,0,1,1,1,0,NA
"AUTOR",14,"Me",6,8,6,1,1,0,1,2,0,3,1,2,1,"M"
"AUTOR",43,"VLo",7,8,1,0,0,1,0,0,0,1,1,1,0,NA
"AUTOR",43,"VLo",7,8,2,0,0,0,0,0,1,1,1,1,0,NA
"AUTOR",43,"VLo",7,8,3,0,2,0,0,0,0,2,1,2,0,NA
"AUTOR",43,"VLo",7,8,4,1,0,0,0,0,0,1,1,1,0,NA
"AUTOR",43,"VLo",7,8,5,1,0,3,1,5,0,4,2,4,0,NA
"AUTOR",43,"VLo",7,8,6,0,1,1,1,6,0,2,1,2,0,NA
"AUTOR",43,"VLo",7,8,7,1,2,0,0,0,0,3,1,3,0,NA
"AUTOR",43,"VLo",7,8,8,1,1,1,0,0,0,3,2,3,0,NA
"AUTOR",43,"VLo",7,8,9,0,0,1,0,0,0,1,0,1,0,NA
"AUTOR",43,"VLo",7,8,10,0,0,1,0,0,0,1,1,1,0,NA
"AUTOR",43,"VLo",7,8,11,0,0,1,0,0,0,1,1,1,0,NA
"AUTOR",43,"VLo",7,8,12,0,0,1,0,0,0,1,1,1,0,NA
"AUTOR",43,"VLo",7,8,13,0,1,0,0,0,0,1,1,1,0,NA
"AUTOR",43,"VLo",7,8,14,0,2,0,0,0,0,3,2,2,1,"V"
"AUTOR",30,"Lo",9,8,1,0,1,0,0,0,0,1,0,1,0,NA
"AUTOR",30,"Lo",9,8,2,0,1,0,0,0,0,1,1,1,0,NA
"AUTOR",30,"Lo",9,8,3,0,0,1,1,2,0,1,1,1,0,NA
"AUTOR",30,"Lo",9,8,4,0,0,1,0,0,0,1,1,1,0,NA
"AUTOR",30,"Lo",9,8,5,1,2,1,1,1,0,4,1,4,0,NA
"AUTOR",30,"Lo",9,8,6,1,1,1,0,0,0,3,2,3,0,NA
"AUTOR",30,"Lo",9,8,7,0,1,0,0,0,0,1,1,1,0,NA
"AUTOR",30,"Lo",9,8,8,0,1,1,1,2,0,2,1,2,0,NA
"AUTOR",30,"Lo",9,8,9,0,0,1,1,3,0,1,1,1,0,NA
"AUTOR",30,"Lo",9,8,10,0,0,1,1,2,0,1,1,1,0,NA
"AUTOR",30,"Lo",9,8,11,0,0,1,0,0,0,1,1,1,0,NA
"AUTOR",30,"Lo",9,8,12,0,1,0,0,0,0,1,1,1,0,NA
"AUTOR",30,"Lo",9,8,13,0,1,0,0,0,0,1,1,1,0,NA
"AUTOR",30,"Lo",9,8,14,1,0,0,0,0,0,2,0,1,1,"V"
"AUTOR",57,"VLo",10,8,1,0,0,1,1,1,0,1,1,1,0,NA
"AUTOR",57,"VLo",10,8,2,0,1,0,0,0,0,1,1,1,0,NA
"AUTOR",57,"VLo",10,8,3,0,0,1,1,3,0,1,1,1,0,NA
"AUTOR",57,"VLo",10,8,4,0,0,1,1,1,0,1,1,1,0,NA
"AUTOR",57,"VLo",10,8,5,0,4,5,1,1,0,9,3,9,0,NA
"AUTOR",57,"VLo",10,8,6,0,1,0,0,0,0,1,1,1,0,NA
"AUTOR",57,"VLo",10,8,7,0,0,1,1,3,0,1,1,1,0,NA
"AUTOR",57,"VLo",10,8,8,0,0,1,0,0,0,1,0,1,0,NA
"AUTOR",57,"VLo",10,8,9,0,0,1,1,4,0,1,1,1,0,NA
"AUTOR",57,"VLo",10,8,10,0,0,1,0,0,0,1,1,1,0,NA
"AUTOR",57,"VLo",10,8,11,0,0,1,1,2,0,1,1,1,0,NA
"AUTOR",57,"VLo",10,8,12,0,1,0,0,0,0,1,1,1,0,NA
"AUTOR",57,"VLo",10,8,13,0,0,1,1,2,0,1,1,1,0,NA
"AUTOR",2.31,"Sh",11,8,1,0,1,0,0,0,0,1,1,1,0,NA
"AUTOR",2.31,"Sh",11,8,2,1,1,0,0,0,0,3,0,2,1,"V"
"AUTOR",48,"VLo",12,8,1,0,1,0,0,0,0,1,1,1,0,NA
"AUTOR",48,"VLo",12,8,2,0,1,0,0,0,0,1,1,1,0,NA
"AUTOR",48,"VLo",12,8,3,0,1,1,1,2,0,2,1,2,0,NA
"AUTOR",48,"VLo",12,8,4,0,0,1,0,0,0,1,1,1,0,NA
"AUTOR",48,"VLo",12,8,5,1,4,1,1,2,0,6,2,6,0,NA
"AUTOR",48,"VLo",12,8,6,1,0,3,1,3,0,4,1,4,0,NA
"AUTOR",48,"VLo",12,8,7,0,0,1,1,2,0,1,1,1,0,NA
"AUTOR",48,"VLo",12,8,8,1,1,1,1,4,0,3,2,3,0,NA
"AUTOR",48,"VLo",12,8,9,0,0,1,0,0,0,1,1,1,0,NA
"AUTOR",48,"VLo",12,8,10,0,1,0,0,0,0,1,1,1,0,NA
"AUTOR",48,"VLo",12,8,11,0,0,1,1,3,0,1,1,1,0,NA
"AUTOR",48,"VLo",12,8,12,0,0,1,1,3,0,1,1,1,0,NA
"AUTOR",48,"VLo",12,8,13,0,0,1,1,4,0,1,1,1,0,NA
"AUTOR",48,"VLo",12,8,14,0,0,1,1,4,0,1,1,1,0,NA
"AUTOR",48,"VLo",12,8,15,0,2,0,1,3,0,3,0,2,1,"M"
"AUTOR",37.5,"Lo",13,8,1,0,1,0,0,0,0,1,0,1,0,NA
"AUTOR",37.5,"Lo",13,8,2,1,1,3,0,0,0,5,1,5,0,NA
"AUTOR",37.5,"Lo",13,8,3,0,0,1,1,3,0,1,1,1,0,NA
"AUTOR",37.5,"Lo",13,8,4,0,0,1,1,3,0,1,1,1,0,NA
"AUTOR",37.5,"Lo",13,8,5,0,0,1,1,2,0,1,1,1,0,NA
"AUTOR",37.5,"Lo",13,8,6,0,1,0,0,0,0,1,1,1,0,NA
"AUTOR",37.5,"Lo",13,8,7,0,1,0,0,0,0,1,1,1,0,NA
"AUTOR",37.5,"Lo",13,8,8,0,1,0,0,0,0,1,1,1,0,NA
"AUTOR",37.5,"Lo",13,8,9,0,1,0,0,0,0,1,1,1,0,NA
"AUTOR",37.5,"Lo",13,8,10,0,0,1,1,4,0,1,1,1,0,NA
"AUTOR",37.5,"Lo",13,8,11,0,1,0,0,0,0,1,1,1,0,NA
"AUTOR",37.5,"Lo",13,8,12,0,1,0,0,0,0,1,1,1,0,NA
"AUTOR",37.5,"Lo",13,8,13,0,1,0,0,0,0,1,1,1,0,NA
"AUTOR",37.5,"Lo",13,8,14,0,1,0,0,0,0,1,1,1,0,NA
"AUTOR",45.4,"VLo",14,8,1,0,1,0,0,0,0,1,0,1,0,NA
"AUTOR",45.4,"VLo",14,8,2,0,0,1,1,1,0,1,1,1,0,NA
"AUTOR",45.4,"VLo",14,8,3,0,1,0,0,0,0,1,0,1,0,NA
"AUTOR",45.4,"VLo",14,8,4,1,1,3,1,2,0,5,2,5,0,NA
"AUTOR",45.4,"VLo",14,8,5,0,0,1,1,2,0,1,1,1,0,NA
"AUTOR",45.4,"VLo",14,8,6,0,0,1,1,4,0,1,1,1,0,NA
"AUTOR",45.4,"VLo",14,8,7,0,0,1,1,2,0,1,1,1,0,NA
"AUTOR",45.4,"VLo",14,8,8,0,0,1,1,3,0,1,1,1,0,NA
"AUTOR",45.4,"VLo",14,8,9,0,0,1,1,3,0,1,1,1,0,NA
"AUTOR",45.4,"VLo",14,8,10,0,0,1,1,3,0,1,1,1,0,NA
"AUTOR",45.4,"VLo",14,8,11,0,0,1,1,4,0,1,1,1,0,NA
"AUTOR",45.4,"VLo",14,8,12,0,0,1,0,0,0,1,1,1,0,NA
"AUTOR",45.4,"VLo",14,8,13,0,0,1,0,0,0,1,1,1,0,NA
"AUTOR",45.4,"VLo",14,8,14,0,1,0,0,0,0,1,1,1,0,NA
"AUTOR",45.4,"VLo",14,8,15,0,1,0,0,0,0,1,1,1,0,NA
"AUTOR",45.4,"VLo",14,8,16,0,1,0,0,0,0,1,1,1,0,NA
"AUTOR",45.4,"VLo",14,8,17,0,1,0,0,0,0,2,0,1,1,"V"
"AUTOR",44,"VLo",15,8,1,0,1,0,0,0,0,1,0,1,0,NA
"AUTOR",44,"VLo",15,8,2,0,1,0,0,0,0,1,1,1,0,NA
"AUTOR",44,"VLo",15,8,3,0,1,0,0,0,0,1,1,1,0,NA
"AUTOR",44,"VLo",15,8,4,0,1,1,2,4,0,2,2,2,0,NA
"AUTOR",44,"VLo",15,8,5,1,0,4,1,2,0,5,2,5,0,NA
"AUTOR",44,"VLo",15,8,6,1,1,2,1,3,0,4,2,4,0,NA
"AUTOR",44,"VLo",15,8,7,0,0,1,0,0,0,1,1,1,0,NA
"AUTOR",44,"VLo",15,8,8,1,2,1,1,4,0,4,2,4,0,NA
"AUTOR",44,"VLo",15,8,9,0,0,1,1,3,0,1,1,1,0,NA
"AUTOR",44,"VLo",15,8,10,0,0,1,1,4,0,1,1,1,0,NA
"AUTOR",44,"VLo",15,8,11,0,0,1,1,4,0,1,1,1,0,NA
"AUTOR",44,"VLo",15,8,12,0,0,1,1,3,0,1,1,1,0,NA
"AUTOR",44,"VLo",15,8,13,0,0,1,0,0,0,1,1,1,0,NA
"AUTOR",44,"VLo",15,8,14,0,1,0,0,0,0,1,1,1,0,NA
"AUTOR",44,"VLo",15,8,15,0,1,0,0,0,0,1,1,1,0,NA
"AUTOR",44,"VLo",15,8,16,0,1,0,0,0,0,2,0,1,1,"V"
"AUTOR",33,"Lo",16,8,1,0,0,0,0,0,1,1,1,1,0,NA
"AUTOR",33,"Lo",16,8,2,0,0,0,0,0,1,1,1,1,0,NA
"AUTOR",33,"Lo",16,8,3,0,1,0,0,0,0,1,1,1,0,NA
"AUTOR",33,"Lo",16,8,4,0,1,0,0,0,0,1,1,1,0,NA
"AUTOR",33,"Lo",16,8,5,0,1,0,0,0,0,1,1,1,0,NA
"AUTOR",33,"Lo",16,8,6,0,0,1,2,5,0,1,1,1,0,NA
"AUTOR",33,"Lo",16,8,7,1,0,5,0,0,0,6,1,6,0,NA
"AUTOR",33,"Lo",16,8,8,1,2,0,0,0,0,3,2,3,0,NA
"AUTOR",33,"Lo",16,8,9,1,2,0,0,0,0,3,1,3,0,NA
"AUTOR",33,"Lo",16,8,10,1,2,0,0,0,0,3,1,3,0,NA
"AUTOR",33,"Lo",16,8,11,1,2,0,0,0,0,3,2,3,0,NA
"AUTOR",33,"Lo",16,8,12,0,0,1,0,0,0,1,1,1,0,NA
"AUTOR",33,"Lo",16,8,13,1,1,0,0,0,0,2,1,2,0,NA
"AUTOR",33,"Lo",16,8,14,1,0,0,0,0,0,2,0,1,1,"V"
"AUTOR",21,"Lo",17,8,1,0,1,0,0,0,0,1,0,1,0,NA
"AUTOR",21,"Lo",17,8,2,0,1,0,0,0,0,1,1,1,0,NA
"AUTOR",21,"Lo",17,8,3,0,0,1,1,3,0,1,1,1,0,NA
"AUTOR",21,"Lo",17,8,4,0,0,2,1,2,0,2,1,2,0,NA
"AUTOR",21,"Lo",17,8,5,1,1,2,1,2,0,4,2,4,0,NA
"AUTOR",21,"Lo",17,8,6,0,0,1,1,3,0,1,1,1,0,NA
"AUTOR",21,"Lo",17,8,7,1,1,0,0,0,0,2,2,2,0,NA
"AUTOR",8.5,"Me",18,8,1,0,0,1,1,1,0,1,1,1,0,NA
"AUTOR",8.5,"Me",18,8,2,0,0,1,1,1,0,1,1,1,0,NA
"AUTOR",8.5,"Me",18,8,3,0,1,0,0,0,0,1,1,1,0,NA
"AUTOR",8.5,"Me",18,8,4,1,3,0,0,0,0,4,1,4,0,NA
"AUTOR",8.5,"Me",18,8,5,1,0,2,2,5,0,4,0,3,1,"M"
"AUTOR",38,"Lo",19,8,1,0,1,0,0,0,0,1,1,1,0,NA
"AUTOR",38,"Lo",19,8,2,0,0,0,0,0,1,1,0,1,0,NA
"AUTOR",38,"Lo",19,8,3,0,0,0,0,0,1,1,0,1,0,NA
"AUTOR",38,"Lo",19,8,4,0,0,1,1,3,0,1,1,1,0,NA
"AUTOR",38,"Lo",19,8,5,1,2,1,0,0,0,4,2,4,0,NA
"AUTOR",38,"Lo",19,8,6,0,0,4,2,6,0,4,2,4,0,NA
"AUTOR",38,"Lo",19,8,7,0,1,0,0,0,0,1,1,1,0,NA
"AUTOR",38,"Lo",19,8,8,1,3,0,0,0,0,4,1,4,0,NA
"AUTOR",38,"Lo",19,8,9,0,0,1,1,2,0,1,1,1,0,NA
"AUTOR",38,"Lo",19,8,10,1,1,1,1,3,0,3,2,3,0,NA
"AUTOR",38,"Lo",19,8,11,0,0,1,1,1,0,1,1,1,0,NA
"AUTOR",38,"Lo",19,8,12,0,0,1,1,3,0,1,1,1,0,NA
"AUTOR",38,"Lo",19,8,13,0,0,1,1,1,0,1,1,1,0,NA
"AUTOR",38,"Lo",19,8,14,0,0,1,1,5,0,1,1,1,0,NA
"AUTOR",38,"Lo",19,8,15,0,1,0,0,0,0,2,0,1,1,"V"
"AUTOR",38,"Lo",20,8,1,0,1,0,0,0,0,1,1,1,0,NA
"AUTOR",38,"Lo",20,8,2,0,1,0,0,0,0,1,1,1,0,NA
"AUTOR",38,"Lo",20,8,3,0,1,0,0,0,0,1,1,1,0,NA
"AUTOR",38,"Lo",20,8,4,0,0,1,1,2,0,1,1,1,0,NA
"AUTOR",38,"Lo",20,8,5,0,0,1,1,2,0,1,1,1,0,NA
"AUTOR",38,"Lo",20,8,6,0,0,1,1,2,0,1,0,1,0,NA
"AUTOR",38,"Lo",20,8,7,0,0,1,0,0,0,1,1,1,0,NA
"AUTOR",38,"Lo",20,8,8,0,0,1,1,1,0,1,0,1,0,NA
"AUTOR",38,"Lo",20,8,9,0,0,1,1,2,0,1,1,1,0,NA
"AUTOR",38,"Lo",20,8,10,0,0,1,1,3,0,1,1,1,0,NA
"AUTOR",38,"Lo",20,8,11,0,0,1,1,4,0,1,1,1,0,NA
"AUTOR",38,"Lo",20,8,12,0,0,1,1,2,0,1,1,1,0,NA
"AUTOR",38,"Lo",20,8,13,0,0,1,0,0,0,1,1,1,0,NA
"AUTOR",11.8,"Me",21,8,1,0,0,0,0,0,1,1,0,1,0,NA
"AUTOR",11.8,"Me",21,8,2,0,1,0,0,0,0,1,0,1,0,NA
"AUTOR",11.8,"Me",21,8,3,0,0,0,0,0,1,1,0,1,0,NA
"AUTOR",11.8,"Me",21,8,4,1,3,0,0,0,0,4,1,4,0,NA
"AUTOR",11.8,"Me",21,8,5,1,1,1,1,1,0,3,2,3,0,NA
"AUTOR",2.5,"Sh",22,8,1,0,1,0,0,0,0,1,0,1,0,NA
"AUTOR",2.5,"Sh",22,8,2,1,0,0,0,0,0,1,1,1,0,NA
"AUTOR",39,"Lo",23,8,1,0,1,0,0,0,0,1,1,1,0,NA
"AUTOR",39,"Lo",23,8,2,0,0,1,1,1,0,1,1,1,0,NA
"AUTOR",39,"Lo",23,8,3,0,0,1,1,3,0,1,1,1,0,NA
"AUTOR",39,"Lo",23,8,4,0,1,1,0,0,0,2,1,2,0,NA
"AUTOR",39,"Lo",23,8,5,1,5,0,0,0,0,6,1,6,0,NA
"AUTOR",39,"Lo",23,8,6,0,0,1,1,2,0,1,1,1,0,NA
"AUTOR",39,"Lo",23,8,7,0,0,1,1,3,0,1,1,1,0,NA
"AUTOR",39,"Lo",23,8,8,0,0,1,1,2,0,1,1,1,0,NA
"AUTOR",39,"Lo",23,8,9,0,1,0,0,0,0,1,1,1,0,NA
"AUTOR",39,"Lo",23,8,10,0,0,1,1,3,0,1,1,1,0,NA
"AUTOR",39,"Lo",23,8,11,0,0,1,1,3,0,1,1,1,0,NA
"AUTOR",39,"Lo",23,8,12,0,1,0,0,0,0,1,1,1,0,NA
"AUTOR",39,"Lo",23,8,13,0,0,1,1,4,0,1,1,1,0,NA
"AUTOR",1.5,"Sh",24,8,1,0,1,0,0,0,0,1,1,1,0,NA
"AUTOR",1.5,"Sh",24,8,2,0,1,0,0,0,0,1,1,1,0,NA
"AUTOR",41.5,"VLo",25,8,1,0,0,1,0,0,0,1,1,1,0,NA
"AUTOR",41.5,"VLo",25,8,2,0,0,1,1,2,0,1,1,1,0,NA
"AUTOR",41.5,"VLo",25,8,3,1,0,3,1,3,0,4,1,4,0,NA
"AUTOR",41.5,"VLo",25,8,4,0,0,1,1,3,0,1,1,1,0,NA
"AUTOR",41.5,"VLo",25,8,5,0,0,1,1,1,0,1,1,1,0,NA
"AUTOR",41.5,"VLo",25,8,6,0,0,1,1,2,0,1,1,1,0,NA
"AUTOR",41.5,"VLo",25,8,7,0,0,1,0,0,0,1,1,1,0,NA
"AUTOR",41.5,"VLo",25,8,8,0,1,1,1,3,0,2,1,2,0,NA
"AUTOR",41.5,"VLo",25,8,9,0,0,1,0,0,0,1,1,1,0,NA
"AUTOR",41.5,"VLo",25,8,10,0,0,1,0,0,0,1,1,1,0,NA
"AUTOR",41.5,"VLo",25,8,11,0,1,0,0,0,0,1,1,1,0,NA
"AUTOR",41.5,"VLo",25,8,12,0,1,0,0,0,0,1,1,1,0,NA
"AUTOR",41.5,"VLo",25,8,13,0,1,0,0,0,0,1,1,1,0,NA
"AUTOR",41.5,"VLo",25,8,14,0,1,0,0,0,0,2,0,1,1,"V"
"AUTOR",4,"Sh",26,8,1,0,1,0,0,0,0,1,0,1,0,NA
"AUTOR",4,"Sh",26,8,2,0,0,1,1,2,0,1,1,1,0,NA
"AUTOR",4,"Sh",26,8,3,0,2,1,1,1,0,3,1,3,0,NA
"AUTOR",4,"Sh",26,8,4,0,0,2,1,4,0,2,1,2,0,NA
"AUTOR",4,"Sh",26,8,5,1,1,0,0,0,0,3,0,2,1,"M"
"AUTOR",29.8,"Lo",27,8,1,0,0,1,0,0,0,1,1,1,0,NA
"AUTOR",29.8,"Lo",27,8,2,1,2,0,0,0,0,3,2,3,0,NA
"AUTOR",29.8,"Lo",27,8,3,1,0,2,2,2,0,3,1,3,0,NA
"AUTOR",29.8,"Lo",27,8,4,0,1,3,1,1,0,4,1,4,0,NA
"AUTOR",29.8,"Lo",27,8,5,0,0,1,1,3,0,1,1,1,0,NA
"AUTOR",29.8,"Lo",27,8,6,1,1,1,1,2,0,3,2,3,0,NA
"AUTOR",29.8,"Lo",27,8,7,1,0,1,1,2,0,2,1,2,0,NA
"AUTOR",29.8,"Lo",27,8,8,1,1,0,0,0,0,2,1,2,0,NA
"AUTOR",29.8,"Lo",27,8,9,0,1,0,0,0,0,1,1,1,0,NA
"AUTOR",4.2,"Sh",28,8,1,0,0,0,0,0,1,1,0,1,0,NA
"AUTOR",4.2,"Sh",28,8,2,0,1,0,0,0,0,1,1,1,0,NA
"AUTOR",4.2,"Sh",28,8,3,0,1,0,0,0,0,1,1,1,0,NA
"AUTOR",35,"Lo",29,8,1,0,1,0,0,0,0,1,1,1,0,NA
"AUTOR",35,"Lo",29,8,2,1,0,1,1,2,0,2,0,2,0,NA
"AUTOR",35,"Lo",29,8,3,1,1,1,1,1,0,3,1,3,0,NA
"AUTOR",35,"Lo",29,8,4,0,0,1,1,3,0,1,1,1,0,NA
"AUTOR",35,"Lo",29,8,5,1,1,2,0,0,0,4,2,4,0,NA
"AUTOR",35,"Lo",29,8,6,1,0,1,1,2,0,2,1,2,0,NA
"AUTOR",35,"Lo",29,8,7,1,3,0,0,0,0,4,2,4,0,NA
"AUTOR",35,"Lo",29,8,8,1,1,1,0,0,0,3,2,3,0,NA
"AUTOR",35,"Lo",29,8,9,1,2,1,1,3,0,4,2,4,0,NA
"AUTOR",35,"Lo",29,8,10,1,1,0,0,0,0,2,1,2,0,NA
"AUTOR",35,"Lo",29,8,11,0,0,1,0,0,0,1,1,1,0,NA
"AUTOR",35,"Lo",29,8,12,1,2,0,0,0,0,4,0,3,1,"V"
"AUTOR",49.6,"VLo",30,8,1,0,1,0,0,0,0,1,0,1,0,NA
"AUTOR",49.6,"VLo",30,8,2,0,0,0,0,0,1,1,0,1,0,NA
"AUTOR",49.6,"VLo",30,8,3,0,0,1,1,1,0,1,1,1,0,NA
"AUTOR",49.6,"VLo",30,8,4,1,0,0,0,0,0,1,1,1,0,NA
"AUTOR",49.6,"VLo",30,8,5,1,2,3,1,1,0,6,2,6,0,NA
"AUTOR",49.6,"VLo",30,8,6,0,1,0,0,0,0,1,1,1,0,NA
"AUTOR",49.6,"VLo",30,8,7,0,0,1,1,3,0,1,1,1,0,NA
"AUTOR",49.6,"VLo",30,8,8,0,0,1,1,1,0,1,1,1,0,NA
"AUTOR",49.6,"VLo",30,8,9,0,0,1,1,3,0,1,1,1,0,NA
"AUTOR",49.6,"VLo",30,8,10,0,0,1,1,3,0,1,1,1,0,NA
"AUTOR",49.6,"VLo",30,8,11,0,0,1,1,3,0,1,1,1,0,NA
"AUTOR",49.6,"VLo",30,8,12,0,0,1,1,3,0,1,1,1,0,NA
"AUTOR",49.6,"VLo",30,8,13,0,0,1,1,5,0,1,1,1,0,NA
"AUTOR",49.6,"VLo",30,8,14,0,1,0,0,0,0,1,1,1,0,NA
"AUTOR",49.6,"VLo",30,8,15,0,1,0,0,0,0,1,1,1,0,NA
"AUTOR",49.6,"VLo",30,8,16,0,1,0,0,0,0,1,1,1,0,NA
"AUTOR",49.6,"VLo",30,8,17,0,1,0,0,0,0,2,0,1,1,"V"
"AUTOR",3,"Sh",31,8,1,0,0,0,0,0,1,1,0,1,0,NA
"AUTOR",3,"Sh",31,8,2,1,1,0,0,0,0,2,1,2,0,NA
"AUTOR",3,"Sh",31,8,3,0,2,0,0,0,0,3,0,2,1,"C"
"AUTOR",15.6,"Me",32,8,1,0,1,0,0,0,0,1,0,1,0,NA
"AUTOR",15.6,"Me",32,8,2,1,1,0,0,0,0,2,2,2,0,NA
"AUTOR",15.6,"Me",32,8,3,1,2,2,0,0,0,5,1,5,0,NA
"AUTOR",15.6,"Me",32,8,4,0,0,1,0,0,0,1,1,1,0,NA
"AUTOR",15.6,"Me",32,8,5,0,0,1,1,2,0,1,1,1,0,NA
"AUTOR",15.6,"Me",32,8,6,0,0,1,0,0,0,1,1,1,0,NA
"AUTOR",15.6,"Me",32,8,7,1,0,0,1,3,0,2,0,1,1,"M"
"AUTOR",4,"Sh",33,8,1,0,0,1,0,0,0,1,1,1,0,NA
"AUTOR",4,"Sh",33,8,2,0,1,0,0,0,0,1,1,1,0,NA
"AUTOR",12.2,"Me",34,8,1,0,0,1,0,0,0,1,1,1,0,NA
"AUTOR",12.2,"Me",34,8,2,0,1,0,0,0,0,1,1,1,0,NA
"AUTOR",12.2,"Me",34,8,3,0,0,1,1,1,0,1,1,1,0,NA
"AUTOR",12.2,"Me",34,8,4,0,0,1,0,0,0,1,1,1,0,NA
"AUTOR",12.2,"Me",34,8,5,1,0,4,0,0,0,5,2,5,0,NA
"AUTOR",12.2,"Me",34,8,6,1,1,2,1,6,0,5,1,4,1,"M"
"AUTOR",2,"Sh",35,8,1,0,1,0,0,0,0,1,0,1,0,NA
"AUTOR",27.6,"Lo",36,8,1,0,0,1,1,1,0,1,1,1,0,NA
"AUTOR",27.6,"Lo",36,8,2,1,0,4,2,4,0,5,2,5,0,NA
"AUTOR",27.6,"Lo",36,8,3,1,3,0,0,0,0,4,2,4,0,NA
"AUTOR",27.6,"Lo",36,8,4,0,0,1,1,3,0,1,1,1,0,NA
"AUTOR",27.6,"Lo",36,8,5,0,0,1,1,3,0,1,1,1,0,NA
"AUTOR",27.6,"Lo",36,8,6,0,0,1,1,4,0,1,1,1,0,NA
"AUTOR",27.6,"Lo",36,8,7,0,0,1,1,3,0,1,1,1,0,NA
"AUTOR",27.6,"Lo",36,8,8,0,0,1,1,3,0,1,1,1,0,NA
"AUTOR",18.2,"Me",37,8,1,0,0,1,0,0,0,1,1,1,0,NA
"AUTOR",18.2,"Me",37,8,2,0,2,0,0,0,0,2,1,2,0,NA
"AUTOR",18.2,"Me",37,8,3,0,0,1,1,2,0,1,1,1,0,NA
"AUTOR",18.2,"Me",37,8,4,0,0,1,1,2,0,1,1,1,0,NA
"AUTOR",18.2,"Me",37,8,5,0,0,1,1,2,0,1,1,1,0,NA
"AUTOR",18.2,"Me",37,8,6,0,0,1,1,4,0,1,1,1,0,NA
"AUTOR",36.5,"Lo",38,8,1,0,1,0,0,0,0,1,1,1,0,NA
"AUTOR",36.5,"Lo",38,8,2,0,0,1,1,3,0,1,1,1,0,NA
"AUTOR",36.5,"Lo",38,8,3,0,0,1,1,3,0,1,1,1,0,NA
"AUTOR",36.5,"Lo",38,8,4,1,0,6,1,2,0,7,2,7,0,NA
"AUTOR",36.5,"Lo",38,8,5,0,1,0,0,0,0,1,1,1,0,NA
"AUTOR",36.5,"Lo",38,8,6,0,0,1,1,3,0,1,1,1,0,NA
"AUTOR",36.5,"Lo",38,8,7,0,0,1,1,2,0,1,1,1,0,NA
"AUTOR",36.5,"Lo",38,8,8,0,0,1,1,3,0,1,1,1,0,NA
"AUTOR",36.5,"Lo",38,8,9,0,1,0,0,0,0,1,1,1,0,NA
"AUTOR",36.5,"Lo",38,8,10,0,1,0,0,0,0,2,0,1,1,"V"
"AUTOR",18,"Me",40,9,1,0,1,0,0,0,0,1,0,1,0,NA
"AUTOR",18,"Me",40,9,2,0,0,0,0,0,1,1,0,1,0,NA
"AUTOR",18,"Me",40,9,3,0,0,0,0,0,1,1,0,1,0,NA
"AUTOR",18,"Me",40,9,4,0,1,0,0,0,0,1,0,1,0,NA
"AUTOR",18,"Me",40,9,5,1,1,0,0,0,0,2,2,2,0,NA
"AUTOR",18,"Me",40,9,6,1,2,1,0,0,0,4,2,4,0,NA
"AUTOR",18,"Me",40,9,7,0,1,1,1,3,0,2,1,2,0,NA
"AUTOR",18,"Me",40,9,8,0,0,1,0,0,0,1,1,1,0,NA
"AUTOR",5.5,"Me",41,9,1,1,0,0,0,0,0,1,0,1,0,NA
"AUTOR",5.5,"Me",41,9,2,0,0,1,0,0,0,1,1,1,0,NA
"AUTOR",5.5,"Me",41,9,3,1,2,0,0,0,0,3,1,3,0,NA
"AUTOR",5.5,"Me",41,9,4,1,1,1,1,1,0,3,1,3,0,NA
"AUTOR",5.5,"Me",41,9,5,0,0,1,0,0,0,1,1,1,0,NA
"AUTOR",7,"Me",42,9,1,0,1,0,0,0,0,1,0,1,0,NA
"AUTOR",7,"Me",42,9,2,0,0,0,0,0,1,1,0,1,0,NA
"AUTOR",7,"Me",42,9,3,0,0,1,0,0,0,1,1,1,0,NA
"AUTOR",7,"Me",42,9,4,1,3,0,0,0,0,4,1,4,0,NA
"AUTOR",7,"Me",42,9,5,1,0,5,0,0,0,7,0,6,1,"M"
"AUTOR",42.6,"VLo",44,9,1,0,1,0,0,0,0,1,1,1,0,NA
"AUTOR",42.6,"VLo",44,9,2,0,1,0,0,0,0,1,0,1,0,NA
"AUTOR",42.6,"VLo",44,9,3,0,0,1,1,1,0,1,1,1,0,NA
"AUTOR",42.6,"VLo",44,9,4,1,2,0,0,0,0,3,1,3,0,NA
"AUTOR",42.6,"VLo",44,9,5,0,0,1,1,2,0,1,1,1,0,NA
"AUTOR",42.6,"VLo",44,9,6,0,1,0,0,0,0,1,1,1,0,NA
"AUTOR",42.6,"VLo",44,9,7,0,0,1,1,2,0,1,1,1,0,NA
"AUTOR",42.6,"VLo",44,9,8,0,0,1,0,0,0,1,1,1,0,NA
"AUTOR",42.6,"VLo",44,9,9,0,0,1,1,3,0,1,1,1,0,NA
"AUTOR",42.6,"VLo",44,9,10,0,0,1,1,3,0,1,1,1,0,NA
"AUTOR",42.6,"VLo",44,9,11,0,0,1,1,3,0,1,1,1,0,NA
"AUTOR",42.6,"VLo",44,9,12,0,0,1,1,2,0,1,1,1,0,NA
"AUTOR",42.6,"VLo",44,9,13,0,0,1,0,0,0,1,1,1,0,NA
"AUTOR",42.6,"VLo",44,9,14,1,2,3,0,0,0,7,0,6,1,"V"
"AUTOR",34,"Lo",45,9,1,0,1,0,0,0,0,1,0,1,0,NA
"AUTOR",34,"Lo",45,9,2,0,0,1,0,0,0,1,0,1,0,NA
"AUTOR",34,"Lo",45,9,3,0,0,1,0,0,0,1,1,1,0,NA
"AUTOR",34,"Lo",45,9,4,1,1,0,0,0,0,2,1,2,0,NA
"AUTOR",34,"Lo",45,9,5,0,1,0,0,0,0,1,1,1,0,NA
"AUTOR",34,"Lo",45,9,6,0,0,1,1,2,0,1,1,1,0,NA
"AUTOR",34,"Lo",45,9,7,0,0,1,1,2,0,1,1,1,0,NA
"AUTOR",34,"Lo",45,9,8,0,0,1,1,3,0,1,1,1,0,NA
"AUTOR",34,"Lo",45,9,9,0,0,1,1,3,0,1,1,1,0,NA
"AUTOR",34,"Lo",45,9,10,0,0,1,1,3,0,1,1,1,0,NA
"AUTOR",34,"Lo",45,9,11,0,0,1,1,4,0,1,1,1,0,NA
"AUTOR",34,"Lo",45,9,12,0,0,1,1,4,0,1,1,1,0,NA
"AUTOR",34,"Lo",45,9,13,0,0,1,0,0,0,2,0,1,1,"M"
"AUTOR",43,"VLo",46,9,1,0,0,1,0,0,0,1,0,1,0,NA
"AUTOR",43,"VLo",46,9,2,0,0,1,0,0,0,1,1,1,0,NA
"AUTOR",43,"VLo",46,9,3,0,0,0,0,0,1,1,1,1,0,NA
"AUTOR",43,"VLo",46,9,4,0,0,1,0,0,0,1,1,1,0,NA
"AUTOR",43,"VLo",46,9,5,0,0,1,0,0,0,1,1,1,0,NA
"AUTOR",43,"VLo",46,9,6,1,0,2,0,0,0,3,1,3,0,NA
"AUTOR",43,"VLo",46,9,7,0,1,0,0,0,0,1,1,1,0,NA
"AUTOR",43,"VLo",46,9,8,0,0,1,0,0,0,1,1,1,0,NA
"AUTOR",43,"VLo",46,9,9,0,0,1,0,0,0,1,1,1,0,NA
"AUTOR",43,"VLo",46,9,10,0,0,1,0,0,0,1,1,1,0,NA
"AUTOR",43,"VLo",46,9,11,1,2,1,0,0,0,4,3,4,0,NA
"AUTOR",43,"VLo",46,9,12,0,1,0,0,0,0,1,1,1,0,NA
"AUTOR",43,"VLo",46,9,13,0,0,1,0,0,0,1,1,1,0,NA
"AUTOR",43,"VLo",46,9,14,0,1,0,0,0,0,1,1,1,0,NA
"AUTOR",43,"VLo",46,9,15,1,1,0,0,0,0,2,1,2,0,NA
"AUTOR",43,"VLo",46,9,16,0,0,1,0,0,0,1,1,1,0,NA
"AUTOR",43,"VLo",46,9,17,0,0,1,0,0,0,1,1,1,0,NA
"AUTOR",43,"VLo",46,9,18,0,1,0,0,0,0,2,0,1,1,"C"
"AUTOR",52,"VLo",47,9,1,0,1,0,0,0,0,1,1,1,0,NA
"AUTOR",52,"VLo",47,9,2,0,0,0,0,0,1,1,1,1,0,NA
"AUTOR",52,"VLo",47,9,3,0,0,0,0,0,1,1,1,1,0,NA
"AUTOR",52,"VLo",47,9,4,0,0,0,0,0,1,1,1,1,0,NA
"AUTOR",52,"VLo",47,9,5,0,0,1,1,4,0,1,1,1,0,NA
"AUTOR",52,"VLo",47,9,6,0,0,2,1,3,0,2,2,2,0,NA
"AUTOR",52,"VLo",47,9,7,1,3,0,0,0,0,4,1,4,0,NA
"AUTOR",52,"VLo",47,9,8,0,0,1,1,4,0,1,1,1,0,NA
"AUTOR",52,"VLo",47,9,9,0,0,1,0,0,0,1,1,1,0,NA
"AUTOR",52,"VLo",47,9,10,1,3,0,0,0,0,4,2,4,0,NA
"AUTOR",52,"VLo",47,9,11,0,0,1,0,0,0,1,1,1,0,NA
"AUTOR",52,"VLo",47,9,12,1,2,1,1,2,0,4,3,4,0,NA
"AUTOR",52,"VLo",47,9,13,0,1,0,0,0,0,1,1,1,0,NA
"AUTOR",52,"VLo",47,9,14,0,0,2,1,3,0,2,1,2,0,NA
"AUTOR",52,"VLo",47,9,15,0,0,1,1,3,0,1,1,1,0,NA
"AUTOR",52,"VLo",47,9,16,1,1,1,1,3,0,3,1,3,0,NA
"AUTOR",52,"VLo",47,9,17,0,0,1,1,2,0,1,1,1,0,NA
"AUTOR",52,"VLo",47,9,18,0,0,1,1,4,0,1,1,1,0,NA
"AUTOR",52,"VLo",47,9,19,1,1,3,0,0,0,6,0,5,1,"M"
"AUTOR",4.5,"Sh",48,9,1,0,0,0,0,0,1,1,0,1,0,NA
"AUTOR",4.5,"Sh",48,9,2,0,0,0,0,0,1,1,0,1,0,NA
"AUTOR",4.5,"Sh",48,9,3,0,0,0,0,0,1,1,0,1,0,NA
"AUTOR",4.5,"Sh",48,9,4,0,0,0,0,0,1,1,0,1,0,NA
"AUTOR",4.5,"Sh",48,9,5,1,1,2,2,5,0,5,1,4,1,"M"
"AUTOR",25,"Lo",49,9,1,0,1,0,0,0,0,1,0,1,0,NA
"AUTOR",25,"Lo",49,9,2,0,0,0,0,0,1,1,0,1,0,NA
"AUTOR",25,"Lo",49,9,3,0,0,0,0,0,1,1,0,1,0,NA
"AUTOR",25,"Lo",49,9,4,0,0,0,0,0,1,1,0,1,0,NA
"AUTOR",25,"Lo",49,9,5,1,2,0,0,0,0,3,2,3,0,NA
"AUTOR",25,"Lo",49,9,6,0,0,1,1,1,0,1,1,1,0,NA
"AUTOR",25,"Lo",49,9,7,1,1,2,0,0,0,4,2,4,0,NA
"AUTOR",25,"Lo",49,9,8,0,0,1,1,1,0,1,1,1,0,NA
"AUTOR",25,"Lo",49,9,9,0,0,1,1,3,0,1,1,1,0,NA
"AUTOR",25,"Lo",49,9,10,0,0,1,1,4,0,1,1,1,0,NA
"AUTOR",25,"Lo",49,9,11,0,1,0,0,0,0,2,0,1,1,"C"
"AUTOR",19,"Me",50,9,1,0,0,0,0,0,1,1,0,1,0,NA
"AUTOR",19,"Me",50,9,2,0,0,0,0,0,1,1,0,1,0,NA
"AUTOR",19,"Me",50,9,3,0,0,0,0,0,1,1,0,1,0,NA
"AUTOR",19,"Me",50,9,4,0,1,0,0,0,0,1,1,1,0,NA
"AUTOR",19,"Me",50,9,5,1,0,2,1,3,0,3,1,3,0,NA
"AUTOR",19,"Me",50,9,6,0,0,1,1,4,0,1,1,1,0,NA
"AUTOR",19,"Me",50,9,7,1,1,0,1,2,0,3,1,2,1,"M"
"AUTOR",4.5,"Sh",51,9,1,0,0,0,0,0,1,1,0,1,0,NA
"AUTOR",4.5,"Sh",51,9,2,0,0,0,0,0,1,1,0,1,0,NA
"AUTOR",4.5,"Sh",51,9,3,0,1,0,0,0,0,2,0,1,1,"C"
"AUTOR",2,"Sh",52,9,1,0,1,0,0,0,0,1,1,1,0,NA
"AUTOR",54,"VLo",53,9,1,0,0,0,0,0,1,1,0,1,0,NA
"AUTOR",54,"VLo",53,9,2,0,0,0,0,0,1,1,1,1,0,NA
"AUTOR",54,"VLo",53,9,3,0,0,0,0,0,1,1,0,1,0,NA
"AUTOR",54,"VLo",53,9,4,0,0,0,0,0,1,1,0,1,0,NA
"AUTOR",54,"VLo",53,9,5,0,0,1,0,0,0,1,1,1,0,NA
"AUTOR",54,"VLo",53,9,6,1,0,1,1,1,0,2,2,2,0,NA
"AUTOR",54,"VLo",53,9,7,0,0,1,1,3,0,1,1,1,0,NA
"AUTOR",54,"VLo",53,9,8,0,0,1,1,4,0,1,1,1,0,NA
"AUTOR",54,"VLo",53,9,9,0,0,1,1,3,0,1,1,1,0,NA
"AUTOR",54,"VLo",53,9,10,0,0,1,1,3,0,1,1,1,0,NA
"AUTOR",54,"VLo",53,9,11,0,0,1,1,4,0,1,1,1,0,NA
"AUTOR",54,"VLo",53,9,12,0,0,1,1,5,0,1,1,1,0,NA
"AUTOR",54,"VLo",53,9,13,0,0,1,1,4,0,1,1,1,0,NA
"AUTOR",54,"VLo",53,9,14,0,0,1,1,5,0,1,1,1,0,NA
"AUTOR",8.5,"Me",54,9,1,0,1,0,0,0,0,1,1,1,0,NA
"AUTOR",8.5,"Me",54,9,2,0,0,0,0,0,1,1,1,1,0,NA
"AUTOR",8.5,"Me",54,9,3,0,0,1,1,3,0,1,1,1,0,NA
"AUTOR",8.5,"Me",54,9,4,0,0,0,0,0,1,1,0,1,0,NA
"AUTOR",8.5,"Me",54,9,5,1,2,2,1,3,0,5,2,5,0,NA
"AUTOR",8.5,"Me",54,9,6,1,0,3,0,0,0,4,1,4,0,NA
"AUTOR",6,"Me",55,9,1,0,1,0,0,0,0,1,0,1,0,NA
"AUTOR",6,"Me",55,9,2,0,1,0,0,0,0,1,1,1,0,NA
"AUTOR",6,"Me",55,9,3,0,1,0,0,0,0,1,1,1,0,NA
"AUTOR",6,"Me",55,9,4,0,0,1,1,3,0,1,1,1,0,NA
"AUTOR",10.2,"Me",56,9,1,0,0,0,0,0,1,1,0,1,0,NA
"AUTOR",10.2,"Me",56,9,2,0,1,0,0,0,0,1,1,1,0,NA
"AUTOR",10.2,"Me",56,9,3,0,0,0,0,0,1,1,0,1,0,NA
"AUTOR",10.2,"Me",56,9,4,0,1,1,1,2,0,2,1,2,0,NA
"AUTOR",10.2,"Me",56,9,5,1,2,1,1,3,0,4,2,4,0,NA
"AUTOR",10.2,"Me",56,9,6,1,0,2,0,0,0,3,1,3,0,NA
"AUTOR",10.2,"Me",56,9,7,0,0,2,0,0,0,2,1,2,0,NA
"AUTOR",12,"Me",57,9,1,0,0,0,0,0,1,1,0,1,0,NA
"AUTOR",12,"Me",57,9,2,0,0,0,0,0,1,1,0,1,0,NA
"AUTOR",12,"Me",57,9,3,0,0,0,0,0,1,1,0,1,0,NA
"AUTOR",12,"Me",57,9,4,0,0,1,0,0,0,1,1,1,0,NA
"AUTOR",12,"Me",57,9,5,1,2,3,1,2,0,6,2,6,0,NA
"AUTOR",12,"Me",57,9,6,1,0,1,1,4,0,3,1,2,1,"M"
"AUTOR",2,"Sh",58,9,1,0,0,0,0,0,1,1,1,1,0,NA
"AUTOR",2,"Sh",58,9,2,1,0,1,1,1,0,2,1,2,0,NA
"AUTOR",54,"VLo",59,9,1,0,0,0,0,0,1,1,0,1,0,NA
"AUTOR",54,"VLo",59,9,2,0,0,0,0,0,1,1,0,1,0,NA
"AUTOR",54,"VLo",59,9,3,0,0,0,0,0,1,1,0,1,0,NA
"AUTOR",54,"VLo",59,9,4,0,0,0,0,0,1,1,0,1,0,NA
"AUTOR",54,"VLo",59,9,5,0,0,0,0,0,1,1,0,1,0,NA
"AUTOR",54,"VLo",59,9,6,1,0,2,0,0,0,3,2,3,0,NA
"AUTOR",54,"VLo",59,9,7,0,0,2,2,3,0,2,1,2,0,NA
"AUTOR",54,"VLo",59,9,8,0,1,0,0,0,0,1,1,1,0,NA
"AUTOR",54,"VLo",59,9,9,0,0,1,0,0,0,1,1,1,0,NA
"AUTOR",54,"VLo",59,9,10,0,0,1,1,5,0,1,1,1,0,NA
"AUTOR",54,"VLo",59,9,11,0,0,1,1,3,0,1,1,1,0,NA
"AUTOR",54,"VLo",59,9,12,0,1,1,1,2,0,2,1,2,0,NA
"AUTOR",54,"VLo",59,9,13,0,0,1,0,0,0,1,1,1,0,NA
"AUTOR",54,"VLo",59,9,14,0,1,1,1,1,0,2,1,2,0,NA
"AUTOR",54,"VLo",59,9,15,0,2,0,0,0,0,2,2,2,0,NA
"AUTOR",54,"VLo",59,9,16,0,1,0,0,0,0,1,1,1,0,NA
"AUTOR",54,"VLo",59,9,17,0,0,1,0,0,0,1,1,1,0,NA
"AUTOR",54,"VLo",59,9,18,0,1,0,0,0,0,1,1,1,0,NA
"AUTOR",54,"VLo",59,9,19,0,1,0,0,0,0,1,1,1,0,NA
"AUTOR",54,"VLo",59,9,20,1,2,0,0,0,0,3,2,3,0,NA
"AUTOR",54,"VLo",59,9,21,0,1,0,0,0,0,1,1,1,0,NA
"AUTOR",3,"Sh",60,9,1,0,0,0,0,0,1,1,0,1,0,NA
"AUTOR",3,"Sh",60,9,2,0,1,0,0,0,0,1,1,1,0,NA
"AUTOR",3,"Sh",60,9,3,0,2,0,0,0,0,3,0,2,1,"C"
"AUTOR",46,"VLo",61,9,1,0,1,0,0,0,0,1,0,1,0,NA
"AUTOR",46,"VLo",61,9,2,0,1,0,0,0,0,1,1,1,0,NA
"AUTOR",46,"VLo",61,9,3,0,1,0,0,0,0,1,1,1,0,NA
"AUTOR",46,"VLo",61,9,4,0,1,0,0,0,0,1,1,1,0,NA
"AUTOR",46,"VLo",61,9,5,0,1,0,0,0,0,1,1,1,0,NA
"AUTOR",46,"VLo",61,9,6,0,1,0,0,0,0,1,1,1,0,NA
"AUTOR",46,"VLo",61,9,7,0,1,0,0,0,0,1,1,1,0,NA
"AUTOR",46,"VLo",61,9,8,0,1,0,0,0,0,1,1,1,0,NA
"AUTOR",46,"VLo",61,9,9,0,1,1,1,4,0,2,1,2,0,NA
"AUTOR",46,"VLo",61,9,10,0,1,0,0,0,0,1,1,1,0,NA
"AUTOR",46,"VLo",61,9,11,0,1,1,1,5,0,2,1,2,0,NA
"AUTOR",46,"VLo",61,9,12,0,0,1,0,0,0,1,1,1,0,NA
"AUTOR",46,"VLo",61,9,13,0,1,1,1,5,0,2,1,2,0,NA
"AUTOR",46,"VLo",61,9,14,0,0,1,0,0,0,1,1,1,0,NA
"AUTOR",46,"VLo",61,9,15,0,1,1,1,4,0,2,1,2,0,NA
"AUTOR",46,"VLo",61,9,16,0,0,1,0,0,0,1,1,1,0,NA
"AUTOR",46,"VLo",61,9,17,0,1,0,0,0,0,1,1,1,0,NA
"AUTOR",46,"VLo",61,9,18,0,0,1,0,0,0,1,1,1,0,NA
"AUTOR",46,"VLo",61,9,19,0,1,0,0,0,0,1,1,1,0,NA
"AUTOR",46,"VLo",61,9,20,0,1,0,0,0,0,2,0,1,1,"V"
"AUTOR",9,"Me",62,9,1,0,0,1,0,0,0,1,0,1,0,NA
"AUTOR",9,"Me",62,9,2,0,1,0,0,0,0,1,0,1,0,NA
"AUTOR",9,"Me",62,9,3,0,0,0,0,0,1,1,1,1,0,NA
"AUTOR",9,"Me",62,9,4,0,0,1,1,6,0,1,0,1,0,NA
"AUTOR",9,"Me",62,9,5,1,1,0,0,0,0,2,1,2,0,NA
"AUTOR",9,"Me",62,9,6,0,0,1,0,0,0,1,1,1,0,NA
"AUTOR",9,"Me",62,9,7,0,0,1,0,0,0,1,1,1,0,NA
"AUTOR",4.8,"Sh",63,9,1,1,0,0,0,0,0,1,1,1,0,NA
"AUTOR",4.8,"Sh",63,9,2,0,1,0,0,0,0,1,1,1,0,NA
"AUTOR",4.8,"Sh",63,9,3,1,0,2,2,3,0,4,1,3,1,"M"
"AUTOR",28,"Lo",64,9,1,0,1,0,0,0,0,1,0,1,0,NA
"AUTOR",28,"Lo",64,9,2,0,0,0,0,0,1,1,1,1,0,NA
"AUTOR",28,"Lo",64,9,3,0,0,0,0,0,1,1,0,1,0,NA
"AUTOR",28,"Lo",64,9,4,0,1,0,0,0,0,1,0,1,0,NA
"AUTOR",28,"Lo",64,9,5,1,3,0,0,0,0,4,1,4,0,NA
"AUTOR",28,"Lo",64,9,6,1,0,3,1,1,0,4,2,4,0,NA
"AUTOR",28,"Lo",64,9,7,1,3,0,0,0,0,4,2,4,0,NA
"AUTOR",28,"Lo",64,9,8,1,1,0,0,0,0,2,1,2,0,NA
"AUTOR",28,"Lo",64,9,9,0,0,1,1,2,0,1,1,1,0,NA
"AUTOR",28,"Lo",64,9,10,0,0,0,0,0,1,1,0,1,0,NA
"AUTOR",28,"Lo",64,9,11,0,0,1,1,2,0,1,1,1,0,NA
"AUTOR",28,"Lo",64,9,12,0,0,1,0,0,0,1,1,1,0,NA
"AUTOR",28,"Lo",64,9,13,0,0,1,0,0,0,1,1,1,0,NA
"AUTOR",28,"Lo",64,9,14,0,1,0,0,0,0,1,1,1,0,NA
"AUTOR",28,"Lo",64,9,15,0,1,0,0,0,0,1,1,1,0,NA
"AUTOR",10,"Me",65,9,1,0,0,1,0,0,0,1,0,1,0,NA
"AUTOR",10,"Me",65,9,2,0,0,0,0,0,1,1,0,1,0,NA
"AUTOR",10,"Me",65,9,3,0,0,0,0,0,1,1,0,1,0,NA
"AUTOR",10,"Me",65,9,4,0,0,0,0,0,1,1,0,1,0,NA
"AUTOR",10,"Me",65,9,5,1,0,3,0,0,0,4,2,4,0,NA
"AUTOR",10,"Me",65,9,6,1,0,4,0,0,0,6,0,5,1,"M"
"AUTOR",58,"VLo",66,9,1,0,1,0,0,0,0,1,0,1,0,NA
"AUTOR",58,"VLo",66,9,2,0,1,0,0,0,0,1,0,1,0,NA
"AUTOR",58,"VLo",66,9,3,0,0,0,0,0,1,1,0,1,0,NA
"AUTOR",58,"VLo",66,9,4,0,0,0,0,0,1,1,0,1,0,NA
"AUTOR",58,"VLo",66,9,5,0,0,0,0,0,1,1,0,1,0,NA
"AUTOR",58,"VLo",66,9,6,0,0,0,0,0,1,1,1,1,0,NA
"AUTOR",58,"VLo",66,9,7,1,2,2,0,0,0,5,1,5,0,NA
"AUTOR",58,"VLo",66,9,8,0,0,1,1,2,0,1,1,1,0,NA
"AUTOR",58,"VLo",66,9,9,0,0,1,1,4,0,1,1,1,0,NA
"AUTOR",58,"VLo",66,9,10,0,0,0,0,0,1,1,1,1,0,NA
"AUTOR",58,"VLo",66,9,11,0,0,1,1,5,0,1,1,1,0,NA
"AUTOR",58,"VLo",66,9,12,0,0,1,1,5,0,1,1,1,0,NA
"AUTOR",58,"VLo",66,9,13,0,0,1,1,4,0,1,1,1,0,NA
"AUTOR",58,"VLo",66,9,14,0,0,1,1,4,0,1,1,1,0,NA
"AUTOR",58,"VLo",66,9,15,0,0,1,1,4,0,1,1,1,0,NA
"AUTOR",58,"VLo",66,9,16,0,0,1,1,3,0,1,1,1,0,NA
"AUTOR",58,"VLo",66,9,17,0,0,1,1,5,0,1,1,1,0,NA
"AUTOR",58,"VLo",66,9,18,0,0,1,1,5,0,1,1,1,0,NA
"AUTOR",58,"VLo",66,9,19,0,1,0,0,0,0,2,0,1,1,"V"
"AUTOR",26.5,"Lo",67,9,1,0,1,0,0,0,0,1,0,1,0,NA
"AUTOR",26.5,"Lo",67,9,2,0,0,0,0,0,1,1,0,1,0,NA
"AUTOR",26.5,"Lo",67,9,3,0,0,0,0,0,1,1,0,1,0,NA
"AUTOR",26.5,"Lo",67,9,4,1,3,0,0,0,0,4,2,4,0,NA
"AUTOR",26.5,"Lo",67,9,5,1,1,2,1,3,0,4,2,4,0,NA
"AUTOR",26.5,"Lo",67,9,6,0,0,1,1,3,0,1,1,1,0,NA
"AUTOR",26.5,"Lo",67,9,7,0,0,1,1,2,0,1,1,1,0,NA
"AUTOR",26.5,"Lo",67,9,8,0,0,1,1,5,0,1,1,1,0,NA
"AUTOR",26.5,"Lo",67,9,9,0,0,1,1,3,0,1,1,1,0,NA
"AUTOR",26.5,"Lo",67,9,10,0,0,1,1,3,0,1,1,1,0,NA
"AUTOR",26.5,"Lo",67,9,11,1,2,0,0,0,0,3,1,3,0,NA
"AUTOR",26.5,"Lo",68,9,1,0,0,0,0,0,1,1,0,1,0,NA
"AUTOR",26.5,"Lo",68,9,2,0,0,0,0,0,1,1,0,1,0,NA
"AUTOR",26.5,"Lo",68,9,3,0,0,0,0,0,1,1,0,1,0,NA
"AUTOR",26.5,"Lo",68,9,4,0,1,0,0,0,0,1,1,1,0,NA
"AUTOR",26.5,"Lo",68,9,5,1,2,1,0,0,0,4,2,4,0,NA
"AUTOR",26.5,"Lo",68,9,6,1,0,3,2,6,0,4,1,4,0,NA
"AUTOR",26.5,"Lo",68,9,7,0,1,0,0,0,0,1,1,1,0,NA
"AUTOR",26.5,"Lo",68,9,8,0,0,1,1,4,0,1,1,1,0,NA
"AUTOR",26.5,"Lo",68,9,9,0,0,1,1,3,0,1,1,1,0,NA
"AUTOR",26.5,"Lo",68,9,10,0,0,1,0,0,0,1,1,1,0,NA
"AUTOR",26.5,"Lo",68,9,11,1,0,0,0,0,0,1,1,1,0,NA
"AUTOR",26.5,"Lo",68,9,12,0,1,0,0,0,0,1,1,1,0,NA
"AUTOR",6.5,"Me",69,9,1,0,0,0,0,0,1,1,1,1,0,NA
"AUTOR",6.5,"Me",69,9,2,0,0,1,0,0,0,1,1,1,0,NA
"AUTOR",6.5,"Me",69,9,3,1,1,2,0,0,0,4,1,4,0,NA
"AUTOR",6.5,"Me",69,9,4,1,0,1,1,1,0,3,0,2,1,"V"
"AUTOR",42,"VLo",70,10,1,0,1,0,0,0,0,1,0,1,0,NA
"AUTOR",42,"VLo",70,10,2,0,0,0,0,0,1,1,1,1,0,NA
"AUTOR",42,"VLo",70,10,3,0,0,0,0,0,1,1,1,1,0,NA
"AUTOR",42,"VLo",70,10,4,0,0,0,0,0,1,1,1,1,0,NA
"AUTOR",42,"VLo",70,10,5,0,1,0,0,0,0,1,0,1,0,NA
"AUTOR",42,"VLo",70,10,6,1,4,0,0,0,0,5,0,5,0,NA
"AUTOR",42,"VLo",70,10,7,1,3,1,1,3,0,5,1,5,0,NA
"AUTOR",42,"VLo",70,10,8,1,2,2,1,2,0,5,2,5,0,NA
"AUTOR",42,"VLo",70,10,9,0,1,0,0,0,0,1,1,1,0,NA
"AUTOR",42,"VLo",70,10,10,0,0,1,1,4,0,1,1,1,0,NA
"AUTOR",42,"VLo",70,10,11,1,2,0,0,0,0,3,2,3,0,NA
"AUTOR",42,"VLo",70,10,12,0,1,0,0,0,0,1,1,1,0,NA
"AUTOR",42,"VLo",70,10,13,0,0,1,0,0,0,1,1,1,0,NA
"AUTOR",42,"VLo",70,10,14,0,0,1,1,4,0,1,1,1,0,NA
"AUTOR",42,"VLo",70,10,15,0,0,1,1,4,0,1,1,1,0,NA
"AUTOR",5,"Sh",71,10,1,0,1,0,0,0,0,1,0,1,0,NA
"AUTOR",5,"Sh",71,10,2,0,0,1,0,0,0,1,1,1,0,NA
"AUTOR",5,"Sh",71,10,3,1,1,0,0,0,0,2,1,2,0,NA
"AUTOR",5,"Sh",71,10,4,1,1,1,0,0,0,3,1,3,0,NA
"AUTOR",5,"Sh",71,10,5,1,0,2,1,4,0,4,0,3,1,"M"
"AUTOR",3,"Sh",72,10,1,0,1,0,0,0,0,1,1,1,0,NA
"AUTOR",3,"Sh",72,10,2,0,1,0,0,0,0,1,1,1,0,NA
"AUTOR",3,"Sh",72,10,3,1,1,0,0,0,0,3,0,2,1,"V"
"AUTOR",38.5,"Lo",73,10,1,0,1,0,0,0,0,1,0,1,0,NA
"AUTOR",38.5,"Lo",73,10,2,0,1,0,0,0,0,1,0,1,0,NA
"AUTOR",38.5,"Lo",73,10,3,0,1,1,0,0,0,2,1,2,0,NA
"AUTOR",38.5,"Lo",73,10,4,0,0,1,0,0,0,1,1,1,0,NA
"AUTOR",38.5,"Lo",73,10,5,1,2,1,0,0,0,4,3,4,0,NA
"AUTOR",38.5,"Lo",73,10,6,1,2,1,0,0,0,4,3,4,0,NA
"AUTOR",38.5,"Lo",73,10,7,0,0,1,0,0,0,1,1,1,0,NA
"AUTOR",38.5,"Lo",73,10,8,0,0,0,0,0,1,1,0,1,0,NA
"AUTOR",38.5,"Lo",73,10,9,0,0,1,0,0,0,1,1,1,0,NA
"AUTOR",38.5,"Lo",73,10,10,0,0,1,0,0,0,1,1,1,0,NA
"AUTOR",38.5,"Lo",73,10,11,0,0,1,0,0,0,1,0,1,0,NA
"AUTOR",38.5,"Lo",73,10,12,0,1,0,0,0,0,1,1,1,0,NA
"AUTOR",38.5,"Lo",73,10,13,0,0,1,0,0,0,1,1,1,0,NA
"AUTOR",38.5,"Lo",73,10,14,0,0,1,0,0,0,1,1,1,0,NA
"AUTOR",14.5,"Me",74,10,1,0,0,0,0,0,1,1,0,1,0,NA
"AUTOR",14.5,"Me",74,10,2,0,0,0,0,0,1,1,0,1,0,NA
"AUTOR",14.5,"Me",74,10,3,0,0,0,0,0,1,1,0,1,0,NA
"AUTOR",14.5,"Me",74,10,4,0,1,0,0,0,0,1,1,1,0,NA
"AUTOR",14.5,"Me",74,10,5,1,1,2,0,0,0,4,2,4,0,NA
"AUTOR",14.5,"Me",74,10,6,1,1,3,0,0,0,5,1,5,0,NA
"AUTOR",14.5,"Me",74,10,7,1,0,0,0,0,0,2,0,1,1,"V"
"AUTOR",35.5,"Lo",75,10,1,0,0,1,0,0,0,1,1,1,0,NA
"AUTOR",35.5,"Lo",75,10,2,0,1,0,0,0,0,1,1,1,0,NA
"AUTOR",35.5,"Lo",75,10,3,0,0,0,0,0,1,1,0,1,0,NA
"AUTOR",35.5,"Lo",75,10,4,1,2,0,0,0,0,3,1,3,0,NA
"AUTOR",35.5,"Lo",75,10,5,1,2,0,0,0,0,3,2,3,0,NA
"AUTOR",35.5,"Lo",75,10,6,1,1,2,0,0,0,4,1,4,0,NA
"AUTOR",35.5,"Lo",75,10,7,1,3,0,0,0,0,4,2,4,0,NA
"AUTOR",35.5,"Lo",75,10,8,0,1,0,0,0,0,1,1,1,0,NA
"AUTOR",35.5,"Lo",75,10,9,0,1,0,0,0,0,1,1,1,0,NA
"AUTOR",35.5,"Lo",75,10,10,0,1,0,0,0,0,1,1,1,0,NA
"AUTOR",35.5,"Lo",75,10,11,0,1,0,0,0,0,1,1,1,0,NA
"AUTOR",35.5,"Lo",75,10,12,0,1,0,0,0,0,1,1,1,0,NA
"AUTOR",35.5,"Lo",75,10,13,0,1,0,0,0,0,1,1,1,0,NA
"AUTOR",35.5,"Lo",75,10,14,0,1,0,0,0,0,1,1,1,0,NA
"AUTOR",35.5,"Lo",75,10,15,0,1,0,0,0,0,1,1,1,0,NA
"AUTOR",13.5,"Me",76,10,1,0,0,1,0,0,0,1,0,1,0,NA
"AUTOR",13.5,"Me",76,10,2,0,0,0,0,0,1,1,0,1,0,NA
"AUTOR",13.5,"Me",76,10,3,0,0,0,0,0,1,1,0,1,0,NA
"AUTOR",13.5,"Me",76,10,4,1,3,0,0,0,0,4,2,4,0,NA
"AUTOR",13.5,"Me",76,10,5,1,1,2,0,0,0,4,2,4,0,NA
"AUTOR",13.5,"Me",76,10,6,1,1,1,1,3,0,3,1,3,0,NA
"AUTOR",13.5,"Me",76,10,7,0,0,1,0,0,0,1,1,1,0,NA
"AUTOR",28,"Lo",77,10,1,0,0,0,0,0,1,1,0,1,0,NA
"AUTOR",28,"Lo",77,10,2,0,0,0,0,0,1,1,0,1,0,NA
"AUTOR",28,"Lo",77,10,3,0,0,0,0,0,1,1,0,1,0,NA
"AUTOR",28,"Lo",77,10,4,0,0,0,0,0,1,1,0,1,0,NA
"AUTOR",28,"Lo",77,10,5,0,2,0,0,0,0,2,1,2,0,NA
"AUTOR",28,"Lo",77,10,6,1,1,0,0,0,0,2,1,2,0,NA
"AUTOR",28,"Lo",77,10,7,0,0,1,1,3,0,1,1,1,0,NA
"AUTOR",28,"Lo",77,10,8,1,1,0,0,0,0,2,1,2,0,NA
"AUTOR",28,"Lo",77,10,9,1,2,0,0,0,0,3,1,3,0,NA
"AUTOR",28,"Lo",77,10,10,0,0,1,1,3,0,1,1,1,0,NA
"AUTOR",28,"Lo",77,10,11,1,2,0,0,0,0,3,1,3,0,NA
"AUTOR",28,"Lo",77,10,12,0,0,1,1,2,0,1,1,1,0,NA
"AUTOR",28,"Lo",77,10,13,0,0,1,1,3,0,1,1,1,0,NA
"AUTOR",28,"Lo",77,10,14,0,0,1,1,3,0,1,1,1,0,NA
"AUTOR",28,"Lo",77,10,15,0,1,0,0,0,0,1,1,1,0,NA
"AUTOR",28,"Lo",77,10,16,0,1,0,0,0,0,1,1,1,0,NA
"AUTOR",14,"Me",78,10,1,0,0,0,0,0,1,1,0,1,0,NA
"AUTOR",14,"Me",78,10,2,0,0,0,0,0,1,1,0,1,0,NA
"AUTOR",14,"Me",78,10,3,0,0,0,0,0,1,1,0,1,0,NA
"AUTOR",14,"Me",78,10,4,0,0,1,1,1,0,1,0,1,0,NA
"AUTOR",14,"Me",78,10,5,1,1,1,1,1,0,3,2,3,0,NA
"AUTOR",14,"Me",78,10,6,0,0,1,1,4,0,1,1,1,0,NA
"AUTOR",14,"Me",78,10,7,1,0,1,0,0,0,3,0,2,1,"M"
"AUTOR",22,"Lo",79,10,1,0,0,0,0,0,1,1,0,1,0,NA
"AUTOR",22,"Lo",79,10,2,0,0,0,0,0,1,1,0,1,0,NA
"AUTOR",22,"Lo",79,10,3,0,0,0,0,0,1,1,0,1,0,NA
"AUTOR",22,"Lo",79,10,4,0,1,0,0,0,0,1,1,1,0,NA
"AUTOR",22,"Lo",79,10,5,1,0,1,1,3,0,2,1,2,0,NA
"AUTOR",22,"Lo",79,10,6,1,2,3,0,0,0,6,2,6,0,NA
"AUTOR",22,"Lo",79,10,7,1,0,2,1,3,0,3,1,3,0,NA
"AUTOR",22,"Lo",79,10,8,0,0,1,1,2,0,1,1,1,0,NA
"AUTOR",22,"Lo",79,10,9,1,1,1,1,3,0,3,2,3,0,NA
"AUTOR",38,"Lo",80,10,1,0,0,1,0,0,0,1,0,1,0,NA
"AUTOR",38,"Lo",80,10,2,1,0,0,0,0,0,1,0,1,0,NA
"AUTOR",38,"Lo",80,10,3,1,0,0,0,0,0,1,1,1,0,NA
"AUTOR",38,"Lo",80,10,4,0,0,0,0,0,1,1,0,1,0,NA
"AUTOR",38,"Lo",80,10,5,0,1,1,1,1,0,2,2,2,0,NA
"AUTOR",38,"Lo",80,10,6,1,2,2,0,0,0,5,3,5,0,NA
"AUTOR",38,"Lo",80,10,7,1,0,4,2,4,0,5,0,5,0,NA
"AUTOR",38,"Lo",80,10,8,1,1,3,1,3,0,5,1,5,0,NA
"AUTOR",38,"Lo",80,10,9,0,0,1,0,0,0,1,1,1,0,NA
"AUTOR",38,"Lo",80,10,10,1,1,1,1,3,0,3,3,3,0,NA
"AUTOR",38,"Lo",80,10,11,0,1,0,0,0,0,1,1,1,0,NA
"AUTOR",66.5,"VLo",83,10,1,0,1,0,0,0,0,1,1,1,0,NA
"AUTOR",66.5,"VLo",83,10,2,0,1,0,0,0,0,1,1,1,0,NA
"AUTOR",66.5,"VLo",83,10,3,0,0,1,1,2,0,1,1,1,0,NA
"AUTOR",66.5,"VLo",83,10,4,1,1,0,0,0,0,2,1,2,0,NA
"AUTOR",66.5,"VLo",83,10,5,1,3,0,0,0,0,4,2,4,0,NA
"AUTOR",66.5,"VLo",83,10,6,1,3,0,0,0,0,4,3,4,0,NA
"AUTOR",66.5,"VLo",83,10,7,1,2,2,0,0,0,5,2,5,0,NA
"AUTOR",66.5,"VLo",83,10,8,1,0,4,1,3,0,5,2,5,0,NA
"AUTOR",66.5,"VLo",83,10,9,0,1,0,0,0,0,1,1,1,0,NA
"AUTOR",66.5,"VLo",83,10,10,0,0,1,1,4,0,1,1,1,0,NA
"AUTOR",66.5,"VLo",83,10,11,0,0,1,1,3,0,1,1,1,0,NA
"AUTOR",66.5,"VLo",83,10,12,0,0,1,0,0,0,1,1,1,0,NA
"AUTOR",66.5,"VLo",83,10,13,0,1,0,0,0,0,1,1,1,0,NA
"AUTOR",66.5,"VLo",83,10,14,0,1,0,0,0,0,1,1,1,0,NA
"AUTOR",66.5,"VLo",83,10,15,0,1,0,0,0,0,1,1,1,0,NA
"AUTOR",66.5,"VLo",83,10,16,0,2,0,0,0,0,2,1,2,0,NA
"AUTOR",66.5,"VLo",83,10,17,0,2,0,0,0,0,2,1,2,0,NA
"AUTOR",66.5,"VLo",83,10,18,0,2,0,0,0,0,3,0,2,1,"V"
"AUTOR",16,"Me",84,10,1,0,0,0,0,0,1,1,0,1,0,NA
"AUTOR",16,"Me",84,10,2,0,0,0,0,0,1,1,0,1,0,NA
"AUTOR",16,"Me",84,10,3,0,0,0,0,0,1,1,0,1,0,NA
"AUTOR",16,"Me",84,10,4,0,1,0,0,0,0,1,1,1,0,NA
"AUTOR",16,"Me",84,10,5,0,0,0,0,0,1,1,0,1,0,NA
"AUTOR",16,"Me",84,10,6,1,1,2,0,0,0,4,2,4,0,NA
"AUTOR",16,"Me",84,10,7,1,0,0,0,0,0,1,1,1,0,NA
"AUTOR",22.5,"Lo",85,10,1,0,0,0,0,0,1,1,0,1,0,NA
"AUTOR",22.5,"Lo",85,10,2,0,0,0,0,0,1,1,0,1,0,NA
"AUTOR",22.5,"Lo",85,10,3,0,0,0,0,0,1,1,1,1,0,NA
"AUTOR",22.5,"Lo",85,10,4,0,0,0,0,0,1,1,1,1,0,NA
"AUTOR",22.5,"Lo",85,10,5,1,1,1,0,0,0,3,2,3,0,NA
"AUTOR",22.5,"Lo",85,10,6,1,1,1,0,0,0,3,2,3,0,NA
"AUTOR",22.5,"Lo",85,10,7,0,0,2,1,2,0,3,1,2,1,"C"
"AUTOR",45,"VLo",86,10,1,0,0,1,0,0,0,1,1,1,0,NA
"AUTOR",45,"VLo",86,10,2,0,1,0,0,0,0,1,1,1,0,NA
"AUTOR",45,"VLo",86,10,3,0,1,0,0,0,0,1,1,1,0,NA
"AUTOR",45,"VLo",86,10,4,0,1,0,0,0,0,1,1,1,0,NA
"AUTOR",45,"VLo",86,10,5,1,2,1,0,0,0,4,1,4,0,NA
"AUTOR",45,"VLo",86,10,6,1,1,2,0,0,0,4,2,4,0,NA
"AUTOR",45,"VLo",86,10,7,1,0,4,0,0,0,5,2,5,0,NA
"AUTOR",45,"VLo",86,10,8,0,1,0,0,0,0,1,1,1,0,NA
"AUTOR",45,"VLo",86,10,9,0,0,1,0,0,0,1,1,1,0,NA
"AUTOR",45,"VLo",86,10,10,1,2,1,0,0,0,4,2,4,0,NA
"AUTOR",45,"VLo",86,10,11,0,0,1,0,0,0,1,1,1,0,NA
"AUTOR",45,"VLo",86,10,12,0,1,0,0,0,0,1,1,1,0,NA
"AUTOR",45,"VLo",86,10,13,0,1,0,0,0,0,1,1,1,0,NA
"AUTOR",45,"VLo",86,10,14,0,0,1,1,6,0,2,1,1,1,"V"
"AUTOR",4.5,"Sh",88,10,1,0,1,0,0,0,0,1,0,1,0,NA
"AUTOR",4.5,"Sh",88,10,2,0,0,0,0,0,1,1,1,1,0,NA
"AUTOR",4.5,"Sh",88,10,3,1,2,0,0,0,0,3,2,3,0,NA
"AUTOR",41,"VLo",90,10,1,0,0,1,0,0,0,1,0,1,0,NA
"AUTOR",41,"VLo",90,10,2,0,1,0,0,0,0,1,0,1,0,NA
"AUTOR",41,"VLo",90,10,3,0,0,0,0,0,1,1,0,1,0,NA
"AUTOR",41,"VLo",90,10,4,0,1,0,0,0,0,1,0,1,0,NA
"AUTOR",41,"VLo",90,10,5,1,4,1,2,5,0,6,1,6,0,NA
"AUTOR",41,"VLo",90,10,6,1,0,0,0,0,0,1,1,1,0,NA
"AUTOR",41,"VLo",90,10,7,0,1,0,0,0,0,1,1,1,0,NA
"AUTOR",41,"VLo",90,10,8,0,0,1,0,0,0,1,1,1,0,NA
"AUTOR",41,"VLo",90,10,9,1,1,2,0,0,0,4,2,4,0,NA
"AUTOR",41,"VLo",90,10,10,1,2,1,1,2,0,4,3,4,0,NA
"AUTOR",41,"VLo",90,10,11,1,2,1,1,3,0,4,2,4,0,NA
"AUTOR",41,"VLo",90,10,12,1,1,0,0,0,0,2,2,2,0,NA
"AUTOR",41,"VLo",90,10,13,1,1,0,0,0,0,2,1,2,0,NA
"AUTOR",41,"VLo",90,10,14,0,0,1,0,0,0,1,0,1,0,NA
"AUTOR",41,"VLo",90,10,15,0,0,1,0,0,0,1,1,1,0,NA
"AUTOR",41,"VLo",90,10,16,0,0,1,0,0,0,1,1,1,0,NA
"AUTOR",41,"VLo",90,10,17,0,0,1,0,0,0,1,1,1,0,NA
"AUTOR",41,"VLo",90,10,18,1,0,0,0,0,0,1,1,1,0,NA
"AUTOR",2,"Sh",91,10,1,0,1,0,0,0,0,1,0,1,0,NA
"AUTOR",2,"Sh",91,10,2,1,2,0,0,0,0,4,0,3,1,"V"
"AUTOR",18,"Me",92,10,1,0,0,0,0,0,1,1,0,1,0,NA
"AUTOR",18,"Me",92,10,2,0,0,0,0,0,1,1,0,1,0,NA
"AUTOR",18,"Me",92,10,3,0,1,0,0,0,0,1,0,1,0,NA
"AUTOR",18,"Me",92,10,4,0,0,1,1,2,0,1,0,1,0,NA
"AUTOR",18,"Me",92,10,5,1,4,1,0,0,0,6,2,6,0,NA
"AUTOR",18,"Me",92,10,6,1,1,3,0,0,0,5,2,5,0,NA
"AUTOR",4,"Sh",93,10,1,0,0,0,0,0,1,1,0,1,0,NA
"AUTOR",4,"Sh",93,10,2,0,0,0,0,0,1,1,0,1,0,NA
"AUTOR",4,"Sh",93,10,3,0,0,0,0,0,1,1,0,1,0,NA
"AUTOR",4,"Sh",93,10,4,1,1,0,0,0,0,2,1,2,0,NA
"AUTOR",4,"Sh",93,10,5,0,1,1,0,0,0,3,1,2,1,"M"
"AUTOR",3,"Sh",94,10,1,0,0,1,0,0,0,1,0,1,0,NA
"AUTOR",3,"Sh",94,10,2,0,0,0,0,0,1,1,0,1,0,NA
"AUTOR",3,"Sh",94,10,3,0,1,0,0,0,0,1,1,1,0,NA
"AUTOR",3,"Sh",94,10,4,0,1,0,0,0,0,2,1,1,1,"V"
"AUTOR",43.5,"VLo",95,10,1,0,0,1,1,1,0,1,0,1,0,NA
"AUTOR",43.5,"VLo",95,10,2,0,0,0,0,0,1,1,0,1,0,NA
"AUTOR",43.5,"VLo",95,10,3,0,0,0,0,0,1,1,0,1,0,NA
"AUTOR",43.5,"VLo",95,10,4,0,0,0,0,0,1,1,0,1,0,NA
"AUTOR",43.5,"VLo",95,10,5,0,0,1,1,2,0,1,1,1,0,NA
"AUTOR",43.5,"VLo",95,10,6,1,5,2,0,0,0,8,4,8,0,NA
"AUTOR",43.5,"VLo",95,10,7,1,0,3,1,4,0,4,2,4,0,NA
"AUTOR",43.5,"VLo",95,10,8,0,1,1,1,3,0,2,1,2,0,NA
"AUTOR",43.5,"VLo",95,10,9,1,2,1,1,3,0,4,3,4,0,NA
"AUTOR",43.5,"VLo",95,10,10,0,0,1,1,3,0,1,1,1,0,NA
"AUTOR",43.5,"VLo",95,10,11,0,0,1,1,2,0,1,1,1,0,NA
"AUTOR",43.5,"VLo",95,10,12,0,0,1,1,3,0,1,1,1,0,NA
"AUTOR",43.5,"VLo",95,10,13,0,0,1,1,3,0,1,1,1,0,NA
"AUTOR",43.5,"VLo",95,10,14,0,0,1,1,2,0,1,1,1,0,NA
"AUTOR",43.5,"VLo",95,10,15,1,2,1,0,0,0,4,4,4,0,NA
"AUTOR",26,"Lo",97,10,1,0,0,0,0,0,1,1,0,1,0,NA
"AUTOR",26,"Lo",97,10,2,0,0,0,0,0,1,1,0,1,0,NA
"AUTOR",26,"Lo",97,10,3,0,1,0,0,0,0,1,1,1,0,NA
"AUTOR",26,"Lo",97,10,4,1,0,0,0,0,0,1,1,1,0,NA
"AUTOR",26,"Lo",97,10,5,1,1,3,2,4,0,5,1,5,0,NA
"AUTOR",26,"Lo",97,10,6,1,0,2,1,2,0,3,1,3,0,NA
"AUTOR",26,"Lo",97,10,7,0,1,0,0,0,0,1,1,1,0,NA
"AUTOR",26,"Lo",97,10,8,1,1,0,0,0,0,2,1,2,0,NA
"AUTOR",2.5,"Sh",99,10,1,1,0,0,0,0,0,2,0,1,1,"V"
"AUTOR",72,"VLo",100,10,1,0,1,0,0,0,0,1,1,1,0,NA
"AUTOR",72,"VLo",100,10,2,0,1,0,0,0,0,1,1,1,0,NA
"AUTOR",72,"VLo",100,10,3,0,0,0,0,0,1,1,1,1,0,NA
"AUTOR",72,"VLo",100,10,4,0,1,0,0,0,0,1,1,1,0,NA
"AUTOR",72,"VLo",100,10,5,0,2,0,0,0,0,2,1,2,0,NA
"AUTOR",72,"VLo",100,10,6,0,0,2,1,1,0,2,2,2,0,NA
"AUTOR",72,"VLo",100,10,7,0,1,1,0,0,0,2,1,2,0,NA
"AUTOR",72,"VLo",100,10,8,1,2,0,0,0,0,3,1,3,0,NA
"AUTOR",72,"VLo",100,10,9,1,2,2,0,0,0,5,1,5,0,NA
"AUTOR",72,"VLo",100,10,10,0,1,0,0,0,0,1,1,1,0,NA
"AUTOR",72,"VLo",100,10,11,0,1,0,0,0,0,1,1,1,0,NA
"AUTOR",72,"VLo",100,10,12,0,1,0,0,0,0,1,1,1,0,NA
"AUTOR",72,"VLo",100,10,13,0,1,0,0,0,0,1,1,1,0,NA
"AUTOR",72,"VLo",100,10,14,0,1,0,0,0,0,1,1,1,0,NA
"AUTOR",72,"VLo",100,10,15,0,1,0,0,0,0,1,1,1,0,NA
"AUTOR",72,"VLo",100,10,16,0,1,0,0,0,0,1,1,1,0,NA
"AUTOR",72,"VLo",100,10,17,0,1,0,0,0,0,1,1,1,0,NA
"AUTOR",72,"VLo",100,10,18,0,0,1,0,0,0,1,1,1,0,NA
"AUTOR",72,"VLo",100,10,19,0,0,1,0,0,0,1,1,1,0,NA
"AUTOR",72,"VLo",100,10,20,0,0,1,0,0,0,1,1,1,0,NA
"AUTOR",72,"VLo",100,10,21,0,1,0,0,0,0,1,1,1,0,NA
"AUTOR",72,"VLo",100,10,22,0,1,0,0,0,0,1,1,1,0,NA
"AUTOR",72,"VLo",100,10,23,0,2,0,0,0,0,3,1,2,1,"V"
"AUTOR",10,"Me",102,10,1,0,1,0,0,0,0,1,0,1,0,NA
"AUTOR",10,"Me",102,10,2,0,1,0,0,0,0,1,0,1,0,NA
"AUTOR",10,"Me",102,10,3,0,0,0,0,0,1,1,0,1,0,NA
"AUTOR",10,"Me",102,10,4,1,1,1,0,0,0,3,1,3,0,NA
"AUTOR",10,"Me",102,10,5,0,1,1,0,0,0,2,2,2,0,NA
"AUTOR",10,"Me",102,10,6,0,1,0,0,0,0,1,1,1,0,NA
"AUTOR",10,"Me",102,10,7,0,1,0,0,0,0,2,0,1,1,"C"
"AUTOR",2.5,"Sh",103,10,1,0,0,0,0,0,1,1,0,1,0,NA
"AUTOR",2.5,"Sh",103,10,2,0,0,0,0,0,1,1,0,1,0,NA
"AUTOR",2.5,"Sh",103,10,3,0,0,1,0,0,0,1,0,1,0,NA
"AUTOR",2.5,"Sh",103,10,4,1,0,2,1,3,0,4,1,3,1,"M"
"AUTOR",33,"Lo",104,10,1,0,1,0,0,0,0,1,0,1,0,NA
"AUTOR",33,"Lo",104,10,2,0,1,0,0,0,0,1,0,1,0,NA
"AUTOR",33,"Lo",104,10,3,0,1,0,0,0,0,1,0,1,0,NA
"AUTOR",33,"Lo",104,10,4,0,0,1,1,3,0,1,1,1,0,NA
"AUTOR",33,"Lo",104,10,5,0,1,3,1,3,0,4,2,4,0,NA
"AUTOR",33,"Lo",104,10,6,0,1,0,0,0,0,1,1,1,0,NA
"AUTOR",33,"Lo",104,10,7,0,0,1,1,3,0,1,1,1,0,NA
"AUTOR",33,"Lo",104,10,8,0,0,1,1,4,0,1,1,1,0,NA
"AUTOR",33,"Lo",104,10,9,0,0,1,1,4,0,1,1,1,0,NA
"AUTOR",33,"Lo",104,10,10,0,0,1,1,3,0,1,1,1,0,NA
"AUTOR",33,"Lo",104,10,11,0,1,0,0,0,0,1,1,1,0,NA
"AUTOR",3.5,"Sh",106,10,1,0,1,0,0,0,0,1,1,1,0,NA
"AUTOR",3.5,"Sh",106,10,2,0,1,0,0,0,0,1,1,1,0,NA
"AUTOR",3.5,"Sh",106,10,3,0,0,0,0,0,1,1,0,1,0,NA
"AUTOR",3.5,"Sh",106,10,4,1,0,1,0,0,0,3,0,2,1,"V"
"AUTOR",30,"Lo",107,10,1,0,1,0,0,0,0,1,1,1,0,NA
"AUTOR",30,"Lo",107,10,2,0,0,1,1,2,0,1,1,1,0,NA
"AUTOR",30,"Lo",107,10,3,0,0,0,0,0,1,1,0,1,0,NA
"AUTOR",30,"Lo",107,10,4,0,2,1,0,0,0,3,2,3,0,NA
"AUTOR",30,"Lo",107,10,5,1,1,2,0,0,0,4,2,4,0,NA
"AUTOR",30,"Lo",107,10,6,0,0,1,1,4,0,1,1,1,0,NA
"AUTOR",30,"Lo",107,10,7,1,3,1,1,4,0,5,2,5,0,NA
"AUTOR",30,"Lo",107,10,8,0,0,1,1,4,0,1,1,1,0,NA
"AUTOR",30,"Lo",107,10,9,0,0,1,0,0,0,1,1,1,0,NA
"AUTOR",30,"Lo",107,10,10,0,0,1,0,0,0,1,1,1,0,NA
"AUTOR",30,"Lo",107,10,11,0,1,0,0,0,0,1,1,1,0,NA
"AUTOR",30,"Lo",107,10,12,0,0,1,0,0,0,1,1,1,0,NA
"AUTOR",5.5,"Me",109,10,1,0,0,0,0,0,1,1,1,1,0,NA
"AUTOR",5.5,"Me",109,10,2,0,1,0,0,0,0,1,1,1,0,NA
"AUTOR",5.5,"Me",109,10,3,1,3,0,0,0,0,4,2,4,0,NA
"AUTOR",5.5,"Me",109,10,4,0,1,2,0,0,0,3,0,3,0,NA
"AUTOR",5.5,"Me",109,10,5,0,1,0,0,0,0,2,0,1,1,"C"
"AUTOR",33,"Lo",110,9,1,0,0,0,0,0,1,1,0,1,0,NA
"AUTOR",33,"Lo",110,9,2,0,0,0,0,0,1,1,0,1,0,NA
"AUTOR",33,"Lo",110,9,3,0,0,0,0,0,1,1,0,1,0,NA
"AUTOR",33,"Lo",110,9,4,1,3,0,0,0,0,4,2,4,0,NA
"AUTOR",33,"Lo",110,9,5,1,1,2,0,0,0,4,2,4,0,NA
"AUTOR",33,"Lo",110,9,6,0,0,1,0,0,0,1,1,1,0,NA
"AUTOR",33,"Lo",110,9,7,0,0,1,0,0,0,1,1,1,0,NA
"AUTOR",33,"Lo",110,9,8,0,0,1,1,3,0,1,1,1,0,NA
"AUTOR",33,"Lo",110,9,9,0,0,1,1,3,0,1,1,1,0,NA
"AUTOR",33,"Lo",110,9,10,0,0,1,1,4,0,1,1,1,0,NA
"AUTOR",33,"Lo",110,9,11,0,0,1,0,0,0,1,1,1,0,NA
"AUTOR",33,"Lo",110,9,12,0,0,1,1,3,0,1,1,1,0,NA
"AUTOR",33,"Lo",110,9,13,0,0,1,0,0,0,1,1,1,0,NA
"AUTOR",33,"Lo",110,9,14,0,0,1,0,0,0,1,1,1,0,NA
"AUTOR",33,"Lo",110,9,15,0,1,0,0,0,0,1,1,1,0,NA
"AUTOR",33,"Lo",110,9,16,1,0,0,0,0,0,2,0,1,1,"V"
"AUTOR",43,"VLo",111,9,1,0,0,0,0,0,1,1,1,1,0,NA
"AUTOR",43,"VLo",111,9,2,0,0,0,0,0,1,1,0,1,0,NA
"AUTOR",43,"VLo",111,9,3,0,0,0,0,0,1,1,0,1,0,NA
"AUTOR",43,"VLo",111,9,4,0,0,0,0,0,1,1,0,1,0,NA
"AUTOR",43,"VLo",111,9,5,0,1,0,0,0,0,1,0,1,0,NA
"AUTOR",43,"VLo",111,9,6,0,1,0,0,0,0,1,0,1,0,NA
"AUTOR",43,"VLo",111,9,7,1,2,0,0,0,0,3,0,3,0,NA
"AUTOR",43,"VLo",111,9,8,1,2,2,0,0,0,5,0,5,0,NA
"AUTOR",43,"VLo",111,9,9,0,1,0,0,0,0,1,1,1,0,NA
"AUTOR",43,"VLo",111,9,10,0,1,0,0,0,0,1,1,1,0,NA
"AUTOR",43,"VLo",111,9,11,0,0,1,1,3,0,1,1,1,0,NA
"AUTOR",43,"VLo",111,9,12,0,0,1,1,3,0,1,1,1,0,NA
"AUTOR",43,"VLo",111,9,13,0,0,1,0,0,0,1,1,1,0,NA
"AUTOR",43,"VLo",111,9,14,0,0,1,1,1,0,1,1,1,0,NA
"AUTOR",43,"VLo",111,9,15,0,0,1,1,3,0,1,1,1,0,NA
"AUTOR",43,"VLo",111,9,16,0,0,1,1,4,0,1,1,1,0,NA
"AUTOR",43,"VLo",111,9,17,0,1,0,0,0,0,1,1,1,0,NA
"AUTOR",43,"VLo",111,9,18,0,1,0,0,0,0,1,1,1,0,NA
"AUTOR",43,"VLo",111,9,19,0,1,0,0,0,0,1,1,1,0,NA
"AUTOR",4.8,"Sh",115,9,1,0,1,0,0,0,0,1,1,1,0,NA
"AUTOR",4.8,"Sh",115,9,2,0,0,1,0,0,0,1,1,1,0,NA
"AUTOR",4.8,"Sh",115,9,3,1,1,0,0,0,0,2,1,2,0,NA
"AUTOR",4.8,"Sh",115,9,4,1,0,1,1,2,0,3,0,2,1,"V"
"AUTOR",38.5,"Lo",116,9,1,0,1,0,0,0,0,1,0,1,0,NA
"AUTOR",38.5,"Lo",116,9,2,0,0,1,0,0,0,1,1,1,0,NA
"AUTOR",38.5,"Lo",116,9,3,0,0,1,0,0,0,1,1,1,0,NA
"AUTOR",38.5,"Lo",116,9,4,0,0,0,0,0,1,1,0,1,0,NA
"AUTOR",38.5,"Lo",116,9,5,1,2,1,1,3,0,4,2,4,0,NA
"AUTOR",38.5,"Lo",116,9,6,0,0,1,1,2,0,1,1,1,0,NA
"AUTOR",38.5,"Lo",116,9,7,0,0,1,1,2,0,1,1,1,0,NA
"AUTOR",38.5,"Lo",116,9,8,0,0,1,1,5,0,1,1,1,0,NA
"AUTOR",38.5,"Lo",116,9,9,0,0,1,1,3,0,1,1,1,0,NA
"AUTOR",38.5,"Lo",116,9,10,0,0,1,1,4,0,1,1,1,0,NA
"AUTOR",38.5,"Lo",116,9,11,0,0,1,1,4,0,1,1,1,0,NA
"AUTOR",38.5,"Lo",116,9,12,0,0,1,0,0,0,1,1,1,0,NA
"AUTOR",38.5,"Lo",116,9,13,1,0,0,0,0,0,2,0,1,1,"V"
"AUTOR",43.5,"VLo",117,9,1,0,1,0,0,0,0,1,1,1,0,NA
"AUTOR",43.5,"VLo",117,9,2,0,1,0,0,0,0,1,1,1,0,NA
"AUTOR",43.5,"VLo",117,9,3,0,1,0,0,0,0,1,1,1,0,NA
"AUTOR",43.5,"VLo",117,9,4,0,1,0,0,0,0,1,1,1,0,NA
"AUTOR",43.5,"VLo",117,9,5,0,1,0,0,0,0,1,1,1,0,NA
"AUTOR",43.5,"VLo",117,9,6,0,1,0,0,0,0,1,1,1,0,NA
"AUTOR",43.5,"VLo",117,9,7,1,1,3,1,3,0,5,2,5,0,NA
"AUTOR",43.5,"VLo",117,9,8,1,1,3,1,1,0,5,2,5,0,NA
"AUTOR",43.5,"VLo",117,9,9,0,1,0,0,0,0,1,1,1,0,NA
"AUTOR",43.5,"VLo",117,9,10,0,1,0,0,0,0,1,1,1,0,NA
"AUTOR",43.5,"VLo",117,9,11,0,0,1,1,3,0,1,1,1,0,NA
"AUTOR",43.5,"VLo",117,9,12,0,0,1,0,0,0,1,1,1,0,NA
"AUTOR",43.5,"VLo",117,9,13,0,0,1,1,3,0,1,1,1,0,NA
"AUTOR",43.5,"VLo",117,9,14,0,0,1,1,3,0,1,1,1,0,NA
"AUTOR",43.5,"VLo",117,9,15,0,0,1,1,4,0,1,1,1,0,NA
"AUTOR",43.5,"VLo",117,9,16,0,0,1,0,0,0,1,1,1,0,NA
"AUTOR",43.5,"VLo",117,9,17,0,1,0,0,0,0,1,1,1,0,NA
"AUTOR",43.5,"VLo",117,9,18,0,1,0,0,0,0,2,0,1,1,"V"
"AUTOR",2,"Sh",118,9,1,0,1,0,0,0,0,1,0,1,0,NA
"AUTOR",2,"Sh",118,9,2,0,1,2,0,0,0,4,1,3,1,"V"
