"","ï..year","thesis","length","shoot1yo","length1yo","rank1yo","c","v","m","b","X.oss","X.newshoots"
"1",2020,"AUTOR","VLo",1,42,1,0,1,0,0,1,0
"2",2020,"AUTOR","VLo",1,42,2,0,0,0,1,1,0
"3",2020,"AUTOR","VLo",1,42,3,0,1,0,0,1,1
"4",2020,"AUTOR","VLo",1,42,4,3,0,2,0,3,1
"5",2020,"AUTOR","VLo",1,42,5,5,1,0,0,2,1
"6",2020,"AUTOR","VLo",1,42,6,4,0,3,0,4,2
"7",2020,"AUTOR","VLo",1,42,7,4,1,1,0,3,2
"8",2020,"AUTOR","VLo",1,42,8,0,0,1,0,1,1
"9",2020,"AUTOR","VLo",1,42,9,0,0,1,0,1,1
"10",2020,"AUTOR","VLo",1,42,10,0,0,1,0,1,1
"11",2020,"AUTOR","VLo",1,42,11,0,0,1,0,1,1
"12",2020,"AUTOR","VLo",1,42,12,0,1,0,0,1,1
"13",2020,"AUTOR","VLo",1,42,13,0,2,1,0,3,2
"14",2020,"AUTOR","Lo",2,40,1,0,1,0,0,1,1
"15",2020,"AUTOR","Lo",2,40,2,0,0,1,0,1,1
"16",2020,"AUTOR","Lo",2,40,3,0,1,0,0,1,1
"17",2020,"AUTOR","Lo",2,40,4,0,3,0,0,3,1
"18",2020,"AUTOR","Lo",2,40,5,3,1,2,0,4,1
"19",2020,"AUTOR","Lo",2,40,6,0,1,0,0,1,2
"20",2020,"AUTOR","Lo",2,40,7,4,3,2,0,6,1
"21",2020,"AUTOR","Lo",2,40,8,0,0,1,0,1,1
"22",2020,"AUTOR","Lo",2,40,9,5,1,0,0,2,1
"23",2020,"AUTOR","Lo",2,40,10,0,0,1,0,1,1
"24",2020,"AUTOR","Lo",2,40,11,2,2,0,0,3,1
"25",2020,"AUTOR","Lo",2,40,12,0,0,1,0,1,1
"26",2020,"AUTOR","Lo",2,40,13,0,0,1,0,1,1
"27",2020,"AUTOR","Lo",2,40,14,0,0,1,0,1,1
"28",2020,"AUTOR","Me",3,9,1,0,1,0,0,1,0
"29",2020,"AUTOR","Me",3,9,2,0,1,0,0,1,0
"30",2020,"AUTOR","Me",3,9,3,0,1,0,0,1,0
"31",2020,"AUTOR","Me",3,9,4,0,0,1,0,1,1
"32",2020,"AUTOR","Me",3,9,5,0,0,1,0,1,1
"33",2020,"AUTOR","Me",3,9,6,0,2,1,0,3,2
"34",2020,"AUTOR","VLo",4,48,1,0,1,0,0,1,1
"35",2020,"AUTOR","VLo",4,48,2,0,1,0,0,1,1
"36",2020,"AUTOR","VLo",4,48,3,0,1,0,0,1,1
"37",2020,"AUTOR","VLo",4,48,4,0,1,0,0,1,1
"38",2020,"AUTOR","VLo",4,48,5,0,0,1,0,1,1
"39",2020,"AUTOR","VLo",4,48,6,0,0,1,0,1,1
"40",2020,"AUTOR","VLo",4,48,7,0,1,0,0,1,1
"41",2020,"AUTOR","VLo",4,48,8,0,1,0,0,1,1
"42",2020,"AUTOR","VLo",4,48,9,0,1,0,0,1,1
"43",2020,"AUTOR","VLo",4,48,10,0,1,0,0,1,1
"44",2020,"AUTOR","VLo",4,48,11,0,1,0,0,1,1
"45",2020,"AUTOR","VLo",4,48,12,0,1,0,0,1,1
"46",2020,"AUTOR","VLo",4,48,13,0,1,0,0,1,1
"47",2020,"AUTOR","VLo",4,48,14,0,1,0,0,1,1
"48",2020,"AUTOR","VLo",4,48,15,0,1,0,0,1,1
"49",2020,"AUTOR","VLo",4,48,16,0,1,0,0,1,1
"50",2020,"AUTOR","VLo",4,48,17,0,3,0,0,3,3
"51",2020,"AUTOR","VLo",5,41,1,0,1,0,0,1,0
"52",2020,"AUTOR","VLo",5,41,2,0,1,0,0,1,0
"53",2020,"AUTOR","VLo",5,41,3,0,2,0,0,2,2
"54",2020,"AUTOR","VLo",5,41,4,0,0,1,0,1,1
"55",2020,"AUTOR","VLo",5,41,5,4,2,1,0,4,2
"56",2020,"AUTOR","VLo",5,41,6,0,0,1,0,1,1
"57",2020,"AUTOR","VLo",5,41,7,4,3,2,0,6,2
"58",2020,"AUTOR","VLo",5,41,8,4,0,1,0,2,2
"59",2020,"AUTOR","VLo",5,41,9,0,1,1,0,2,1
"60",2020,"AUTOR","VLo",5,41,10,0,1,1,0,2,1
"61",2020,"AUTOR","VLo",5,41,11,0,0,1,0,1,1
"62",2020,"AUTOR","VLo",5,41,12,0,0,1,0,1,1
"63",2020,"AUTOR","VLo",5,41,13,4,3,0,0,4,2
"64",2020,"AUTOR","VLo",5,41,14,0,0,1,0,1,1
"65",2020,"AUTOR","VLo",5,41,15,0,2,0,0,2,2
"66",2020,"AUTOR","VLo",5,41,16,5,0,1,0,2,1
"67",2020,"AUTOR","Me",6,14,1,0,1,0,0,1,1
"68",2020,"AUTOR","Me",6,14,2,0,0,0,1,1,0
"69",2020,"AUTOR","Me",6,14,3,5,2,0,0,3,1
"70",2020,"AUTOR","Me",6,14,4,3,0,2,0,3,2
"71",2020,"AUTOR","Me",6,14,5,0,0,1,0,1,1
"72",2020,"AUTOR","Me",6,14,6,3,1,1,0,3,2
"73",2020,"AUTOR","VLo",7,43,1,0,0,1,0,1,1
"74",2020,"AUTOR","VLo",7,43,2,0,0,0,1,1,1
"75",2020,"AUTOR","VLo",7,43,3,0,2,0,0,2,1
"76",2020,"AUTOR","VLo",7,43,4,7,0,0,0,1,1
"77",2020,"AUTOR","VLo",7,43,5,4,0,3,0,4,2
"78",2020,"AUTOR","VLo",7,43,6,0,1,1,0,2,1
"79",2020,"AUTOR","VLo",7,43,7,5,2,0,0,3,1
"80",2020,"AUTOR","VLo",7,43,8,5,1,1,0,3,2
"81",2020,"AUTOR","VLo",7,43,9,0,0,1,0,1,0
"82",2020,"AUTOR","VLo",7,43,10,0,0,1,0,1,1
"83",2020,"AUTOR","VLo",7,43,11,0,0,1,0,1,1
"84",2020,"AUTOR","VLo",7,43,12,0,0,1,0,1,1
"85",2020,"AUTOR","VLo",7,43,13,0,1,0,0,1,1
"86",2020,"AUTOR","VLo",7,43,14,0,3,0,0,3,3
"90",2020,"AUTOR","Lo",9,30,1,0,1,0,0,1,0
"91",2020,"AUTOR","Lo",9,30,2,0,1,0,0,1,1
"92",2020,"AUTOR","Lo",9,30,3,0,0,1,0,1,1
"93",2020,"AUTOR","Lo",9,30,4,0,0,1,0,1,1
"94",2020,"AUTOR","Lo",9,30,5,4,2,1,0,4,1
"95",2020,"AUTOR","Lo",9,30,6,4,1,1,0,3,2
"96",2020,"AUTOR","Lo",9,30,7,0,1,0,0,1,1
"97",2020,"AUTOR","Lo",9,30,8,0,1,1,0,2,1
"98",2020,"AUTOR","Lo",9,30,9,0,0,1,0,1,1
"99",2020,"AUTOR","Lo",9,30,10,0,0,1,0,1,1
"100",2020,"AUTOR","Lo",9,30,11,0,0,1,0,1,1
"101",2020,"AUTOR","Lo",9,30,12,0,1,0,0,1,1
"102",2020,"AUTOR","Lo",9,30,13,0,1,0,0,1,1
"103",2020,"AUTOR","Lo",9,30,14,5,1,0,0,2,1
"104",2020,"AUTOR","VLo",10,57,1,0,0,1,0,1,1
"105",2020,"AUTOR","VLo",10,57,2,0,1,0,0,1,1
"106",2020,"AUTOR","VLo",10,57,3,0,0,1,0,1,1
"107",2020,"AUTOR","VLo",10,57,4,0,0,1,0,1,1
"108",2020,"AUTOR","VLo",10,57,5,0,4,5,0,9,3
"109",2020,"AUTOR","VLo",10,57,6,0,1,0,0,1,1
"110",2020,"AUTOR","VLo",10,57,7,0,0,1,0,1,1
"111",2020,"AUTOR","VLo",10,57,8,0,0,1,0,1,0
"112",2020,"AUTOR","VLo",10,57,9,0,0,1,0,1,1
"113",2020,"AUTOR","VLo",10,57,10,0,0,1,0,1,1
"114",2020,"AUTOR","VLo",10,57,11,0,0,1,0,1,1
"115",2020,"AUTOR","VLo",10,57,12,0,1,0,0,1,1
"116",2020,"AUTOR","VLo",10,57,13,0,0,1,0,1,1
"117",2020,"AUTOR","VLo",10,57,14,0,0,1,0,1,1
"118",2020,"AUTOR","Sh",11,2.31,1,0,1,0,0,1,1
"119",2020,"AUTOR","Sh",11,2.31,2,4,2,0,0,3,1
"120",2020,"AUTOR","VLo",12,48,1,0,1,0,0,1,1
"121",2020,"AUTOR","VLo",12,48,2,0,1,0,0,1,1
"122",2020,"AUTOR","VLo",12,48,3,0,1,1,0,2,1
"123",2020,"AUTOR","VLo",12,48,4,0,0,1,0,1,1
"124",2020,"AUTOR","VLo",12,48,5,3,4,1,0,6,2
"125",2020,"AUTOR","VLo",12,48,6,4,0,3,0,4,1
"126",2020,"AUTOR","VLo",12,48,7,0,0,1,0,1,1
"127",2020,"AUTOR","VLo",12,48,8,5,1,1,0,3,2
"128",2020,"AUTOR","VLo",12,48,9,0,0,1,0,1,1
"129",2020,"AUTOR","VLo",12,48,10,0,1,0,0,1,1
"130",2020,"AUTOR","VLo",12,48,11,0,0,1,0,1,1
"131",2020,"AUTOR","VLo",12,48,12,0,0,1,0,1,1
"132",2020,"AUTOR","VLo",12,48,13,0,0,1,0,1,1
"133",2020,"AUTOR","VLo",12,48,14,0,0,1,0,1,1
"134",2020,"AUTOR","VLo",12,48,15,0,2,1,0,3,1
"135",2020,"AUTOR","Lo",13,37.5,1,0,1,0,0,1,0
"136",2020,"AUTOR","Lo",13,37.5,2,4,1,3,0,5,1
"137",2020,"AUTOR","Lo",13,37.5,3,0,0,1,0,1,2
"138",2020,"AUTOR","Lo",13,37.5,4,0,0,1,0,1,1
"139",2020,"AUTOR","Lo",13,37.5,5,0,0,1,0,1,1
"140",2020,"AUTOR","Lo",13,37.5,6,0,1,0,0,1,1
"141",2020,"AUTOR","Lo",13,37.5,7,0,1,0,0,1,1
"142",2020,"AUTOR","Lo",13,37.5,8,0,1,0,0,1,1
"143",2020,"AUTOR","Lo",13,37.5,9,0,1,0,0,1,1
"144",2020,"AUTOR","Lo",13,37.5,10,0,0,1,0,1,1
"145",2020,"AUTOR","Lo",13,37.5,11,0,1,0,0,1,1
"146",2020,"AUTOR","Lo",13,37.5,12,0,1,0,0,1,1
"147",2020,"AUTOR","Lo",13,37.5,13,0,1,0,0,1,1
"148",2020,"AUTOR","Lo",13,37.5,14,0,1,0,0,1,1
"149",2020,"AUTOR","Lo",13,37.5,15,0,1,0,0,1,1
"150",2020,"AUTOR","VLo",14,45.4,1,0,1,0,0,1,0
"151",2020,"AUTOR","VLo",14,45.4,2,0,0,1,0,1,1
"152",2020,"AUTOR","VLo",14,45.4,3,0,1,0,0,1,0
"153",2020,"AUTOR","VLo",14,45.4,4,4,1,3,0,5,2
"154",2020,"AUTOR","VLo",14,45.4,5,0,0,1,0,1,1
"155",2020,"AUTOR","VLo",14,45.4,6,0,0,1,0,1,1
"156",2020,"AUTOR","VLo",14,45.4,7,0,0,1,0,1,1
"157",2020,"AUTOR","VLo",14,45.4,8,0,0,1,0,1,1
"158",2020,"AUTOR","VLo",14,45.4,9,0,0,1,0,1,1
"159",2020,"AUTOR","VLo",14,45.4,10,0,0,1,0,1,1
"160",2020,"AUTOR","VLo",14,45.4,11,0,0,1,0,1,1
"161",2020,"AUTOR","VLo",14,45.4,12,0,0,1,0,1,1
"162",2020,"AUTOR","VLo",14,45.4,13,0,0,1,0,1,1
"163",2020,"AUTOR","VLo",14,45.4,14,0,1,0,0,1,1
"164",2020,"AUTOR","VLo",14,45.4,15,0,1,0,0,1,1
"165",2020,"AUTOR","VLo",14,45.4,16,0,1,0,0,1,1
"166",2020,"AUTOR","VLo",14,45.4,17,0,2,0,0,2,1
"167",2020,"AUTOR","VLo",15,44,1,0,1,0,0,1,0
"168",2020,"AUTOR","VLo",15,44,2,0,1,0,0,1,1
"169",2020,"AUTOR","VLo",15,44,3,0,1,0,0,1,1
"170",2020,"AUTOR","VLo",15,44,4,0,1,1,0,2,2
"171",2020,"AUTOR","VLo",15,44,5,2,0,4,0,5,2
"172",2020,"AUTOR","VLo",15,44,6,2,1,2,0,4,2
"173",2020,"AUTOR","VLo",15,44,7,0,0,1,0,1,1
"174",2020,"AUTOR","VLo",15,44,8,5,2,1,0,4,2
"175",2020,"AUTOR","VLo",15,44,9,0,0,1,0,1,1
"176",2020,"AUTOR","VLo",15,44,10,0,0,1,0,1,1
"177",2020,"AUTOR","VLo",15,44,11,0,0,1,0,1,1
"178",2020,"AUTOR","VLo",15,44,12,0,0,1,0,1,1
"179",2020,"AUTOR","VLo",15,44,13,0,0,1,0,1,1
"180",2020,"AUTOR","VLo",15,44,14,0,1,0,0,1,1
"181",2020,"AUTOR","VLo",15,44,15,0,1,0,0,1,1
"182",2020,"AUTOR","VLo",15,44,16,0,2,0,0,2,1
"183",2020,"AUTOR","Lo",16,33,1,0,0,0,1,1,1
"184",2020,"AUTOR","Lo",16,33,2,0,0,0,1,1,1
"185",2020,"AUTOR","Lo",16,33,3,0,1,0,0,1,1
"186",2020,"AUTOR","Lo",16,33,4,0,1,0,0,1,1
"187",2020,"AUTOR","Lo",16,33,5,0,1,0,0,1,3
"188",2020,"AUTOR","Lo",16,33,6,0,0,1,0,1,2
"189",2020,"AUTOR","Lo",16,33,7,4,0,5,0,6,1
"190",2020,"AUTOR","Lo",16,33,8,3,2,0,0,3,2
"191",2020,"AUTOR","Lo",16,33,9,5,2,0,0,3,1
"192",2020,"AUTOR","Lo",16,33,10,1,2,0,0,3,1
"193",2020,"AUTOR","Lo",16,33,11,5,2,0,0,3,2
"194",2020,"AUTOR","Lo",16,33,12,0,0,1,0,1,1
"195",2020,"AUTOR","Lo",16,33,13,5,1,0,0,2,1
"196",2020,"AUTOR","Lo",16,33,14,5,1,0,0,2,1
"197",2020,"AUTOR","Lo",17,21,1,0,1,0,0,1,0
"198",2020,"AUTOR","Lo",17,21,2,0,1,0,0,1,1
"199",2020,"AUTOR","Lo",17,21,3,0,0,1,0,1,1
"200",2020,"AUTOR","Lo",17,21,4,0,0,2,0,2,1
"201",2020,"AUTOR","Lo",17,21,5,1,1,2,0,4,2
"202",2020,"AUTOR","Lo",17,21,6,0,0,1,0,1,1
"203",2020,"AUTOR","Lo",17,21,7,2,1,0,0,2,2
"204",2020,"AUTOR","Lo",17,21,8,0,0,1,0,1,1
"205",2020,"AUTOR","Me",18,8.5,1,0,0,1,0,1,1
"206",2020,"AUTOR","Me",18,8.5,2,0,0,1,0,1,1
"207",2020,"AUTOR","Me",18,8.5,3,0,1,0,0,1,1
"208",2020,"AUTOR","Me",18,8.5,4,4,3,0,0,4,1
"209",2020,"AUTOR","Me",18,8.5,5,3,0,3,0,4,1
"210",2020,"AUTOR","Lo",19,38,1,0,1,0,0,1,1
"211",2020,"AUTOR","Lo",19,38,2,0,0,0,1,1,0
"212",2020,"AUTOR","Lo",19,38,3,0,0,0,1,1,0
"213",2020,"AUTOR","Lo",19,38,4,0,0,1,0,1,1
"214",2020,"AUTOR","Lo",19,38,5,4,2,1,0,4,2
"215",2020,"AUTOR","Lo",19,38,6,0,0,4,0,4,2
"216",2020,"AUTOR","Lo",19,38,7,0,1,0,0,1,1
"217",2020,"AUTOR","Lo",19,38,8,4,3,0,0,4,1
"218",2020,"AUTOR","Lo",19,38,9,0,0,1,0,1,1
"219",2020,"AUTOR","Lo",19,38,10,3,1,1,0,3,2
"220",2020,"AUTOR","Lo",19,38,11,0,0,1,0,1,1
"221",2020,"AUTOR","Lo",19,38,12,0,0,1,0,1,1
"222",2020,"AUTOR","Lo",19,38,13,0,0,1,0,1,1
"223",2020,"AUTOR","Lo",19,38,14,0,0,1,0,1,1
"224",2020,"AUTOR","Lo",19,38,15,0,2,0,0,2,1
"225",2020,"AUTOR","Lo",20,38,1,0,1,0,0,1,1
"226",2020,"AUTOR","Lo",20,38,2,0,1,0,0,1,1
"227",2020,"AUTOR","Lo",20,38,3,0,1,0,0,1,1
"228",2020,"AUTOR","Lo",20,38,4,0,0,1,0,1,1
"229",2020,"AUTOR","Lo",20,38,5,0,0,1,0,1,1
"230",2020,"AUTOR","Lo",20,38,6,0,0,1,0,2,0
"231",2020,"AUTOR","Lo",20,38,7,0,0,1,0,1,1
"232",2020,"AUTOR","Lo",20,38,8,0,0,1,0,2,0
"233",2020,"AUTOR","Lo",20,38,9,0,0,1,0,1,1
"234",2020,"AUTOR","Lo",20,38,10,0,0,1,0,1,1
"235",2020,"AUTOR","Lo",20,38,11,0,0,1,0,1,1
"236",2020,"AUTOR","Lo",20,38,12,0,0,1,0,1,1
"237",2020,"AUTOR","Lo",20,38,13,0,0,1,0,1,1
"238",2020,"AUTOR","Lo",20,38,14,0,1,0,0,1,1
"239",2020,"AUTOR","Me",21,11.8,1,0,0,0,1,1,0
"240",2020,"AUTOR","Me",21,11.8,2,0,1,0,0,1,0
"241",2020,"AUTOR","Me",21,11.8,3,0,0,0,1,1,0
"242",2020,"AUTOR","Me",21,11.8,4,4,3,0,0,4,1
"243",2020,"AUTOR","Me",21,11.8,5,3,1,1,0,3,2
"244",2020,"AUTOR","Me",21,11.8,6,0,0,1,0,1,1
"245",2020,"AUTOR","Sh",22,2.5,1,0,1,0,0,1,0
"246",2020,"AUTOR","Sh",22,2.5,2,1,0,0,0,1,1
"247",2020,"AUTOR","Sh",22,2.5,3,1,0,0,0,1,1
"248",2020,"AUTOR","Lo",23,39,1,0,1,0,0,1,1
"249",2020,"AUTOR","Lo",23,39,2,0,0,1,0,1,1
"250",2020,"AUTOR","Lo",23,39,3,0,0,1,0,1,1
"251",2020,"AUTOR","Lo",23,39,4,0,1,1,0,2,1
"252",2020,"AUTOR","Lo",23,39,5,4,5,0,0,6,1
"253",2020,"AUTOR","Lo",23,39,6,0,0,1,0,1,1
"254",2020,"AUTOR","Lo",23,39,7,0,0,1,0,1,1
"255",2020,"AUTOR","Lo",23,39,8,0,0,1,0,1,1
"256",2020,"AUTOR","Lo",23,39,9,0,1,0,0,1,1
"257",2020,"AUTOR","Lo",23,39,10,0,0,1,0,1,1
"258",2020,"AUTOR","Lo",23,39,11,0,0,1,0,1,1
"259",2020,"AUTOR","Lo",23,39,12,0,1,0,0,1,1
"260",2020,"AUTOR","Lo",23,39,13,0,0,1,0,1,1
"261",2020,"AUTOR","Lo",23,39,14,0,1,0,0,1,1
"262",2020,"AUTOR","Sh",24,1.5,1,0,1,0,0,1,1
"263",2020,"AUTOR","Sh",24,1.5,2,0,1,0,0,1,1
"264",2020,"AUTOR","Sh",24,1.5,3,0,0,1,0,1,1
"265",2020,"AUTOR","VLo",25,41.5,1,0,0,1,0,1,1
"266",2020,"AUTOR","VLo",25,41.5,2,0,0,1,0,1,1
"267",2020,"AUTOR","VLo",25,41.5,3,3,0,3,0,4,1
"268",2020,"AUTOR","VLo",25,41.5,4,0,0,1,0,1,1
"269",2020,"AUTOR","VLo",25,41.5,5,0,0,1,0,1,1
"270",2020,"AUTOR","VLo",25,41.5,6,0,0,1,0,1,1
"271",2020,"AUTOR","VLo",25,41.5,7,0,0,1,0,1,1
"272",2020,"AUTOR","VLo",25,41.5,8,0,1,1,0,2,1
"273",2020,"AUTOR","VLo",25,41.5,9,0,0,1,0,1,1
"274",2020,"AUTOR","VLo",25,41.5,10,0,0,1,0,1,1
"275",2020,"AUTOR","VLo",25,41.5,11,0,1,0,0,1,1
"276",2020,"AUTOR","VLo",25,41.5,12,0,1,0,0,1,1
"277",2020,"AUTOR","VLo",25,41.5,13,0,1,0,0,1,1
"278",2020,"AUTOR","VLo",25,41.5,14,0,2,0,0,2,1
"279",2020,"AUTOR","Sh",26,4,1,0,1,0,0,1,0
"280",2020,"AUTOR","Sh",26,4,2,0,0,1,0,1,1
"281",2020,"AUTOR","Sh",26,4,3,0,2,1,0,3,1
"282",2020,"AUTOR","Sh",26,4,4,0,0,2,0,2,1
"283",2020,"AUTOR","Sh",26,4,5,2,1,1,0,3,1
"284",2020,"AUTOR","Lo",27,29.8,1,0,0,1,0,1,1
"285",2020,"AUTOR","Lo",27,29.8,2,1,2,0,0,3,2
"286",2020,"AUTOR","Lo",27,29.8,3,1,0,2,0,3,1
"287",2020,"AUTOR","Lo",27,29.8,4,0,1,3,0,4,1
"288",2020,"AUTOR","Lo",27,29.8,5,0,0,1,0,1,1
"289",2020,"AUTOR","Lo",27,29.8,6,4,1,1,0,3,2
"290",2020,"AUTOR","Lo",27,29.8,7,4,0,1,0,2,1
"291",2020,"AUTOR","Lo",27,29.8,8,5,1,0,0,2,1
"292",2020,"AUTOR","Lo",27,29.8,9,0,1,0,0,1,1
"293",2020,"AUTOR","Lo",27,29.8,10,0,1,0,0,1,1
"294",2020,"AUTOR","Sh",28,4.2,1,0,0,0,1,1,0
"295",2020,"AUTOR","Sh",28,4.2,2,0,1,0,0,1,1
"296",2020,"AUTOR","Sh",28,4.2,3,0,1,0,0,1,1
"297",2020,"AUTOR","Sh",28,4.2,4,0,1,0,0,1,1
"298",2020,"AUTOR","Lo",29,35,1,0,1,0,0,1,1
"299",2020,"AUTOR","Lo",29,35,2,1,0,1,0,2,0
"300",2020,"AUTOR","Lo",29,35,3,1,1,1,0,3,1
"301",2020,"AUTOR","Lo",29,35,4,0,0,1,0,1,1
"302",2020,"AUTOR","Lo",29,35,5,3,1,2,0,4,2
"303",2020,"AUTOR","Lo",29,35,6,7,0,1,0,2,1
"304",2020,"AUTOR","Lo",29,35,7,4,3,0,0,4,2
"305",2020,"AUTOR","Lo",29,35,8,4,1,1,0,3,2
"306",2020,"AUTOR","Lo",29,35,9,4,2,1,0,4,2
"307",2020,"AUTOR","Lo",29,35,10,4,1,0,0,2,1
"308",2020,"AUTOR","Lo",29,35,11,0,0,1,0,1,1
"309",2020,"AUTOR","Lo",29,35,12,1,3,0,0,4,1
"310",2020,"AUTOR","VLo",30,49.6,1,0,1,0,0,1,0
"311",2020,"AUTOR","VLo",30,49.6,2,0,0,0,1,1,0
"312",2020,"AUTOR","VLo",30,49.6,3,0,0,1,0,1,1
"313",2020,"AUTOR","VLo",30,49.6,4,7,0,0,0,1,1
"314",2020,"AUTOR","VLo",30,49.6,5,4,2,3,0,6,2
"315",2020,"AUTOR","VLo",30,49.6,6,0,1,0,0,1,1
"316",2020,"AUTOR","VLo",30,49.6,7,0,0,1,0,1,1
"317",2020,"AUTOR","VLo",30,49.6,8,0,0,1,0,1,1
"318",2020,"AUTOR","VLo",30,49.6,9,0,0,1,0,1,1
"319",2020,"AUTOR","VLo",30,49.6,10,0,0,1,0,1,1
"320",2020,"AUTOR","VLo",30,49.6,11,0,0,1,0,1,1
"321",2020,"AUTOR","VLo",30,49.6,12,0,0,1,0,1,1
"322",2020,"AUTOR","VLo",30,49.6,13,0,0,1,0,1,1
"323",2020,"AUTOR","VLo",30,49.6,14,0,1,0,0,1,1
"324",2020,"AUTOR","VLo",30,49.6,15,0,1,0,0,1,1
"325",2020,"AUTOR","VLo",30,49.6,16,0,1,0,0,1,1
"326",2020,"AUTOR","VLo",30,49.6,17,0,2,0,0,2,1
"327",2020,"AUTOR","Sh",31,3,1,0,0,0,1,1,0
"328",2020,"AUTOR","Sh",31,3,2,2,1,0,0,2,1
"329",2020,"AUTOR","Sh",31,3,3,2,2,0,0,3,0
"330",2020,"AUTOR","Me",32,15.6,1,0,1,0,0,1,0
"331",2020,"AUTOR","Me",32,15.6,2,3,1,0,0,2,2
"332",2020,"AUTOR","Me",32,15.6,3,3,2,2,0,5,1
"333",2020,"AUTOR","Me",32,15.6,4,0,0,1,0,1,1
"334",2020,"AUTOR","Me",32,15.6,5,0,0,1,0,1,1
"335",2020,"AUTOR","Me",32,15.6,6,0,0,1,0,1,1
"336",2020,"AUTOR","Me",32,15.6,7,4,0,1,0,2,1
"337",2020,"AUTOR","Sh",33,4,1,0,0,1,0,1,1
"338",2020,"AUTOR","Sh",33,4,2,0,1,0,0,1,1
"339",2020,"AUTOR","Sh",33,4,3,0,0,1,0,1,1
"340",2020,"AUTOR","Me",34,12.2,1,0,0,1,0,1,1
"341",2020,"AUTOR","Me",34,12.2,2,0,1,0,0,1,1
"342",2020,"AUTOR","Me",34,12.2,3,0,0,1,0,1,1
"343",2020,"AUTOR","Me",34,12.2,4,0,0,1,0,1,1
"344",2020,"AUTOR","Me",34,12.2,5,3,0,4,0,5,2
"345",2020,"AUTOR","Me",34,12.2,6,3,1,3,0,5,2
"346",2020,"AUTOR","Sh",35,2,1,0,1,0,0,1,0
"347",2020,"AUTOR","Sh",35,2,2,0,0,1,0,1,1
"348",2020,"AUTOR","Lo",36,27.6,1,0,0,1,0,1,1
"349",2020,"AUTOR","Lo",36,27.6,2,2,0,4,0,5,2
"350",2020,"AUTOR","Lo",36,27.6,3,4,3,0,0,4,2
"351",2020,"AUTOR","Lo",36,27.6,4,0,0,1,0,1,1
"352",2020,"AUTOR","Lo",36,27.6,5,0,0,1,0,1,1
"353",2020,"AUTOR","Lo",36,27.6,6,0,0,1,0,1,1
"354",2020,"AUTOR","Lo",36,27.6,7,0,0,1,0,1,1
"355",2020,"AUTOR","Lo",36,27.6,8,0,0,1,0,1,1
"356",2020,"AUTOR","Lo",36,27.6,9,0,0,1,0,1,1
"357",2020,"AUTOR","Me",37,18.2,1,0,0,1,0,1,1
"358",2020,"AUTOR","Me",37,18.2,2,0,2,0,0,2,1
"359",2020,"AUTOR","Me",37,18.2,3,0,0,1,0,1,1
"360",2020,"AUTOR","Me",37,18.2,4,0,0,1,0,1,1
"361",2020,"AUTOR","Me",37,18.2,5,0,0,1,0,1,1
"362",2020,"AUTOR","Me",37,18.2,6,0,0,1,0,1,1
"363",2020,"AUTOR","Me",37,18.2,7,0,1,0,0,1,1
"364",2020,"AUTOR","Lo",38,36.5,1,0,1,0,0,1,1
"365",2020,"AUTOR","Lo",38,36.5,2,0,0,1,0,1,1
"366",2020,"AUTOR","Lo",38,36.5,3,0,0,1,0,1,1
"367",2020,"AUTOR","Lo",38,36.5,4,2,0,6,0,7,2
"368",2020,"AUTOR","Lo",38,36.5,5,0,1,0,0,1,1
"369",2020,"AUTOR","Lo",38,36.5,6,0,0,1,0,1,1
"370",2020,"AUTOR","Lo",38,36.5,7,0,0,1,0,1,1
"371",2020,"AUTOR","Lo",38,36.5,8,0,0,1,0,1,1
"372",2020,"AUTOR","Lo",38,36.5,9,0,1,0,0,1,1
"373",2020,"AUTOR","Lo",38,36.5,10,0,2,0,0,2,1
"374",2020,"AUTOR","Sh",39,1,1,0,0,1,0,1,1
"375",2020,"AUTOR","Me",40,18,1,0,1,0,0,1,0
"376",2020,"AUTOR","Me",40,18,2,0,0,0,1,1,0
"377",2020,"AUTOR","Me",40,18,3,0,0,0,1,1,0
"378",2020,"AUTOR","Me",40,18,4,0,1,0,0,1,0
"379",2020,"AUTOR","Me",40,18,5,2,1,0,0,2,2
"380",2020,"AUTOR","Me",40,18,6,3,2,1,0,4,2
"381",2020,"AUTOR","Me",40,18,7,0,1,1,0,2,1
"382",2020,"AUTOR","Me",40,18,8,0,0,1,0,1,1
"383",2020,"AUTOR","Me",40,18,9,0,0,1,0,1,1
"384",2020,"AUTOR","Me",41,5.5,1,1,0,0,0,1,0
"385",2020,"AUTOR","Me",41,5.5,2,0,0,1,0,1,1
"386",2020,"AUTOR","Me",41,5.5,3,3,2,0,0,3,1
"387",2020,"AUTOR","Me",41,5.5,4,4,1,1,0,3,1
"388",2020,"AUTOR","Me",41,5.5,5,0,0,1,0,1,1
"389",2020,"AUTOR","Me",41,5.5,6,0,0,1,0,1,1
"390",2020,"AUTOR","Me",42,7,1,0,1,0,0,1,0
"391",2020,"AUTOR","Me",42,7,2,0,0,0,1,1,0
"392",2020,"AUTOR","Me",42,7,3,0,0,1,0,1,1
"393",2020,"AUTOR","Me",42,7,4,4,3,0,0,4,1
"394",2020,"AUTOR","Me",42,7,5,4,0,6,0,7,1
"402",2020,"AUTOR","VLo",44,42.6,1,0,1,0,0,1,1
"403",2020,"AUTOR","VLo",44,42.6,2,0,1,0,0,1,0
"404",2020,"AUTOR","VLo",44,42.6,3,0,0,1,0,1,1
"405",2020,"AUTOR","VLo",44,42.6,4,4,2,0,0,3,1
"406",2020,"AUTOR","VLo",44,42.6,5,0,0,1,0,1,1
"407",2020,"AUTOR","VLo",44,42.6,6,0,1,0,0,1,1
"408",2020,"AUTOR","VLo",44,42.6,7,0,0,1,0,1,1
"409",2020,"AUTOR","VLo",44,42.6,8,0,0,1,0,1,1
"410",2020,"AUTOR","VLo",44,42.6,9,0,0,1,0,1,1
"411",2020,"AUTOR","VLo",44,42.6,10,0,0,1,0,1,1
"412",2020,"AUTOR","VLo",44,42.6,11,0,0,1,0,1,1
"413",2020,"AUTOR","VLo",44,42.6,12,0,0,1,0,1,1
"414",2020,"AUTOR","VLo",44,42.6,13,0,0,1,0,1,1
"415",2020,"AUTOR","VLo",44,42.6,14,5,3,3,0,7,1
"416",2020,"AUTOR","Lo",45,34,1,0,1,0,0,1,0
"417",2020,"AUTOR","Lo",45,34,2,0,0,1,0,1,0
"418",2020,"AUTOR","Lo",45,34,3,0,0,1,0,1,1
"419",2020,"AUTOR","Lo",45,34,4,1,1,0,0,2,1
"420",2020,"AUTOR","Lo",45,34,5,0,1,0,0,1,1
"421",2020,"AUTOR","Lo",45,34,6,0,0,1,0,1,1
"422",2020,"AUTOR","Lo",45,34,7,0,0,1,0,1,1
"423",2020,"AUTOR","Lo",45,34,8,0,0,1,0,1,1
"424",2020,"AUTOR","Lo",45,34,9,0,0,1,0,1,1
"425",2020,"AUTOR","Lo",45,34,10,0,0,1,0,1,1
"426",2020,"AUTOR","Lo",45,34,11,0,0,1,0,1,1
"427",2020,"AUTOR","Lo",45,34,12,0,0,1,0,1,1
"428",2020,"AUTOR","Lo",45,34,13,0,0,2,0,2,1
"429",2020,"AUTOR","VLo",46,43,1,0,0,1,0,1,0
"430",2020,"AUTOR","VLo",46,43,2,0,0,1,0,1,1
"431",2020,"AUTOR","VLo",46,43,3,0,0,0,1,1,1
"432",2020,"AUTOR","VLo",46,43,4,0,0,1,0,1,1
"433",2020,"AUTOR","VLo",46,43,5,0,0,1,0,1,1
"434",2020,"AUTOR","VLo",46,43,6,3,0,2,0,3,1
"435",2020,"AUTOR","VLo",46,43,7,0,1,0,0,1,1
"436",2020,"AUTOR","VLo",46,43,8,0,0,1,0,1,2
"437",2020,"AUTOR","VLo",46,43,9,0,0,1,0,1,1
"438",2020,"AUTOR","VLo",46,43,10,0,0,1,0,1,2
"439",2020,"AUTOR","VLo",46,43,11,4,2,1,0,4,3
"440",2020,"AUTOR","VLo",46,43,12,0,1,0,0,1,1
"441",2020,"AUTOR","VLo",46,43,13,0,0,1,0,1,1
"442",2020,"AUTOR","VLo",46,43,14,0,1,0,0,1,1
"443",2020,"AUTOR","VLo",46,43,15,2,1,0,0,2,1
"444",2020,"AUTOR","VLo",46,43,16,0,0,1,0,1,1
"445",2020,"AUTOR","VLo",46,43,17,0,0,1,0,1,1
"446",2020,"AUTOR","VLo",46,43,18,8,1,0,0,2,1
"447",2020,"AUTOR","VLo",47,52,1,0,1,0,0,1,2
"448",2020,"AUTOR","VLo",47,52,2,0,0,0,1,1,2
"449",2020,"AUTOR","VLo",47,52,3,0,0,0,1,1,1
"450",2020,"AUTOR","VLo",47,52,4,0,0,0,1,1,1
"451",2020,"AUTOR","VLo",47,52,5,0,0,1,0,1,2
"452",2020,"AUTOR","VLo",47,52,6,0,0,2,0,2,2
"453",2020,"AUTOR","VLo",47,52,7,1,3,0,0,4,1
"454",2020,"AUTOR","VLo",47,52,8,0,0,1,0,1,1
"455",2020,"AUTOR","VLo",47,52,9,0,0,1,0,1,1
"456",2020,"AUTOR","VLo",47,52,10,5,3,0,0,4,2
"457",2020,"AUTOR","VLo",47,52,11,0,0,1,0,1,1
"458",2020,"AUTOR","VLo",47,52,12,4,2,1,0,4,3
"459",2020,"AUTOR","VLo",47,52,13,0,1,0,0,1,1
"460",2020,"AUTOR","VLo",47,52,14,0,0,2,0,2,1
"461",2020,"AUTOR","VLo",47,52,15,0,0,1,0,1,1
"462",2020,"AUTOR","VLo",47,52,16,4,1,1,0,3,1
"463",2020,"AUTOR","VLo",47,52,17,0,0,1,0,1,1
"464",2020,"AUTOR","VLo",47,52,18,0,0,1,0,1,1
"465",2020,"AUTOR","VLo",47,52,19,5,1,4,0,6,1
"466",2020,"AUTOR","Sh",48,4.5,1,0,0,0,1,1,0
"467",2020,"AUTOR","Sh",48,4.5,2,0,0,0,1,1,0
"468",2020,"AUTOR","Sh",48,4.5,3,0,0,0,1,1,0
"469",2020,"AUTOR","Sh",48,4.5,4,0,0,0,1,1,0
"470",2020,"AUTOR","Sh",48,4.5,5,3,1,3,0,5,2
"471",2020,"AUTOR","Lo",49,25,1,0,1,0,0,1,0
"472",2020,"AUTOR","Lo",49,25,2,0,0,0,1,1,0
"473",2020,"AUTOR","Lo",49,25,3,0,0,0,1,1,0
"474",2020,"AUTOR","Lo",49,25,4,0,0,0,1,1,0
"475",2020,"AUTOR","Lo",49,25,5,2,2,0,0,3,2
"476",2020,"AUTOR","Lo",49,25,6,0,0,1,0,1,1
"477",2020,"AUTOR","Lo",49,25,7,1,1,2,0,4,2
"478",2020,"AUTOR","Lo",49,25,8,0,0,1,0,1,1
"479",2020,"AUTOR","Lo",49,25,9,0,0,1,0,1,1
"480",2020,"AUTOR","Lo",49,25,10,0,0,1,0,1,1
"481",2020,"AUTOR","Lo",49,25,11,4,1,0,0,2,1
"482",2020,"AUTOR","Me",50,19,1,0,0,0,1,1,0
"483",2020,"AUTOR","Me",50,19,2,0,0,0,1,1,0
"484",2020,"AUTOR","Me",50,19,3,0,0,0,1,1,0
"485",2020,"AUTOR","Me",50,19,4,0,1,0,0,1,1
"486",2020,"AUTOR","Me",50,19,5,3,0,2,0,3,1
"487",2020,"AUTOR","Me",50,19,6,0,0,1,0,1,1
"488",2020,"AUTOR","Me",50,19,7,4,1,1,0,3,2
"489",2020,"AUTOR","Sh",51,4.5,1,0,0,0,1,1,0
"490",2020,"AUTOR","Sh",51,4.5,2,0,0,0,1,1,0
"491",2020,"AUTOR","Sh",51,4.5,3,2,1,0,0,2,1
"492",2020,"AUTOR","Sh",52,2,1,0,1,0,0,1,1
"493",2020,"AUTOR","Sh",52,2,2,0,0,1,0,1,1
"494",2020,"AUTOR","VLo",53,54,1,0,0,0,1,1,0
"495",2020,"AUTOR","VLo",53,54,2,0,0,0,1,1,1
"496",2020,"AUTOR","VLo",53,54,3,0,0,0,1,1,0
"497",2020,"AUTOR","VLo",53,54,4,0,0,0,1,1,0
"498",2020,"AUTOR","VLo",53,54,5,0,0,1,0,1,1
"499",2020,"AUTOR","VLo",53,54,6,6,0,1,0,2,2
"500",2020,"AUTOR","VLo",53,54,7,0,0,1,0,1,1
"501",2020,"AUTOR","VLo",53,54,8,0,0,1,0,1,1
"502",2020,"AUTOR","VLo",53,54,9,0,0,1,0,1,1
"503",2020,"AUTOR","VLo",53,54,10,0,0,1,0,1,1
"504",2020,"AUTOR","VLo",53,54,11,0,0,1,0,1,1
"505",2020,"AUTOR","VLo",53,54,12,0,0,1,0,1,1
"506",2020,"AUTOR","VLo",53,54,13,0,0,1,0,1,1
"507",2020,"AUTOR","VLo",53,54,14,0,0,1,0,1,1
"508",2020,"AUTOR","VLo",53,54,15,0,0,1,0,1,1
"509",2020,"AUTOR","Me",54,8.5,1,0,1,0,0,1,1
"510",2020,"AUTOR","Me",54,8.5,2,0,0,0,1,1,1
"511",2020,"AUTOR","Me",54,8.5,3,0,0,1,0,1,1
"512",2020,"AUTOR","Me",54,8.5,4,0,0,0,1,1,0
"513",2020,"AUTOR","Me",54,8.5,5,3,2,2,0,5,2
"514",2020,"AUTOR","Me",54,8.5,6,3,0,3,0,4,1
"515",2020,"AUTOR","Me",54,8.5,7,0,1,0,0,1,1
"516",2020,"AUTOR","Me",55,6,1,0,1,0,0,1,0
"517",2020,"AUTOR","Me",55,6,2,0,1,0,0,1,1
"518",2020,"AUTOR","Me",55,6,3,0,1,0,0,1,1
"519",2020,"AUTOR","Me",55,6,4,0,0,1,0,1,1
"520",2020,"AUTOR","Me",55,6,5,0,0,1,0,1,2
"521",2020,"AUTOR","Me",56,10.2,1,0,0,0,1,1,0
"522",2020,"AUTOR","Me",56,10.2,2,0,1,0,0,1,1
"523",2020,"AUTOR","Me",56,10.2,3,0,0,0,1,1,0
"524",2020,"AUTOR","Me",56,10.2,4,0,1,1,0,2,1
"525",2020,"AUTOR","Me",56,10.2,5,3,2,1,0,4,2
"526",2020,"AUTOR","Me",56,10.2,6,3,0,2,0,3,1
"527",2020,"AUTOR","Me",56,10.2,7,0,0,2,0,2,1
"528",2020,"AUTOR","Me",56,10.2,8,0,1,0,0,1,1
"529",2020,"AUTOR","Me",57,12,1,0,0,0,1,1,0
"530",2020,"AUTOR","Me",57,12,2,0,0,0,1,1,0
"531",2020,"AUTOR","Me",57,12,3,0,0,0,1,1,0
"532",2020,"AUTOR","Me",57,12,4,0,0,1,0,1,1
"533",2020,"AUTOR","Me",57,12,5,3,2,3,0,6,2
"534",2020,"AUTOR","Me",57,12,6,1,0,2,0,3,2
"535",2020,"AUTOR","Sh",58,2,1,0,0,0,1,1,1
"536",2020,"AUTOR","Sh",58,2,2,2,0,1,0,2,1
"537",2020,"AUTOR","Sh",58,2,3,0,1,0,0,1,1
"538",2020,"AUTOR","VLo",59,54,1,0,0,0,1,1,0
"539",2020,"AUTOR","VLo",59,54,2,0,0,0,1,1,0
"540",2020,"AUTOR","VLo",59,54,3,0,0,0,1,1,0
"541",2020,"AUTOR","VLo",59,54,4,0,0,0,1,1,0
"542",2020,"AUTOR","VLo",59,54,5,0,0,0,1,1,0
"543",2020,"AUTOR","VLo",59,54,6,3,0,2,0,3,2
"544",2020,"AUTOR","VLo",59,54,7,0,0,2,0,2,1
"545",2020,"AUTOR","VLo",59,54,8,0,1,0,0,1,1
"546",2020,"AUTOR","VLo",59,54,9,0,0,1,0,1,1
"547",2020,"AUTOR","VLo",59,54,10,0,0,1,0,1,1
"548",2020,"AUTOR","VLo",59,54,11,0,0,1,0,1,1
"549",2020,"AUTOR","VLo",59,54,12,0,1,1,0,2,1
"550",2020,"AUTOR","VLo",59,54,13,0,0,1,0,1,1
"551",2020,"AUTOR","VLo",59,54,14,0,1,1,0,2,1
"552",2020,"AUTOR","VLo",59,54,15,0,2,0,0,2,2
"553",2020,"AUTOR","VLo",59,54,16,0,1,0,0,1,1
"554",2020,"AUTOR","VLo",59,54,17,0,0,1,0,1,1
"555",2020,"AUTOR","VLo",59,54,18,0,1,0,0,1,1
"556",2020,"AUTOR","VLo",59,54,19,0,1,0,0,1,1
"557",2020,"AUTOR","VLo",59,54,20,4,2,0,0,3,2
"558",2020,"AUTOR","VLo",59,54,21,0,1,0,0,1,1
"559",2020,"AUTOR","VLo",59,54,22,0,1,0,0,1,1
"560",2020,"AUTOR","Sh",60,3,1,0,0,0,1,1,0
"561",2020,"AUTOR","Sh",60,3,2,0,1,0,0,1,1
"562",2020,"AUTOR","Sh",60,3,3,4,2,0,0,3,1
"563",2020,"AUTOR","VLo",61,46,1,0,1,0,0,1,0
"564",2020,"AUTOR","VLo",61,46,2,0,1,0,0,1,1
"565",2020,"AUTOR","VLo",61,46,3,0,1,0,0,1,1
"566",2020,"AUTOR","VLo",61,46,4,0,1,0,0,1,1
"567",2020,"AUTOR","VLo",61,46,5,0,1,0,0,1,1
"568",2020,"AUTOR","VLo",61,46,6,0,1,0,0,1,1
"569",2020,"AUTOR","VLo",61,46,7,0,1,0,0,1,1
"570",2020,"AUTOR","VLo",61,46,8,0,1,0,0,1,1
"571",2020,"AUTOR","VLo",61,46,9,0,1,1,0,2,1
"572",2020,"AUTOR","VLo",61,46,10,0,1,0,0,1,1
"573",2020,"AUTOR","VLo",61,46,11,0,1,1,0,2,1
"574",2020,"AUTOR","VLo",61,46,12,0,0,1,0,1,1
"575",2020,"AUTOR","VLo",61,46,13,0,1,1,0,2,1
"576",2020,"AUTOR","VLo",61,46,14,0,0,1,0,1,1
"577",2020,"AUTOR","VLo",61,46,15,0,1,1,0,2,1
"578",2020,"AUTOR","VLo",61,46,16,0,0,1,0,1,1
"579",2020,"AUTOR","VLo",61,46,17,0,1,0,0,1,1
"580",2020,"AUTOR","VLo",61,46,18,0,0,1,0,1,1
"581",2020,"AUTOR","VLo",61,46,19,0,1,0,0,1,1
"582",2020,"AUTOR","VLo",61,46,20,0,2,0,0,2,1
"583",2020,"AUTOR","Me",62,9,1,0,0,1,0,1,0
"584",2020,"AUTOR","Me",62,9,2,0,1,0,0,1,0
"585",2020,"AUTOR","Me",62,9,3,0,0,0,1,1,1
"586",2020,"AUTOR","Me",62,9,4,0,0,1,0,1,0
"587",2020,"AUTOR","Me",62,9,5,2,1,0,0,2,1
"588",2020,"AUTOR","Me",62,9,6,0,0,1,0,1,1
"589",2020,"AUTOR","Me",62,9,7,0,0,1,0,1,1
"590",2020,"AUTOR","Me",62,9,8,0,1,0,0,1,0
"591",2020,"AUTOR","Sh",63,4.8,1,1,0,0,0,1,1
"592",2020,"AUTOR","Sh",63,4.8,2,0,1,0,0,1,1
"593",2020,"AUTOR","Sh",63,4.8,3,4,0,3,0,4,2
"594",2020,"AUTOR","Lo",64,28,1,0,1,0,0,1,0
"595",2020,"AUTOR","Lo",64,28,2,0,0,0,1,1,1
"596",2020,"AUTOR","Lo",64,28,3,0,0,0,1,1,0
"597",2020,"AUTOR","Lo",64,28,4,0,1,0,0,1,0
"598",2020,"AUTOR","Lo",64,28,5,2,3,0,0,4,1
"599",2020,"AUTOR","Lo",64,28,6,2,0,3,0,4,2
"600",2020,"AUTOR","Lo",64,28,7,3,3,0,0,4,2
"601",2020,"AUTOR","Lo",64,28,8,3,1,0,0,2,1
"602",2020,"AUTOR","Lo",64,28,9,0,0,1,0,1,1
"603",2020,"AUTOR","Lo",64,28,10,0,0,0,1,1,0
"604",2020,"AUTOR","Lo",64,28,11,0,0,1,0,1,1
"605",2020,"AUTOR","Lo",64,28,12,0,0,1,0,1,1
"606",2020,"AUTOR","Lo",64,28,13,0,0,1,0,1,1
"607",2020,"AUTOR","Lo",64,28,14,0,1,0,0,1,1
"608",2020,"AUTOR","Lo",64,28,15,0,1,0,0,1,1
"609",2020,"AUTOR","Lo",64,28,16,4,0,0,0,1,1
"610",2020,"AUTOR","Me",65,10,1,0,0,1,0,1,0
"611",2020,"AUTOR","Me",65,10,2,0,0,0,1,1,0
"612",2020,"AUTOR","Me",65,10,3,0,0,0,1,1,0
"613",2020,"AUTOR","Me",65,10,4,0,0,0,1,1,0
"614",2020,"AUTOR","Me",65,10,5,4,0,3,0,4,2
"615",2020,"AUTOR","Me",65,10,6,4,0,5,0,6,1
"616",2020,"AUTOR","VLo",66,58,1,0,1,0,0,1,0
"617",2020,"AUTOR","VLo",66,58,2,0,1,0,0,1,0
"618",2020,"AUTOR","VLo",66,58,3,0,0,0,1,1,0
"619",2020,"AUTOR","VLo",66,58,4,0,0,0,1,1,0
"620",2020,"AUTOR","VLo",66,58,5,0,0,0,1,1,0
"621",2020,"AUTOR","VLo",66,58,6,0,0,0,1,1,1
"622",2020,"AUTOR","VLo",66,58,7,1,2,2,0,5,1
"623",2020,"AUTOR","VLo",66,58,8,0,0,1,0,1,1
"624",2020,"AUTOR","VLo",66,58,9,0,0,1,0,1,1
"625",2020,"AUTOR","VLo",66,58,10,0,0,0,1,1,1
"626",2020,"AUTOR","VLo",66,58,11,0,0,1,0,1,2
"627",2020,"AUTOR","VLo",66,58,12,0,0,1,0,1,1
"628",2020,"AUTOR","VLo",66,58,13,0,0,1,0,1,1
"629",2020,"AUTOR","VLo",66,58,14,0,0,1,0,1,1
"630",2020,"AUTOR","VLo",66,58,15,0,0,1,0,1,1
"631",2020,"AUTOR","VLo",66,58,16,0,0,1,0,1,1
"632",2020,"AUTOR","VLo",66,58,17,0,0,1,0,1,1
"633",2020,"AUTOR","VLo",66,58,18,0,0,1,0,1,1
"634",2020,"AUTOR","VLo",66,58,19,0,2,0,0,2,1
"635",2020,"AUTOR","Lo",67,26.5,1,0,1,0,0,1,0
"636",2020,"AUTOR","Lo",67,26.5,2,0,0,0,1,1,0
"637",2020,"AUTOR","Lo",67,26.5,3,0,0,0,1,1,0
"638",2020,"AUTOR","Lo",67,26.5,4,2,3,0,0,4,2
"639",2020,"AUTOR","Lo",67,26.5,5,4,1,2,0,4,2
"640",2020,"AUTOR","Lo",67,26.5,6,0,0,1,0,1,1
"641",2020,"AUTOR","Lo",67,26.5,7,0,0,1,0,1,1
"642",2020,"AUTOR","Lo",67,26.5,8,0,0,1,0,1,1
"643",2020,"AUTOR","Lo",67,26.5,9,0,0,1,0,1,1
"644",2020,"AUTOR","Lo",67,26.5,10,0,0,1,0,1,1
"645",2020,"AUTOR","Lo",67,26.5,11,4,2,0,0,3,1
"646",2020,"AUTOR","Lo",67,26.5,12,0,0,1,0,1,1
"647",2020,"AUTOR","Lo",68,26.5,1,0,0,0,1,1,0
"648",2020,"AUTOR","Lo",68,26.5,2,0,0,0,1,1,0
"649",2020,"AUTOR","Lo",68,26.5,3,0,0,0,1,1,0
"650",2020,"AUTOR","Lo",68,26.5,4,0,1,0,0,1,1
"651",2020,"AUTOR","Lo",68,26.5,5,3,2,1,0,4,2
"652",2020,"AUTOR","Lo",68,26.5,6,4,0,3,0,4,1
"653",2020,"AUTOR","Lo",68,26.5,7,0,1,0,0,1,1
"654",2020,"AUTOR","Lo",68,26.5,8,0,0,1,0,1,1
"655",2020,"AUTOR","Lo",68,26.5,9,0,0,1,0,1,1
"656",2020,"AUTOR","Lo",68,26.5,10,0,0,1,0,1,1
"657",2020,"AUTOR","Lo",68,26.5,11,2,0,0,0,1,1
"658",2020,"AUTOR","Lo",68,26.5,12,0,1,0,0,1,1
"659",2020,"AUTOR","Lo",68,26.5,13,0,1,0,0,1,1
"660",2020,"AUTOR","Me",69,6.5,1,0,0,0,1,1,1
"661",2020,"AUTOR","Me",69,6.5,2,0,0,1,0,1,1
"662",2020,"AUTOR","Me",69,6.5,3,2,1,2,0,4,1
"663",2020,"AUTOR","Me",69,6.5,4,1,1,1,0,3,1
"664",2020,"AUTOR","VLo",70,42,1,0,1,0,0,1,0
"665",2020,"AUTOR","VLo",70,42,2,0,0,0,1,1,1
"666",2020,"AUTOR","VLo",70,42,3,0,0,0,1,1,1
"667",2020,"AUTOR","VLo",70,42,4,0,0,0,1,1,1
"668",2020,"AUTOR","VLo",70,42,5,0,1,0,0,1,0
"669",2020,"AUTOR","VLo",70,42,6,5,4,0,0,5,0
"670",2020,"AUTOR","VLo",70,42,7,4,3,1,0,5,1
"671",2020,"AUTOR","VLo",70,42,8,4,2,2,0,5,2
"672",2020,"AUTOR","VLo",70,42,9,0,1,0,0,1,1
"673",2020,"AUTOR","VLo",70,42,10,0,0,1,0,1,1
"674",2020,"AUTOR","VLo",70,42,11,5,2,0,0,3,2
"675",2020,"AUTOR","VLo",70,42,12,0,1,0,0,1,1
"676",2020,"AUTOR","VLo",70,42,13,0,0,1,0,1,1
"677",2020,"AUTOR","VLo",70,42,14,0,0,1,0,1,2
"678",2020,"AUTOR","VLo",70,42,15,0,0,1,0,1,1
"679",2020,"AUTOR","VLo",70,42,16,0,0,1,0,1,1
"680",2020,"AUTOR","Sh",71,5,1,0,1,0,0,1,0
"681",2020,"AUTOR","Sh",71,5,2,0,0,1,0,1,1
"682",2020,"AUTOR","Sh",71,5,3,1,1,0,0,2,1
"683",2020,"AUTOR","Sh",71,5,4,1,1,1,0,3,1
"684",2020,"AUTOR","Sh",71,5,5,3,0,3,0,4,1
"685",2020,"AUTOR","Sh",72,3,1,0,1,0,0,1,1
"686",2020,"AUTOR","Sh",72,3,2,0,1,0,0,1,1
"687",2020,"AUTOR","Sh",72,3,3,4,2,0,0,3,1
"688",2020,"AUTOR","Lo",73,38.5,1,0,1,0,0,1,0
"689",2020,"AUTOR","Lo",73,38.5,2,0,1,0,0,1,0
"690",2020,"AUTOR","Lo",73,38.5,3,0,1,1,0,2,1
"691",2020,"AUTOR","Lo",73,38.5,4,0,0,1,0,1,1
"692",2020,"AUTOR","Lo",73,38.5,5,2,2,1,0,4,3
"693",2020,"AUTOR","Lo",73,38.5,6,3,2,1,0,4,3
"694",2020,"AUTOR","Lo",73,38.5,7,0,0,1,0,1,1
"695",2020,"AUTOR","Lo",73,38.5,8,0,0,0,1,1,0
"696",2020,"AUTOR","Lo",73,38.5,9,0,0,1,0,1,2
"697",2020,"AUTOR","Lo",73,38.5,10,0,0,1,0,1,2
"698",2020,"AUTOR","Lo",73,38.5,11,0,0,1,0,1,0
"699",2020,"AUTOR","Lo",73,38.5,12,0,1,0,0,1,1
"700",2020,"AUTOR","Lo",73,38.5,13,0,0,1,0,1,1
"701",2020,"AUTOR","Lo",73,38.5,14,0,0,1,0,1,2
"702",2020,"AUTOR","Lo",73,38.5,15,0,0,1,0,1,1
"703",2020,"AUTOR","Me",74,14.5,1,0,0,0,1,1,0
"704",2020,"AUTOR","Me",74,14.5,2,0,0,0,1,1,0
"705",2020,"AUTOR","Me",74,14.5,3,0,0,0,1,1,0
"706",2020,"AUTOR","Me",74,14.5,4,0,1,0,0,1,2
"707",2020,"AUTOR","Me",74,14.5,5,2,1,2,0,4,2
"708",2020,"AUTOR","Me",74,14.5,6,1,1,3,0,5,1
"709",2020,"AUTOR","Me",74,14.5,7,5,1,0,0,2,1
"710",2020,"AUTOR","Lo",75,35.5,1,0,0,1,0,1,1
"711",2020,"AUTOR","Lo",75,35.5,2,0,1,0,0,1,1
"712",2020,"AUTOR","Lo",75,35.5,3,0,0,0,1,1,0
"713",2020,"AUTOR","Lo",75,35.5,4,1,2,0,0,3,1
"714",2020,"AUTOR","Lo",75,35.5,5,1,2,0,0,3,2
"715",2020,"AUTOR","Lo",75,35.5,6,3,1,2,0,4,1
"716",2020,"AUTOR","Lo",75,35.5,7,5,3,0,0,4,2
"717",2020,"AUTOR","Lo",75,35.5,8,0,1,0,0,1,1
"718",2020,"AUTOR","Lo",75,35.5,9,0,1,0,0,1,1
"719",2020,"AUTOR","Lo",75,35.5,10,0,1,0,0,1,1
"720",2020,"AUTOR","Lo",75,35.5,11,0,1,0,0,1,1
"721",2020,"AUTOR","Lo",75,35.5,12,0,1,0,0,1,1
"722",2020,"AUTOR","Lo",75,35.5,13,0,1,0,0,1,1
"723",2020,"AUTOR","Lo",75,35.5,14,0,1,0,0,1,1
"724",2020,"AUTOR","Lo",75,35.5,15,0,1,0,0,1,1
"725",2020,"AUTOR","Lo",75,35.5,16,0,1,0,0,1,1
"726",2020,"AUTOR","Me",76,13.5,1,0,0,1,0,1,0
"727",2020,"AUTOR","Me",76,13.5,2,0,0,0,1,1,0
"728",2020,"AUTOR","Me",76,13.5,3,0,0,0,1,1,0
"729",2020,"AUTOR","Me",76,13.5,4,3,3,0,0,4,2
"730",2020,"AUTOR","Me",76,13.5,5,4,1,2,0,4,2
"731",2020,"AUTOR","Me",76,13.5,6,4,1,1,0,3,1
"732",2020,"AUTOR","Me",76,13.5,7,0,0,1,0,1,1
"733",2020,"AUTOR","Me",76,13.5,8,0,0,1,0,1,1
"734",2020,"AUTOR","Lo",77,28,1,0,0,0,1,1,0
"735",2020,"AUTOR","Lo",77,28,2,0,0,0,1,1,0
"736",2020,"AUTOR","Lo",77,28,3,0,0,0,1,1,0
"737",2020,"AUTOR","Lo",77,28,4,0,0,0,1,1,0
"738",2020,"AUTOR","Lo",77,28,5,0,2,0,0,2,1
"739",2020,"AUTOR","Lo",77,28,6,3,1,0,0,2,1
"740",2020,"AUTOR","Lo",77,28,7,0,0,1,0,1,1
"741",2020,"AUTOR","Lo",77,28,8,1,1,0,0,2,1
"742",2020,"AUTOR","Lo",77,28,9,4,2,0,0,3,1
"743",2020,"AUTOR","Lo",77,28,10,0,0,1,0,1,1
"744",2020,"AUTOR","Lo",77,28,11,5,2,0,0,3,1
"745",2020,"AUTOR","Lo",77,28,12,0,0,1,0,1,2
"746",2020,"AUTOR","Lo",77,28,13,0,0,1,0,1,1
"747",2020,"AUTOR","Lo",77,28,14,0,0,1,0,1,1
"748",2020,"AUTOR","Lo",77,28,15,0,1,0,0,1,1
"749",2020,"AUTOR","Lo",77,28,16,0,1,0,0,1,1
"750",2020,"AUTOR","Lo",77,28,17,5,0,0,0,1,1
"751",2020,"AUTOR","Me",78,14,1,0,0,0,1,1,0
"752",2020,"AUTOR","Me",78,14,2,0,0,0,1,1,0
"753",2020,"AUTOR","Me",78,14,3,0,0,0,1,1,0
"754",2020,"AUTOR","Me",78,14,4,0,0,1,0,2,0
"755",2020,"AUTOR","Me",78,14,5,3,1,1,0,3,2
"756",2020,"AUTOR","Me",78,14,6,0,0,1,0,1,1
"757",2020,"AUTOR","Me",78,14,7,6,0,2,0,3,1
"758",2020,"AUTOR","Lo",79,22,1,0,0,0,1,1,0
"759",2020,"AUTOR","Lo",79,22,2,0,0,0,1,1,0
"760",2020,"AUTOR","Lo",79,22,3,0,0,0,1,1,0
"761",2020,"AUTOR","Lo",79,22,4,0,1,0,0,1,1
"762",2020,"AUTOR","Lo",79,22,5,1,0,1,0,2,1
"763",2020,"AUTOR","Lo",79,22,6,4,2,3,0,6,2
"764",2020,"AUTOR","Lo",79,22,7,5,0,2,0,3,1
"765",2020,"AUTOR","Lo",79,22,8,0,0,1,0,1,1
"766",2020,"AUTOR","Lo",79,22,9,4,1,1,0,3,2
"767",2020,"AUTOR","Lo",79,22,10,0,0,1,0,1,1
"768",2020,"AUTOR","Lo",80,38,1,0,0,1,0,1,0
"769",2020,"AUTOR","Lo",80,38,2,1,0,0,0,1,0
"770",2020,"AUTOR","Lo",80,38,3,1,0,0,0,1,1
"771",2020,"AUTOR","Lo",80,38,4,0,0,0,1,1,0
"772",2020,"AUTOR","Lo",80,38,5,0,1,1,0,2,2
"773",2020,"AUTOR","Lo",80,38,6,3,2,2,0,5,3
"774",2020,"AUTOR","Lo",80,38,7,2,0,4,0,5,0
"775",2020,"AUTOR","Lo",80,38,8,4,1,3,0,5,1
"776",2020,"AUTOR","Lo",80,38,9,0,0,1,0,1,1
"777",2020,"AUTOR","Lo",80,38,10,4,1,1,0,3,3
"778",2020,"AUTOR","Lo",80,38,11,0,1,0,0,1,1
"779",2020,"AUTOR","Lo",80,38,12,0,1,0,0,1,1
"786",2020,"AUTOR","VLo",83,66.5,1,0,1,0,0,1,1
"787",2020,"AUTOR","VLo",83,66.5,2,0,1,0,0,1,1
"788",2020,"AUTOR","VLo",83,66.5,3,0,0,1,0,1,1
"789",2020,"AUTOR","VLo",83,66.5,4,1,1,0,0,2,1
"790",2020,"AUTOR","VLo",83,66.5,5,2,3,0,0,4,2
"791",2020,"AUTOR","VLo",83,66.5,6,5,3,0,0,4,3
"792",2020,"AUTOR","VLo",83,66.5,7,5,2,2,0,5,2
"793",2020,"AUTOR","VLo",83,66.5,8,4,0,4,0,5,2
"794",2020,"AUTOR","VLo",83,66.5,9,0,1,0,0,1,2
"795",2020,"AUTOR","VLo",83,66.5,10,0,0,1,0,1,1
"796",2020,"AUTOR","VLo",83,66.5,11,0,0,1,0,1,1
"797",2020,"AUTOR","VLo",83,66.5,12,0,0,1,0,1,1
"798",2020,"AUTOR","VLo",83,66.5,13,0,1,0,0,1,1
"799",2020,"AUTOR","VLo",83,66.5,14,0,1,0,0,1,1
"800",2020,"AUTOR","VLo",83,66.5,15,0,1,0,0,1,1
"801",2020,"AUTOR","VLo",83,66.5,16,0,2,0,0,2,1
"802",2020,"AUTOR","VLo",83,66.5,17,0,2,0,0,2,1
"803",2020,"AUTOR","VLo",83,66.5,18,0,3,0,0,3,1
"804",2020,"AUTOR","Me",84,16,1,0,0,0,1,1,0
"805",2020,"AUTOR","Me",84,16,2,0,0,0,1,1,0
"806",2020,"AUTOR","Me",84,16,3,0,0,0,1,1,0
"807",2020,"AUTOR","Me",84,16,4,0,1,0,0,1,1
"808",2020,"AUTOR","Me",84,16,5,0,0,0,1,1,0
"809",2020,"AUTOR","Me",84,16,6,2,1,2,0,4,2
"810",2020,"AUTOR","Me",84,16,7,1,0,0,0,1,1
"811",2020,"AUTOR","Me",84,16,8,0,0,1,0,1,1
"812",2020,"AUTOR","Lo",85,22.5,1,0,0,0,1,1,0
"813",2020,"AUTOR","Lo",85,22.5,2,0,0,0,1,1,0
"814",2020,"AUTOR","Lo",85,22.5,3,0,0,0,1,1,1
"815",2020,"AUTOR","Lo",85,22.5,4,0,0,0,1,1,1
"816",2020,"AUTOR","Lo",85,22.5,5,3,1,1,0,3,2
"817",2020,"AUTOR","Lo",85,22.5,6,4,1,1,0,3,2
"818",2020,"AUTOR","Lo",85,22.5,7,5,0,2,0,3,2
"819",2020,"AUTOR","VLo",86,45,1,0,0,1,0,1,0
"820",2020,"AUTOR","VLo",86,45,2,0,1,0,0,1,1
"821",2020,"AUTOR","VLo",86,45,3,0,1,0,0,1,1
"822",2020,"AUTOR","VLo",86,45,4,0,1,0,0,1,1
"823",2020,"AUTOR","VLo",86,45,5,2,2,1,0,4,1
"824",2020,"AUTOR","VLo",86,45,6,4,1,2,0,4,2
"825",2020,"AUTOR","VLo",86,45,7,3,0,4,0,5,2
"826",2020,"AUTOR","VLo",86,45,8,0,1,0,0,1,1
"827",2020,"AUTOR","VLo",86,45,9,0,0,1,0,1,1
"828",2020,"AUTOR","VLo",86,45,10,1,2,1,0,4,2
"829",2020,"AUTOR","VLo",86,45,11,0,0,1,0,1,1
"830",2020,"AUTOR","VLo",86,45,12,0,1,0,0,1,1
"831",2020,"AUTOR","VLo",86,45,13,0,1,0,0,1,1
"832",2020,"AUTOR","VLo",86,45,14,0,1,1,0,2,2
"845",2020,"AUTOR","Sh",88,4.5,1,0,1,0,0,1,0
"846",2020,"AUTOR","Sh",88,4.5,2,0,0,0,1,1,1
"847",2020,"AUTOR","Sh",88,4.5,3,1,2,0,0,3,2
"848",2020,"AUTOR","Sh",88,4.5,4,0,0,1,0,1,1
"859",2020,"AUTOR","VLo",90,41,1,0,0,1,0,1,0
"860",2020,"AUTOR","VLo",90,41,2,0,1,0,0,1,0
"861",2020,"AUTOR","VLo",90,41,3,0,0,0,1,1,0
"862",2020,"AUTOR","VLo",90,41,4,0,1,0,0,1,0
"863",2020,"AUTOR","VLo",90,41,5,1,4,1,0,6,1
"864",2020,"AUTOR","VLo",90,41,6,1,0,0,0,1,1
"865",2020,"AUTOR","VLo",90,41,7,0,1,0,0,1,2
"866",2020,"AUTOR","VLo",90,41,8,0,0,1,0,1,1
"867",2020,"AUTOR","VLo",90,41,9,4,1,2,0,4,2
"868",2020,"AUTOR","VLo",90,41,10,4,2,1,0,4,3
"869",2020,"AUTOR","VLo",90,41,11,5,2,1,0,4,2
"870",2020,"AUTOR","VLo",90,41,12,3,1,0,0,2,2
"871",2020,"AUTOR","VLo",90,41,13,5,1,0,0,2,1
"872",2020,"AUTOR","VLo",90,41,14,0,0,1,0,1,0
"873",2020,"AUTOR","VLo",90,41,15,0,0,1,0,1,1
"874",2020,"AUTOR","VLo",90,41,16,0,0,1,0,1,1
"875",2020,"AUTOR","VLo",90,41,17,0,0,1,0,1,1
"876",2020,"AUTOR","VLo",90,41,18,2,0,0,0,1,1
"877",2020,"AUTOR","VLo",90,41,19,3,0,0,0,1,1
"878",2020,"AUTOR","Sh",91,2,1,0,1,0,0,1,0
"879",2020,"AUTOR","Sh",91,2,2,2,3,0,0,4,1
"880",2020,"AUTOR","Me",92,18,1,0,0,0,1,1,0
"881",2020,"AUTOR","Me",92,18,2,0,0,0,1,1,0
"882",2020,"AUTOR","Me",92,18,3,0,1,0,0,1,0
"883",2020,"AUTOR","Me",92,18,4,0,0,1,0,1,0
"884",2020,"AUTOR","Me",92,18,5,6,4,1,0,6,2
"885",2020,"AUTOR","Me",92,18,6,2,1,3,0,5,2
"886",2020,"AUTOR","Me",92,18,7,0,1,0,0,1,1
"887",2020,"AUTOR","Sh",93,4,1,0,0,0,1,1,0
"888",2020,"AUTOR","Sh",93,4,2,0,0,0,1,1,0
"889",2020,"AUTOR","Sh",93,4,3,0,0,0,1,1,0
"890",2020,"AUTOR","Sh",93,4,4,2,1,0,0,2,1
"891",2020,"AUTOR","Sh",93,4,5,0,1,2,0,3,2
"892",2020,"AUTOR","Sh",94,3,1,0,0,1,0,1,0
"893",2020,"AUTOR","Sh",94,3,2,0,0,0,1,1,0
"894",2020,"AUTOR","Sh",94,3,3,0,1,0,0,1,1
"895",2020,"AUTOR","Sh",94,3,4,0,2,0,0,2,2
"896",2020,"AUTOR","VLo",95,43.5,1,0,0,1,0,1,0
"897",2020,"AUTOR","VLo",95,43.5,2,0,0,0,1,1,0
"898",2020,"AUTOR","VLo",95,43.5,3,0,0,0,1,1,0
"899",2020,"AUTOR","VLo",95,43.5,4,0,0,0,1,1,0
"900",2020,"AUTOR","VLo",95,43.5,5,0,0,1,0,1,1
"901",2020,"AUTOR","VLo",95,43.5,6,5,5,2,0,8,4
"902",2020,"AUTOR","VLo",95,43.5,7,5,0,3,0,4,2
"903",2020,"AUTOR","VLo",95,43.5,8,0,1,1,0,2,1
"904",2020,"AUTOR","VLo",95,43.5,9,5,2,1,0,4,3
"905",2020,"AUTOR","VLo",95,43.5,10,0,0,1,0,1,1
"906",2020,"AUTOR","VLo",95,43.5,11,0,0,1,0,1,1
"907",2020,"AUTOR","VLo",95,43.5,12,0,0,1,0,1,1
"908",2020,"AUTOR","VLo",95,43.5,13,0,0,1,0,1,1
"909",2020,"AUTOR","VLo",95,43.5,14,0,0,1,0,1,1
"910",2020,"AUTOR","VLo",95,43.5,15,4,2,1,0,4,4
"911",2020,"AUTOR","VLo",95,43.5,16,0,0,1,0,1,1
"915",2020,"AUTOR","Lo",97,26,1,0,0,0,1,1,0
"916",2020,"AUTOR","Lo",97,26,2,0,0,0,1,1,0
"917",2020,"AUTOR","Lo",97,26,3,0,1,0,0,1,1
"918",2020,"AUTOR","Lo",97,26,4,1,0,0,0,1,1
"919",2020,"AUTOR","Lo",97,26,5,4,1,3,0,5,1
"920",2020,"AUTOR","Lo",97,26,6,3,0,2,0,3,1
"921",2020,"AUTOR","Lo",97,26,7,0,1,0,0,1,1
"922",2020,"AUTOR","Lo",97,26,8,5,1,0,0,2,1
"923",2020,"AUTOR","Lo",97,26,9,0,0,1,0,1,1
"931",2020,"AUTOR","Sh",99,2.5,1,2,1,0,0,2,1
"932",2020,"AUTOR","VLo",100,72,1,0,1,0,0,1,1
"933",2020,"AUTOR","VLo",100,72,2,0,1,0,0,1,1
"934",2020,"AUTOR","VLo",100,72,3,0,0,0,1,1,1
"935",2020,"AUTOR","VLo",100,72,4,0,1,0,0,1,1
"936",2020,"AUTOR","VLo",100,72,5,0,2,0,0,2,1
"937",2020,"AUTOR","VLo",100,72,6,0,0,2,0,2,2
"938",2020,"AUTOR","VLo",100,72,7,0,1,1,0,2,1
"939",2020,"AUTOR","VLo",100,72,8,2,2,0,0,3,1
"940",2020,"AUTOR","VLo",100,72,9,2,2,2,0,5,1
"941",2020,"AUTOR","VLo",100,72,10,0,1,0,0,1,1
"942",2020,"AUTOR","VLo",100,72,11,0,1,0,0,1,1
"943",2020,"AUTOR","VLo",100,72,12,0,1,0,0,1,1
"944",2020,"AUTOR","VLo",100,72,13,0,1,0,0,1,1
"945",2020,"AUTOR","VLo",100,72,14,0,1,0,0,1,1
"946",2020,"AUTOR","VLo",100,72,15,0,1,0,0,1,1
"947",2020,"AUTOR","VLo",100,72,16,0,1,0,0,1,1
"948",2020,"AUTOR","VLo",100,72,17,0,1,0,0,1,1
"949",2020,"AUTOR","VLo",100,72,18,0,0,1,0,1,1
"950",2020,"AUTOR","VLo",100,72,19,0,0,1,0,1,1
"951",2020,"AUTOR","VLo",100,72,20,0,0,1,0,1,1
"952",2020,"AUTOR","VLo",100,72,21,0,1,0,0,1,1
"953",2020,"AUTOR","VLo",100,72,22,0,1,0,0,1,1
"954",2020,"AUTOR","VLo",100,72,23,0,3,0,0,3,2
"966",2020,"AUTOR","Me",102,10,1,0,1,0,0,1,0
"967",2020,"AUTOR","Me",102,10,2,0,1,0,0,1,0
"968",2020,"AUTOR","Me",102,10,3,0,0,0,1,1,0
"969",2020,"AUTOR","Me",102,10,4,2,1,1,0,3,1
"970",2020,"AUTOR","Me",102,10,5,0,1,1,0,2,2
"971",2020,"AUTOR","Me",102,10,6,0,1,0,0,1,1
"972",2020,"AUTOR","Me",102,10,7,5,1,0,0,2,1
"973",2020,"AUTOR","Sh",103,2.5,1,0,0,0,1,1,0
"974",2020,"AUTOR","Sh",103,2.5,2,0,0,0,1,1,0
"975",2020,"AUTOR","Sh",103,2.5,3,0,0,1,0,1,0
"976",2020,"AUTOR","Sh",103,2.5,4,1,0,3,0,4,2
"977",2020,"AUTOR","Lo",104,33,1,0,1,0,0,1,0
"978",2020,"AUTOR","Lo",104,33,2,0,1,0,0,1,0
"979",2020,"AUTOR","Lo",104,33,3,0,1,0,0,1,0
"980",2020,"AUTOR","Lo",104,33,4,0,0,1,0,1,1
"981",2020,"AUTOR","Lo",104,33,5,0,1,3,0,4,2
"982",2020,"AUTOR","Lo",104,33,6,0,1,0,0,1,1
"983",2020,"AUTOR","Lo",104,33,7,0,0,1,0,1,1
"984",2020,"AUTOR","Lo",104,33,8,0,0,1,0,1,2
"985",2020,"AUTOR","Lo",104,33,9,0,0,1,0,1,2
"986",2020,"AUTOR","Lo",104,33,10,0,0,1,0,1,1
"987",2020,"AUTOR","Lo",104,33,11,0,1,0,0,1,1
"988",2020,"AUTOR","Lo",104,33,12,0,0,1,0,1,1
"989",2020,"AUTOR","Sh",105,2.5,1,0,0,1,0,1,1
"990",2020,"AUTOR","Sh",105,2.5,2,0,1,0,0,1,1
"991",2020,"AUTOR","Sh",105,2.5,3,3,1,1,0,3,1
"996",2020,"AUTOR","Lo",107,30,1,0,1,0,0,1,1
"997",2020,"AUTOR","Lo",107,30,2,0,0,1,0,1,1
"998",2020,"AUTOR","Lo",107,30,3,0,0,0,1,1,0
"999",2020,"AUTOR","Lo",107,30,4,0,2,1,0,3,2
"1000",2020,"AUTOR","Lo",107,30,5,2,1,2,0,4,2
"1001",2020,"AUTOR","Lo",107,30,6,0,0,1,0,1,2
"1002",2020,"AUTOR","Lo",107,30,7,6,3,1,0,5,2
"1003",2020,"AUTOR","Lo",107,30,8,0,0,1,0,1,2
"1004",2020,"AUTOR","Lo",107,30,9,0,0,1,0,1,2
"1005",2020,"AUTOR","Lo",107,30,10,0,0,1,0,1,2
"1006",2020,"AUTOR","Lo",107,30,11,0,1,0,0,1,1
"1007",2020,"AUTOR","Lo",107,30,12,0,0,1,0,1,1
"1008",2020,"AUTOR","Lo",107,30,13,0,0,1,0,1,1
"1022",2020,"AUTOR","Me",109,5.5,1,0,0,0,1,1,1
"1023",2020,"AUTOR","Me",109,5.5,2,0,1,0,0,1,2
"1024",2020,"AUTOR","Me",109,5.5,3,3,3,0,0,4,2
"1025",2020,"AUTOR","Me",109,5.5,4,0,1,2,0,3,0
"1026",2020,"AUTOR","Me",109,5.5,5,3,1,0,0,2,1
"1027",2020,"AUTOR","Lo",110,33,1,0,0,0,1,1,0
"1028",2020,"AUTOR","Lo",110,33,2,0,0,0,1,1,0
"1029",2020,"AUTOR","Lo",110,33,3,0,0,0,1,1,0
"1030",2020,"AUTOR","Lo",110,33,4,1,3,0,0,4,2
"1031",2020,"AUTOR","Lo",110,33,5,1,1,2,0,4,2
"1032",2020,"AUTOR","Lo",110,33,6,0,0,1,0,1,1
"1033",2020,"AUTOR","Lo",110,33,7,0,0,1,0,1,1
"1034",2020,"AUTOR","Lo",110,33,8,0,0,1,0,1,1
"1035",2020,"AUTOR","Lo",110,33,9,0,0,1,0,1,1
"1036",2020,"AUTOR","Lo",110,33,10,0,0,1,0,1,1
"1037",2020,"AUTOR","Lo",110,33,11,0,0,1,0,1,1
"1038",2020,"AUTOR","Lo",110,33,12,0,0,1,0,1,1
"1039",2020,"AUTOR","Lo",110,33,13,0,0,1,0,1,1
"1040",2020,"AUTOR","Lo",110,33,14,0,0,1,0,1,1
"1041",2020,"AUTOR","Lo",110,33,15,0,1,0,0,1,1
"1042",2020,"AUTOR","Lo",110,33,16,2,1,0,0,1,1
"1043",2020,"AUTOR","VLo",111,43,1,0,0,0,1,1,1
"1044",2020,"AUTOR","VLo",111,43,2,0,0,0,1,1,0
"1045",2020,"AUTOR","VLo",111,43,3,0,0,0,1,1,0
"1046",2020,"AUTOR","VLo",111,43,4,0,0,0,1,1,0
"1047",2020,"AUTOR","VLo",111,43,5,0,1,0,0,1,0
"1048",2020,"AUTOR","VLo",111,43,6,0,1,0,0,1,0
"1049",2020,"AUTOR","VLo",111,43,7,4,2,0,0,3,0
"1050",2020,"AUTOR","VLo",111,43,8,2,2,2,0,5,0
"1051",2020,"AUTOR","VLo",111,43,9,0,1,0,0,1,2
"1052",2020,"AUTOR","VLo",111,43,10,0,1,0,0,1,2
"1053",2020,"AUTOR","VLo",111,43,11,0,0,1,0,1,1
"1054",2020,"AUTOR","VLo",111,43,12,0,0,1,0,1,1
"1055",2020,"AUTOR","VLo",111,43,13,0,0,1,0,1,1
"1056",2020,"AUTOR","VLo",111,43,14,0,0,1,0,1,1
"1057",2020,"AUTOR","VLo",111,43,15,0,0,1,0,1,1
"1058",2020,"AUTOR","VLo",111,43,16,0,0,1,0,1,1
"1059",2020,"AUTOR","VLo",111,43,17,0,1,0,0,1,1
"1060",2020,"AUTOR","VLo",111,43,18,0,1,0,0,1,1
"1061",2020,"AUTOR","VLo",111,43,19,0,1,0,0,1,1
"1062",2020,"AUTOR","VLo",111,43,20,4,0,0,0,1,2
"1073",2020,"AUTOR","Sh",115,4.8,1,0,1,0,0,1,1
"1074",2020,"AUTOR","Sh",115,4.8,2,0,0,1,0,1,1
"1075",2020,"AUTOR","Sh",115,4.8,3,1,1,0,0,2,1
"1076",2020,"AUTOR","Sh",115,4.8,4,2,1,1,0,3,1
"1077",2020,"AUTOR","Lo",116,38.5,1,0,1,0,0,1,0
"1078",2020,"AUTOR","Lo",116,38.5,2,0,0,1,0,1,1
"1079",2020,"AUTOR","Lo",116,38.5,3,0,0,1,0,1,1
"1080",2020,"AUTOR","Lo",116,38.5,4,0,0,0,1,1,0
"1081",2020,"AUTOR","Lo",116,38.5,5,4,2,1,0,4,2
"1082",2020,"AUTOR","Lo",116,38.5,6,0,0,1,0,1,1
"1083",2020,"AUTOR","Lo",116,38.5,7,0,0,1,0,1,1
"1084",2020,"AUTOR","Lo",116,38.5,8,0,0,1,0,1,1
"1085",2020,"AUTOR","Lo",116,38.5,9,0,0,1,0,1,1
"1086",2020,"AUTOR","Lo",116,38.5,10,0,0,1,0,1,1
"1087",2020,"AUTOR","Lo",116,38.5,11,0,0,1,0,1,1
"1088",2020,"AUTOR","Lo",116,38.5,12,0,0,1,0,1,1
"1089",2020,"AUTOR","Lo",116,38.5,13,1,1,0,0,2,1
"1090",2020,"AUTOR","VLo",117,43.5,1,0,1,0,0,1,1
"1091",2020,"AUTOR","VLo",117,43.5,2,0,1,0,0,1,1
"1092",2020,"AUTOR","VLo",117,43.5,3,0,1,0,0,1,1
"1093",2020,"AUTOR","VLo",117,43.5,4,0,1,0,0,1,1
"1094",2020,"AUTOR","VLo",117,43.5,5,0,1,0,0,1,1
"1095",2020,"AUTOR","VLo",117,43.5,6,0,1,0,0,1,1
"1096",2020,"AUTOR","VLo",117,43.5,7,2,1,3,0,5,2
"1097",2020,"AUTOR","VLo",117,43.5,8,4,1,3,0,5,2
"1098",2020,"AUTOR","VLo",117,43.5,9,0,1,0,0,1,1
"1099",2020,"AUTOR","VLo",117,43.5,10,0,1,0,0,1,1
"1100",2020,"AUTOR","VLo",117,43.5,11,0,0,1,0,1,1
"1101",2020,"AUTOR","VLo",117,43.5,12,0,0,1,0,1,1
"1102",2020,"AUTOR","VLo",117,43.5,13,0,0,1,0,1,1
"1103",2020,"AUTOR","VLo",117,43.5,14,0,0,1,0,1,1
"1104",2020,"AUTOR","VLo",117,43.5,15,0,0,1,0,1,1
"1105",2020,"AUTOR","VLo",117,43.5,16,0,0,1,0,1,1
"1106",2020,"AUTOR","VLo",117,43.5,17,0,1,0,0,1,1
"1107",2020,"AUTOR","VLo",117,43.5,18,0,2,0,0,2,1
"1108",2020,"AUTOR","Sh",118,2,1,0,1,0,0,1,0
"1109",2020,"AUTOR","Sh",118,2,2,0,2,2,0,4,2
