tesi,unit,length,unit_2,diam,class,shoot_ID,tree,Length(node),rank_node,median_distance,norm_median_distance,abs_norm_median_distance,abs_median_distance,sylleptic,v,m,cl,nu,b,tot_buds_mvb,tot_buds_mv,shoot_type,nb_new_shoots,c_syl,v_syl,m_syl,tot_buds_syl_m_v
AUTOR,cm,42,mm,6.37,VLo,1,8,13,1,-6,-0.5,0.46,6,0,1,0,0,0,0,1,1,PROLEPTIC,0,,,,
AUTOR,cm,42,mm,6.37,VLo,1,8,13,2,-5,-0.4,0.38,5,0,0,0,0,0,1,1,0,PROLEPTIC,0,,,,
AUTOR,cm,42,mm,6.37,VLo,1,8,13,3,-4,-0.3,0.31,4,0,1,0,0,0,0,1,1,PROLEPTIC,1,,,,
AUTOR,cm,42,mm,6.37,VLo,1,8,13,4,-3,-0.2,0.23,3,1,0,0,0,0,0,0,0,SYLLEPTIC,1,1,0,2,2
AUTOR,cm,42,mm,6.37,VLo,1,8,13,5,-2,-0.2,0.15,2,1,0,0,0,0,0,0,0,SYLLEPTIC,1,1,1,0,1
AUTOR,cm,42,mm,6.37,VLo,1,8,13,6,-1,-0.1,0.08,1,1,0,0,1,3,0,0,0,SYLLEPTIC,2,1,0,3,3
AUTOR,cm,42,mm,6.37,VLo,1,8,13,7,0,0,0,0,1,0,0,0,0,0,0,0,SYLLEPTIC,2,1,1,1,2
AUTOR,cm,42,mm,6.37,VLo,1,8,13,8,1,0.1,0.08,1,0,0,1,1,3,0,1,1,PROLEPTIC,1,,,,
AUTOR,cm,42,mm,6.37,VLo,1,8,13,9,2,0.2,0.15,2,0,0,1,0,0,0,1,1,PROLEPTIC,1,,,,
AUTOR,cm,42,mm,6.37,VLo,1,8,13,10,3,0.2,0.23,3,0,0,1,1,3,0,1,1,PROLEPTIC,1,,,,
AUTOR,cm,42,mm,6.37,VLo,1,8,13,11,4,0.3,0.31,4,0,0,1,0,0,0,1,1,PROLEPTIC,1,,,,
AUTOR,cm,42,mm,6.37,VLo,1,8,13,12,5,0.4,0.38,5,0,1,0,0,0,0,1,1,PROLEPTIC,1,,,,
AUTOR,cm,42,mm,6.37,VLo,1,8,13,13,6,0.5,0.46,6,0,2,1,0,0,0,3,3,PROLEPTIC,2,,,,
AUTOR,cm,40,mm,6.22,Lo,2,8,14,1,-6.5,-0.5,0.46,6.5,0,1,0,0,0,0,1,1,PROLEPTIC,1,,,,
AUTOR,cm,40,mm,6.22,Lo,2,8,14,2,-5.5,-0.4,0.39,5.5,0,0,1,1,2,0,1,1,PROLEPTIC,1,,,,
AUTOR,cm,40,mm,6.22,Lo,2,8,14,3,-4.5,-0.3,0.32,4.5,0,1,0,0,0,0,1,1,PROLEPTIC,1,,,,
AUTOR,cm,40,mm,6.22,Lo,2,8,14,4,-3.5,-0.2,0.25,3.5,0,3,0,0,0,0,3,3,PROLEPTIC,1,,,,
AUTOR,cm,40,mm,6.22,Lo,2,8,14,5,-2.5,-0.2,0.18,2.5,1,0,0,1,2,0,0,0,SYLLEPTIC,1,1,1,2,3
AUTOR,cm,40,mm,6.22,Lo,2,8,14,6,-1.5,-0.1,0.11,1.5,0,1,0,0,0,0,1,1,PROLEPTIC,1,,,,
AUTOR,cm,40,mm,6.22,Lo,2,8,14,7,-0.5,0,0.04,0.5,1,0,0,0,0,0,0,0,SYLLEPTIC,1,1,3,2,5
AUTOR,cm,40,mm,6.22,Lo,2,8,14,8,0.5,0,0.04,0.5,0,0,1,1,4,0,1,1,PROLEPTIC,1,,,,
AUTOR,cm,40,mm,6.22,Lo,2,8,14,9,1.5,0.1,0.11,1.5,1,0,0,0,0,0,0,0,SYLLEPTIC,1,1,1,0,1
AUTOR,cm,40,mm,6.22,Lo,2,8,14,10,2.5,0.2,0.18,2.5,0,0,1,1,3,0,1,1,PROLEPTIC,1,,,,
AUTOR,cm,40,mm,6.22,Lo,2,8,14,11,3.5,0.2,0.25,3.5,1,0,0,0,0,0,0,0,SYLLEPTIC,1,1,2,0,2
AUTOR,cm,40,mm,6.22,Lo,2,8,14,12,4.5,0.3,0.32,4.5,0,0,1,1,4,0,1,1,PROLEPTIC,1,,,,
AUTOR,cm,40,mm,6.22,Lo,2,8,14,13,5.5,0.4,0.39,5.5,0,0,1,1,5,0,1,1,PROLEPTIC,1,,,,
AUTOR,cm,40,mm,6.22,Lo,2,8,14,14,6.5,0.5,0.46,6.5,0,0,1,0,0,0,1,1,PROLEPTIC,1,,,,
AUTOR,cm,9,mm,3.7,Me,3,8,6,1,-2.5,-0.4,0.42,2.5,0,1,0,0,0,0,1,1,PROLEPTIC,0,,,,
AUTOR,cm,9,mm,3.7,Me,3,8,6,2,-1.5,-0.2,0.25,1.5,0,1,0,0,0,0,1,1,PROLEPTIC,0,,,,
AUTOR,cm,9,mm,3.7,Me,3,8,6,3,-0.5,-0.1,0.08,0.5,0,1,0,0,0,0,1,1,PROLEPTIC,0,,,,
AUTOR,cm,9,mm,3.7,Me,3,8,6,4,0.5,0.1,0.08,0.5,0,0,1,1,2,0,1,1,PROLEPTIC,1,,,,
AUTOR,cm,9,mm,3.7,Me,3,8,6,5,1.5,0.2,0.25,1.5,0,0,1,1,4,0,1,1,PROLEPTIC,1,,,,
AUTOR,cm,9,mm,3.7,Me,3,8,6,6,2.5,0.4,0.42,2.5,0,2,1,0,0,0,3,3,PROLEPTIC,2,,,,
AUTOR,cm,48,mm,7.43,VLo,4,8,17,1,-8,-0.5,0.47,8,0,1,0,0,0,0,1,1,PROLEPTIC,1,,,,
AUTOR,cm,48,mm,7.43,VLo,4,8,17,2,-7,-0.4,0.41,7,0,1,0,0,0,0,1,1,PROLEPTIC,1,,,,
AUTOR,cm,48,mm,7.43,VLo,4,8,17,3,-6,-0.4,0.35,6,0,1,0,0,0,0,1,1,PROLEPTIC,1,,,,
AUTOR,cm,48,mm,7.43,VLo,4,8,17,4,-5,-0.3,0.29,5,0,1,0,0,0,0,1,1,PROLEPTIC,1,,,,
AUTOR,cm,48,mm,7.43,VLo,4,8,17,5,-4,-0.2,0.24,4,0,0,1,1,4,0,1,1,PROLEPTIC,1,,,,
AUTOR,cm,48,mm,7.43,VLo,4,8,17,6,-3,-0.2,0.18,3,0,0,1,1,6,0,1,1,PROLEPTIC,1,,,,
AUTOR,cm,48,mm,7.43,VLo,4,8,17,7,-2,-0.1,0.12,2,0,1,0,0,0,0,1,1,PROLEPTIC,1,,,,
AUTOR,cm,48,mm,7.43,VLo,4,8,17,8,-1,-0.1,0.06,1,0,1,0,0,0,0,1,1,PROLEPTIC,1,,,,
AUTOR,cm,48,mm,7.43,VLo,4,8,17,9,0,0,0,0,0,1,0,0,0,0,1,1,PROLEPTIC,1,,,,
AUTOR,cm,48,mm,7.43,VLo,4,8,17,10,1,0.1,0.06,1,0,1,0,0,0,0,1,1,PROLEPTIC,1,,,,
AUTOR,cm,48,mm,7.43,VLo,4,8,17,11,2,0.1,0.12,2,0,1,0,0,0,0,1,1,PROLEPTIC,1,,,,
AUTOR,cm,48,mm,7.43,VLo,4,8,17,12,3,0.2,0.18,3,0,1,0,0,0,0,1,1,PROLEPTIC,1,,,,
AUTOR,cm,48,mm,7.43,VLo,4,8,17,13,4,0.2,0.24,4,0,1,0,0,0,0,1,1,PROLEPTIC,1,,,,
AUTOR,cm,48,mm,7.43,VLo,4,8,17,14,5,0.3,0.29,5,0,1,0,0,0,0,1,1,PROLEPTIC,1,,,,
AUTOR,cm,48,mm,7.43,VLo,4,8,17,15,6,0.4,0.35,6,0,1,0,0,0,0,1,1,PROLEPTIC,1,,,,
AUTOR,cm,48,mm,7.43,VLo,4,8,17,16,7,0.4,0.41,7,0,1,0,0,0,0,1,1,PROLEPTIC,1,,,,
AUTOR,cm,48,mm,7.43,VLo,4,8,17,17,8,0.5,0.47,8,0,3,0,0,0,0,3,3,PROLEPTIC,3,,,,
AUTOR,cm,41,mm,7.17,VLo,5,8,17,1,-8,-0.5,0.47,8,0,1,0,0,0,0,1,1,PROLEPTIC,0,,,,
AUTOR,cm,41,mm,7.17,VLo,5,8,17,2,-7,-0.4,0.41,7,0,1,0,0,0,0,1,1,PROLEPTIC,0,,,,
AUTOR,cm,41,mm,7.17,VLo,5,8,17,3,-6,-0.4,0.35,6,0,2,0,0,0,0,2,2,PROLEPTIC,2,,,,
AUTOR,cm,41,mm,7.17,VLo,5,8,17,4,-5,-0.3,0.29,5,0,0,1,1,1,0,1,1,PROLEPTIC,1,,,,
AUTOR,cm,41,mm,7.17,VLo,5,8,17,5,-4,-0.2,0.24,4,1,0,0,1,3,0,0,0,SYLLEPTIC,2,1,2,1,3
AUTOR,cm,41,mm,7.17,VLo,5,8,17,6,-3,-0.2,0.18,3,0,0,1,1,3,0,1,1,PROLEPTIC,1,,,,
AUTOR,cm,41,mm,7.17,VLo,5,8,17,7,-2,-0.1,0.12,2,1,0,0,0,0,0,0,0,SYLLEPTIC,2,1,3,2,5
AUTOR,cm,41,mm,7.17,VLo,5,8,17,8,-1,-0.1,0.06,1,1,0,0,0,0,0,0,0,SYLLEPTIC,2,1,0,1,1
AUTOR,cm,41,mm,7.17,VLo,5,8,17,9,0,0,0,0,0,1,1,1,4,0,2,2,PROLEPTIC,1,,,,
AUTOR,cm,41,mm,7.17,VLo,5,8,17,10,1,0.1,0.06,1,0,1,1,1,4,0,2,2,PROLEPTIC,1,,,,
AUTOR,cm,41,mm,7.17,VLo,5,8,17,11,2,0.1,0.12,2,0,0,1,0,0,0,1,1,PROLEPTIC,1,,,,
AUTOR,cm,41,mm,7.17,VLo,5,8,17,12,3,0.2,0.18,3,0,0,1,1,3,0,1,1,PROLEPTIC,1,,,,
AUTOR,cm,41,mm,7.17,VLo,5,8,17,13,4,0.2,0.24,4,1,0,0,0,0,0,0,0,SYLLEPTIC,2,1,3,0,3
AUTOR,cm,41,mm,7.17,VLo,5,8,17,14,5,0.3,0.29,5,0,0,1,0,0,0,1,1,PROLEPTIC,1,,,,
AUTOR,cm,41,mm,7.17,VLo,5,8,17,15,6,0.4,0.35,6,0,2,0,0,0,0,2,2,PROLEPTIC,2,,,,
AUTOR,cm,41,mm,7.17,VLo,5,8,17,16,7,0.4,0.41,7,1,0,0,0,0,0,0,0,SYLLEPTIC,0,1,0,0,0
AUTOR,cm,41,mm,7.17,VLo,5,8,17,17,8,0.5,0.47,8,0,0,1,1,1,0,1,1,PROLEPTIC,1,,,,
AUTOR,cm,14,mm,4.34,Me,6,8,7,1,-3,-0.4,0.43,3,0,1,0,0,0,0,1,1,PROLEPTIC,1,,,,
AUTOR,cm,14,mm,4.34,Me,6,8,7,2,-2,-0.3,0.29,2,0,0,0,0,0,1,1,0,PROLEPTIC,0,,,,
AUTOR,cm,14,mm,4.34,Me,6,8,7,3,-1,-0.1,0.14,1,1,0,0,0,0,0,0,0,SYLLEPTIC,1,1,2,0,2
AUTOR,cm,14,mm,4.34,Me,6,8,7,4,0,0,0,0,1,0,0,0,0,0,0,0,SYLLEPTIC,2,1,0,2,2
AUTOR,cm,14,mm,4.34,Me,6,8,7,5,1,0.1,0.14,1,0,0,1,1,3,0,1,1,PROLEPTIC,1,,,,
AUTOR,cm,14,mm,4.34,Me,6,8,7,6,2,0.3,0.29,2,1,0,0,0,0,0,0,0,SYLLEPTIC,1,1,1,0,1
AUTOR,cm,14,mm,4.34,Me,6,8,7,7,3,0.4,0.43,3,0,0,1,1,2,0,1,1,PROLEPTIC,1,,,,
AUTOR,cm,43,mm,6.41,VLo,7,8,14,1,-6.5,-0.5,0.46,6.5,0,0,1,0,0,0,1,1,PROLEPTIC,1,,,,
AUTOR,cm,43,mm,6.41,VLo,7,8,14,2,-5.5,-0.4,0.39,5.5,0,0,0,0,0,1,1,0,PROLEPTIC,1,,,,
AUTOR,cm,43,mm,6.41,VLo,7,8,14,3,-4.5,-0.3,0.32,4.5,0,2,0,0,0,0,2,2,PROLEPTIC,1,,,,
AUTOR,cm,43,mm,6.41,VLo,7,8,14,4,-3.5,-0.2,0.25,3.5,1,0,0,0,0,0,0,0,SYLLEPTIC,1,1,0,0,0
AUTOR,cm,43,mm,6.41,VLo,7,8,14,5,-2.5,-0.2,0.18,2.5,1,0,0,1,5,0,0,0,SYLLEPTIC,2,1,0,3,3
AUTOR,cm,43,mm,6.41,VLo,7,8,14,6,-1.5,-0.1,0.11,1.5,0,1,1,1,6,0,2,2,PROLEPTIC,1,,,,
AUTOR,cm,43,mm,6.41,VLo,7,8,14,7,-0.5,0,0.04,0.5,1,0,0,0,0,0,0,0,SYLLEPTIC,1,1,2,0,2
AUTOR,cm,43,mm,6.41,VLo,7,8,14,8,0.5,0,0.04,0.5,1,0,0,0,0,0,0,0,SYLLEPTIC,2,1,1,1,2
AUTOR,cm,43,mm,6.41,VLo,7,8,14,9,1.5,0.1,0.11,1.5,0,0,1,0,0,0,1,1,PROLEPTIC,0,,,,
AUTOR,cm,43,mm,6.41,VLo,7,8,14,10,2.5,0.2,0.18,2.5,0,0,1,0,0,0,1,1,PROLEPTIC,1,,,,
AUTOR,cm,43,mm,6.41,VLo,7,8,14,11,3.5,0.2,0.25,3.5,0,0,1,0,0,0,1,1,PROLEPTIC,1,,,,
AUTOR,cm,43,mm,6.41,VLo,7,8,14,12,4.5,0.3,0.32,4.5,0,0,1,0,0,0,1,1,PROLEPTIC,1,,,,
AUTOR,cm,43,mm,6.41,VLo,7,8,14,13,5.5,0.4,0.39,5.5,0,1,0,0,0,0,1,1,PROLEPTIC,1,,,,
AUTOR,cm,43,mm,6.41,VLo,7,8,14,14,6.5,0.5,0.46,6.5,0,3,0,0,0,0,3,3,PROLEPTIC,3,,,,
AUTOR,cm,3,mm,2.34,Sh,8,8,3,1,-1,-0.3,0.33,1,0,1,0,0,0,0,1,1,PROLEPTIC,,,,,
AUTOR,cm,3,mm,2.34,Sh,8,8,3,2,0,0,0,0,0,0,1,0,0,0,1,1,PROLEPTIC,,,,,
AUTOR,cm,3,mm,2.34,Sh,8,8,3,3,1,0.3,0.33,1,1,0,0,0,0,0,0,0,SYLLEPTIC,,1,3,0,3
AUTOR,cm,30,mm,5.09,Lo,9,8,15,1,-7,-0.5,0.47,7,0,1,0,0,0,0,1,1,PROLEPTIC,0,,,,
AUTOR,cm,30,mm,5.09,Lo,9,8,15,2,-6,-0.4,0.4,6,0,1,0,0,0,0,1,1,PROLEPTIC,1,,,,
AUTOR,cm,30,mm,5.09,Lo,9,8,15,3,-5,-0.3,0.33,5,0,0,1,1,2,0,1,1,PROLEPTIC,1,,,,
AUTOR,cm,30,mm,5.09,Lo,9,8,15,4,-4,-0.3,0.27,4,0,0,1,0,0,0,1,1,PROLEPTIC,1,,,,
AUTOR,cm,30,mm,5.09,Lo,9,8,15,5,-3,-0.2,0.2,3,1,0,0,1,1,0,0,0,SYLLEPTIC,1,1,2,1,3
AUTOR,cm,30,mm,5.09,Lo,9,8,15,6,-2,-0.1,0.13,2,1,0,0,0,0,0,0,0,SYLLEPTIC,2,1,1,1,2
AUTOR,cm,30,mm,5.09,Lo,9,8,15,7,-1,-0.1,0.07,1,0,1,0,0,0,0,1,1,PROLEPTIC,1,,,,
AUTOR,cm,30,mm,5.09,Lo,9,8,15,8,0,0,0,0,0,1,1,1,2,0,2,2,PROLEPTIC,1,,,,
AUTOR,cm,30,mm,5.09,Lo,9,8,15,9,1,0.1,0.07,1,0,0,1,1,3,0,1,1,PROLEPTIC,1,,,,
AUTOR,cm,30,mm,5.09,Lo,9,8,15,10,2,0.1,0.13,2,0,0,1,1,2,0,1,1,PROLEPTIC,1,,,,
AUTOR,cm,30,mm,5.09,Lo,9,8,15,11,3,0.2,0.2,3,0,0,1,0,0,0,1,1,PROLEPTIC,1,,,,
AUTOR,cm,30,mm,5.09,Lo,9,8,15,12,4,0.3,0.27,4,0,1,0,0,0,0,1,1,PROLEPTIC,1,,,,
AUTOR,cm,30,mm,5.09,Lo,9,8,15,13,5,0.3,0.33,5,0,1,0,0,0,0,1,1,PROLEPTIC,1,,,,
AUTOR,cm,30,mm,5.09,Lo,9,8,15,14,6,0.4,0.4,6,1,0,0,0,0,0,0,0,SYLLEPTIC,0,1,0,0,0
AUTOR,cm,30,mm,5.09,Lo,9,8,15,15,7,0.5,0.47,7,0,1,0,0,0,0,1,1,PROLEPTIC,1,,,,
AUTOR,cm,57,mm,6.8,VLo,10,8,14,1,-6.5,-0.5,0.46,6.5,0,0,1,1,1,0,1,1,PROLEPTIC,1,,,,
AUTOR,cm,57,mm,6.8,VLo,10,8,14,2,-5.5,-0.4,0.39,5.5,0,1,0,0,0,0,1,1,PROLEPTIC,1,,,,
AUTOR,cm,57,mm,6.8,VLo,10,8,14,3,-4.5,-0.3,0.32,4.5,0,0,1,1,3,0,1,1,PROLEPTIC,1,,,,
AUTOR,cm,57,mm,6.8,VLo,10,8,14,4,-3.5,-0.2,0.25,3.5,0,0,1,1,1,0,1,1,PROLEPTIC,1,,,,
AUTOR,cm,57,mm,6.8,VLo,10,8,14,5,-2.5,-0.2,0.18,2.5,0,4,5,1,1,0,9,9,PROLEPTIC,3,,,,
AUTOR,cm,57,mm,6.8,VLo,10,8,14,6,-1.5,-0.1,0.11,1.5,0,1,0,0,0,0,1,1,PROLEPTIC,1,,,,
AUTOR,cm,57,mm,6.8,VLo,10,8,14,7,-0.5,0,0.04,0.5,0,0,1,1,3,0,1,1,PROLEPTIC,1,,,,
AUTOR,cm,57,mm,6.8,VLo,10,8,14,8,0.5,0,0.04,0.5,0,0,1,0,0,0,1,1,PROLEPTIC,0,,,,
AUTOR,cm,57,mm,6.8,VLo,10,8,14,9,1.5,0.1,0.11,1.5,0,0,1,1,4,0,1,1,PROLEPTIC,1,,,,
AUTOR,cm,57,mm,6.8,VLo,10,8,14,10,2.5,0.2,0.18,2.5,0,0,1,0,0,0,1,1,PROLEPTIC,1,,,,
AUTOR,cm,57,mm,6.8,VLo,10,8,14,11,3.5,0.2,0.25,3.5,0,0,1,1,2,0,1,1,PROLEPTIC,1,,,,
AUTOR,cm,57,mm,6.8,VLo,10,8,14,12,4.5,0.3,0.32,4.5,0,1,0,0,0,0,1,1,PROLEPTIC,1,,,,
AUTOR,cm,57,mm,6.8,VLo,10,8,14,13,5.5,0.4,0.39,5.5,0,0,1,1,2,0,1,1,PROLEPTIC,1,,,,
AUTOR,cm,57,mm,6.8,VLo,10,8,14,14,6.5,0.5,0.46,6.5,0,0,1,0,0,0,1,1,PROLEPTIC,1,,,,
AUTOR,cm,2.31,mm,2,Sh,11,8,3,1,-1,-0.3,0.33,1,0,1,0,0,0,0,1,1,PROLEPTIC,1,,,,
AUTOR,cm,2.31,mm,2,Sh,11,8,3,2,0,0,0,0,1,0,0,0,0,0,0,0,SYLLEPTIC,0,1,1,0,1
AUTOR,cm,2.31,mm,2,Sh,11,8,3,3,1,0.3,0.33,1,0,1,0,0,0,0,1,1,PROLEPTIC,1,,,,
AUTOR,cm,48,mm,6.76,VLo,12,8,15,1,-7,-0.5,0.47,7,0,1,0,0,0,0,1,1,PROLEPTIC,1,,,,
AUTOR,cm,48,mm,6.76,VLo,12,8,15,2,-6,-0.4,0.4,6,0,1,0,0,0,0,1,1,PROLEPTIC,1,,,,
AUTOR,cm,48,mm,6.76,VLo,12,8,15,3,-5,-0.3,0.33,5,0,1,1,1,2,0,2,2,PROLEPTIC,1,,,,
AUTOR,cm,48,mm,6.76,VLo,12,8,15,4,-4,-0.3,0.27,4,0,0,1,0,0,0,1,1,PROLEPTIC,1,,,,
AUTOR,cm,48,mm,6.76,VLo,12,8,15,5,-3,-0.2,0.2,3,1,0,0,1,2,0,0,0,SYLLEPTIC,2,1,4,1,5
AUTOR,cm,48,mm,6.76,VLo,12,8,15,6,-2,-0.1,0.13,2,1,0,0,1,3,0,0,0,SYLLEPTIC,1,1,0,3,3
AUTOR,cm,48,mm,6.76,VLo,12,8,15,7,-1,-0.1,0.07,1,0,0,1,1,2,0,1,1,PROLEPTIC,1,,,,
AUTOR,cm,48,mm,6.76,VLo,12,8,15,8,0,0,0,0,1,0,0,1,4,0,0,0,SYLLEPTIC,2,1,1,1,2
AUTOR,cm,48,mm,6.76,VLo,12,8,15,9,1,0.1,0.07,1,0,0,1,0,0,0,1,1,PROLEPTIC,1,,,,
AUTOR,cm,48,mm,6.76,VLo,12,8,15,10,2,0.1,0.13,2,0,1,0,0,0,0,1,1,PROLEPTIC,1,,,,
AUTOR,cm,48,mm,6.76,VLo,12,8,15,11,3,0.2,0.2,3,0,0,1,1,3,0,1,1,PROLEPTIC,1,,,,
AUTOR,cm,48,mm,6.76,VLo,12,8,15,12,4,0.3,0.27,4,0,0,1,1,3,0,1,1,PROLEPTIC,1,,,,
AUTOR,cm,48,mm,6.76,VLo,12,8,15,13,5,0.3,0.33,5,0,0,1,1,4,0,1,1,PROLEPTIC,1,,,,
AUTOR,cm,48,mm,6.76,VLo,12,8,15,14,6,0.4,0.4,6,0,0,1,1,4,0,1,1,PROLEPTIC,1,,,,
AUTOR,cm,48,mm,6.76,VLo,12,8,15,15,7,0.5,0.47,7,0,2,1,1,3,0,3,3,PROLEPTIC,1,,,,
AUTOR,cm,37.5,mm,5.88,Lo,13,8,15,1,-7,-0.5,0.47,7,0,1,0,0,0,0,1,1,PROLEPTIC,0,,,,
AUTOR,cm,37.5,mm,5.88,Lo,13,8,15,2,-6,-0.4,0.4,6,1,0,0,0,0,0,0,0,SYLLEPTIC,1,1,1,3,4
AUTOR,cm,37.5,mm,5.88,Lo,13,8,15,3,-5,-0.3,0.33,5,0,0,1,1,3,0,1,1,PROLEPTIC,1,,,,
AUTOR,cm,37.5,mm,5.88,Lo,13,8,15,4,-4,-0.3,0.27,4,0,0,1,1,3,0,1,1,PROLEPTIC,1,,,,
AUTOR,cm,37.5,mm,5.88,Lo,13,8,15,5,-3,-0.2,0.2,3,0,0,1,1,2,0,1,1,PROLEPTIC,1,,,,
AUTOR,cm,37.5,mm,5.88,Lo,13,8,15,6,-2,-0.1,0.13,2,0,1,0,0,0,0,1,1,PROLEPTIC,1,,,,
AUTOR,cm,37.5,mm,5.88,Lo,13,8,15,7,-1,-0.1,0.07,1,0,1,0,0,0,0,1,1,PROLEPTIC,1,,,,
AUTOR,cm,37.5,mm,5.88,Lo,13,8,15,8,0,0,0,0,0,1,0,0,0,0,1,1,PROLEPTIC,1,,,,
AUTOR,cm,37.5,mm,5.88,Lo,13,8,15,9,1,0.1,0.07,1,0,1,0,0,0,0,1,1,PROLEPTIC,1,,,,
AUTOR,cm,37.5,mm,5.88,Lo,13,8,15,10,2,0.1,0.13,2,0,0,1,1,4,0,1,1,PROLEPTIC,1,,,,
AUTOR,cm,37.5,mm,5.88,Lo,13,8,15,11,3,0.2,0.2,3,0,1,0,0,0,0,1,1,PROLEPTIC,1,,,,
AUTOR,cm,37.5,mm,5.88,Lo,13,8,15,12,4,0.3,0.27,4,0,1,0,0,0,0,1,1,PROLEPTIC,1,,,,
AUTOR,cm,37.5,mm,5.88,Lo,13,8,15,13,5,0.3,0.33,5,0,1,0,0,0,0,1,1,PROLEPTIC,1,,,,
AUTOR,cm,37.5,mm,5.88,Lo,13,8,15,14,6,0.4,0.4,6,0,1,0,0,0,0,1,1,PROLEPTIC,1,,,,
AUTOR,cm,37.5,mm,5.88,Lo,13,8,15,15,7,0.5,0.47,7,0,1,0,0,0,0,1,1,PROLEPTIC,1,,,,
AUTOR,cm,45.4,mm,7.68,VLo,14,8,17,1,-8,-0.5,0.47,8,0,1,0,0,0,0,1,1,PROLEPTIC,0,,,,
AUTOR,cm,45.4,mm,7.68,VLo,14,8,17,2,-7,-0.4,0.41,7,0,0,1,1,1,0,1,1,PROLEPTIC,1,,,,
AUTOR,cm,45.4,mm,7.68,VLo,14,8,17,3,-6,-0.4,0.35,6,0,1,0,0,0,0,1,1,PROLEPTIC,0,,,,
AUTOR,cm,45.4,mm,7.68,VLo,14,8,17,4,-5,-0.3,0.29,5,1,0,0,1,2,0,0,0,SYLLEPTIC,2,1,1,3,4
AUTOR,cm,45.4,mm,7.68,VLo,14,8,17,5,-4,-0.2,0.24,4,0,0,1,1,2,0,1,1,PROLEPTIC,1,,,,
AUTOR,cm,45.4,mm,7.68,VLo,14,8,17,6,-3,-0.2,0.18,3,0,0,1,1,4,0,1,1,PROLEPTIC,1,,,,
AUTOR,cm,45.4,mm,7.68,VLo,14,8,17,7,-2,-0.1,0.12,2,0,0,1,1,2,0,1,1,PROLEPTIC,1,,,,
AUTOR,cm,45.4,mm,7.68,VLo,14,8,17,8,-1,-0.1,0.06,1,0,0,1,1,3,0,1,1,PROLEPTIC,1,,,,
AUTOR,cm,45.4,mm,7.68,VLo,14,8,17,9,0,0,0,0,0,0,1,1,3,0,1,1,PROLEPTIC,1,,,,
AUTOR,cm,45.4,mm,7.68,VLo,14,8,17,10,1,0.1,0.06,1,0,0,1,1,3,0,1,1,PROLEPTIC,1,,,,
AUTOR,cm,45.4,mm,7.68,VLo,14,8,17,11,2,0.1,0.12,2,0,0,1,1,4,0,1,1,PROLEPTIC,1,,,,
AUTOR,cm,45.4,mm,7.68,VLo,14,8,17,12,3,0.2,0.18,3,0,0,1,0,0,0,1,1,PROLEPTIC,1,,,,
AUTOR,cm,45.4,mm,7.68,VLo,14,8,17,13,4,0.2,0.24,4,0,0,1,0,0,0,1,1,PROLEPTIC,1,,,,
AUTOR,cm,45.4,mm,7.68,VLo,14,8,17,14,5,0.3,0.29,5,0,1,0,0,0,0,1,1,PROLEPTIC,1,,,,
AUTOR,cm,45.4,mm,7.68,VLo,14,8,17,15,6,0.4,0.35,6,0,1,0,0,0,0,1,1,PROLEPTIC,1,,,,
AUTOR,cm,45.4,mm,7.68,VLo,14,8,17,16,7,0.4,0.41,7,0,1,0,0,0,0,1,1,PROLEPTIC,1,,,,
AUTOR,cm,45.4,mm,7.68,VLo,14,8,17,17,8,0.5,0.47,8,0,2,0,0,0,0,2,2,PROLEPTIC,1,,,,
AUTOR,cm,44,mm,6.91,VLo,15,8,16,1,-7.5,-0.5,0.47,7.5,0,1,0,0,0,0,1,1,PROLEPTIC,0,,,,
AUTOR,cm,44,mm,6.91,VLo,15,8,16,2,-6.5,-0.4,0.41,6.5,0,1,0,0,0,0,1,1,PROLEPTIC,1,,,,
AUTOR,cm,44,mm,6.91,VLo,15,8,16,3,-5.5,-0.3,0.34,5.5,0,1,0,0,0,0,1,1,PROLEPTIC,1,,,,
AUTOR,cm,44,mm,6.91,VLo,15,8,16,4,-4.5,-0.3,0.28,4.5,0,1,1,2,4,0,2,2,PROLEPTIC,2,,,,
AUTOR,cm,44,mm,6.91,VLo,15,8,16,5,-3.5,-0.2,0.22,3.5,1,0,0,1,2,0,0,0,SYLLEPTIC,2,1,0,4,4
AUTOR,cm,44,mm,6.91,VLo,15,8,16,6,-2.5,-0.2,0.16,2.5,1,0,0,1,3,0,0,0,SYLLEPTIC,2,1,1,2,3
AUTOR,cm,44,mm,6.91,VLo,15,8,16,7,-1.5,-0.1,0.09,1.5,0,0,1,0,0,0,1,1,PROLEPTIC,1,,,,
AUTOR,cm,44,mm,6.91,VLo,15,8,16,8,-0.5,0,0.03,0.5,1,0,0,1,4,0,0,0,SYLLEPTIC,2,1,2,1,3
AUTOR,cm,44,mm,6.91,VLo,15,8,16,9,0.5,0,0.03,0.5,0,0,1,1,3,0,1,1,PROLEPTIC,1,,,,
AUTOR,cm,44,mm,6.91,VLo,15,8,16,10,1.5,0.1,0.09,1.5,0,0,1,1,4,0,1,1,PROLEPTIC,1,,,,
AUTOR,cm,44,mm,6.91,VLo,15,8,16,11,2.5,0.2,0.16,2.5,0,0,1,1,4,0,1,1,PROLEPTIC,1,,,,
AUTOR,cm,44,mm,6.91,VLo,15,8,16,12,3.5,0.2,0.22,3.5,0,0,1,1,3,0,1,1,PROLEPTIC,1,,,,
AUTOR,cm,44,mm,6.91,VLo,15,8,16,13,4.5,0.3,0.28,4.5,0,0,1,0,0,0,1,1,PROLEPTIC,1,,,,
AUTOR,cm,44,mm,6.91,VLo,15,8,16,14,5.5,0.3,0.34,5.5,0,1,0,0,0,0,1,1,PROLEPTIC,1,,,,
AUTOR,cm,44,mm,6.91,VLo,15,8,16,15,6.5,0.4,0.41,6.5,0,1,0,0,0,0,1,1,PROLEPTIC,1,,,,
AUTOR,cm,44,mm,6.91,VLo,15,8,16,16,7.5,0.5,0.47,7.5,0,2,0,0,0,0,2,2,PROLEPTIC,1,,,,
AUTOR,cm,33,mm,6.4,Lo,16,8,15,1,-7,-0.5,0.47,7,0,0,0,0,0,1,1,0,PROLEPTIC,1,,,,
AUTOR,cm,33,mm,6.4,Lo,16,8,15,2,-6,-0.4,0.4,6,0,0,0,0,0,1,1,0,PROLEPTIC,1,,,,
AUTOR,cm,33,mm,6.4,Lo,16,8,15,3,-5,-0.3,0.33,5,0,1,0,0,0,0,1,1,PROLEPTIC,1,,,,
AUTOR,cm,33,mm,6.4,Lo,16,8,15,4,-4,-0.3,0.27,4,0,1,0,0,0,0,1,1,PROLEPTIC,1,,,,
AUTOR,cm,33,mm,6.4,Lo,16,8,15,5,-3,-0.2,0.2,3,0,1,0,0,0,0,1,1,PROLEPTIC,1,,,,
AUTOR,cm,33,mm,6.4,Lo,16,8,15,6,-2,-0.1,0.13,2,0,0,1,2,5,0,1,1,PROLEPTIC,1,,,,
AUTOR,cm,33,mm,6.4,Lo,16,8,15,7,-1,-0.1,0.07,1,1,0,0,0,0,0,0,0,SYLLEPTIC,1,1,0,5,5
AUTOR,cm,33,mm,6.4,Lo,16,8,15,8,0,0,0,0,1,0,0,0,0,0,0,0,SYLLEPTIC,2,1,2,0,2
AUTOR,cm,33,mm,6.4,Lo,16,8,15,9,1,0.1,0.07,1,1,0,0,0,0,0,0,0,SYLLEPTIC,1,1,2,0,2
AUTOR,cm,33,mm,6.4,Lo,16,8,15,10,2,0.1,0.13,2,1,0,0,0,0,0,0,0,SYLLEPTIC,1,1,2,0,2
AUTOR,cm,33,mm,6.4,Lo,16,8,15,11,3,0.2,0.2,3,1,0,0,0,0,0,0,0,SYLLEPTIC,2,1,2,0,2
AUTOR,cm,33,mm,6.4,Lo,16,8,15,12,4,0.3,0.27,4,0,0,1,0,0,0,1,1,PROLEPTIC,1,,,,
AUTOR,cm,33,mm,6.4,Lo,16,8,15,13,5,0.3,0.33,5,1,0,0,0,0,0,0,0,SYLLEPTIC,1,1,1,0,1
AUTOR,cm,33,mm,6.4,Lo,16,8,15,14,6,0.4,0.4,6,1,0,0,0,0,0,0,0,SYLLEPTIC,0,1,0,0,0
AUTOR,cm,33,mm,6.4,Lo,16,8,15,15,7,0.5,0.47,7,0,1,0,0,0,0,1,1,PROLEPTIC,1,,,,
AUTOR,cm,21,mm,4.23,Lo,17,8,8,1,-3.5,-0.4,0.44,3.5,0,1,0,0,0,0,1,1,PROLEPTIC,0,,,,
AUTOR,cm,21,mm,4.23,Lo,17,8,8,2,-2.5,-0.3,0.31,2.5,0,1,0,0,0,0,1,1,PROLEPTIC,1,,,,
AUTOR,cm,21,mm,4.23,Lo,17,8,8,3,-1.5,-0.2,0.19,1.5,0,0,1,1,3,0,1,1,PROLEPTIC,1,,,,
AUTOR,cm,21,mm,4.23,Lo,17,8,8,4,-0.5,-0.1,0.06,0.5,0,0,2,1,2,0,2,2,PROLEPTIC,1,,,,
AUTOR,cm,21,mm,4.23,Lo,17,8,8,5,0.5,0.1,0.06,0.5,1,0,0,1,2,0,0,0,SYLLEPTIC,2,1,1,2,3
AUTOR,cm,21,mm,4.23,Lo,17,8,8,6,1.5,0.2,0.19,1.5,0,0,1,1,3,0,1,1,PROLEPTIC,1,,,,
AUTOR,cm,21,mm,4.23,Lo,17,8,8,7,2.5,0.3,0.31,2.5,1,0,0,0,0,0,0,0,SYLLEPTIC,2,1,1,0,1
AUTOR,cm,21,mm,4.23,Lo,17,8,8,8,3.5,0.4,0.44,3.5,0,0,1,0,0,0,1,1,PROLEPTIC,1,,,,
AUTOR,cm,8.5,mm,3.69,Me,18,8,6,1,-2.5,-0.4,0.42,2.5,0,0,1,1,1,0,1,1,PROLEPTIC,1,,,,
AUTOR,cm,8.5,mm,3.69,Me,18,8,6,2,-1.5,-0.2,0.25,1.5,0,0,1,1,1,0,1,1,PROLEPTIC,1,,,,
AUTOR,cm,8.5,mm,3.69,Me,18,8,6,3,-0.5,-0.1,0.08,0.5,0,1,0,0,0,0,1,1,PROLEPTIC,1,,,,
AUTOR,cm,8.5,mm,3.69,Me,18,8,6,4,0.5,0.1,0.08,0.5,1,0,0,0,0,0,0,0,SYLLEPTIC,1,1,3,0,3
AUTOR,cm,8.5,mm,3.69,Me,18,8,6,5,1.5,0.2,0.25,1.5,1,0,0,0,0,0,0,0,SYLLEPTIC,0,1,0,2,2
AUTOR,cm,8.5,mm,3.69,Me,18,8,6,6,2.5,0.4,0.42,2.5,0,0,1,2,5,0,1,1,PROLEPTIC,1,,,,
AUTOR,cm,38,mm,6.22,Lo,19,8,15,1,-7,-0.5,0.47,7,0,1,0,0,0,0,1,1,PROLEPTIC,1,,,,
AUTOR,cm,38,mm,6.22,Lo,19,8,15,2,-6,-0.4,0.4,6,0,0,0,0,0,1,1,0,PROLEPTIC,0,,,,
AUTOR,cm,38,mm,6.22,Lo,19,8,15,3,-5,-0.3,0.33,5,0,0,0,0,0,1,1,0,PROLEPTIC,0,,,,
AUTOR,cm,38,mm,6.22,Lo,19,8,15,4,-4,-0.3,0.27,4,0,0,1,1,3,0,1,1,PROLEPTIC,1,,,,
AUTOR,cm,38,mm,6.22,Lo,19,8,15,5,-3,-0.2,0.2,3,1,0,0,0,0,0,0,0,SYLLEPTIC,2,1,2,1,3
AUTOR,cm,38,mm,6.22,Lo,19,8,15,6,-2,-0.1,0.13,2,0,0,4,2,6,0,4,4,PROLEPTIC,2,,,,
AUTOR,cm,38,mm,6.22,Lo,19,8,15,7,-1,-0.1,0.07,1,0,1,0,0,0,0,1,1,PROLEPTIC,1,,,,
AUTOR,cm,38,mm,6.22,Lo,19,8,15,8,0,0,0,0,1,0,0,0,0,0,0,0,SYLLEPTIC,1,1,3,0,3
AUTOR,cm,38,mm,6.22,Lo,19,8,15,9,1,0.1,0.07,1,0,0,1,1,2,0,1,1,PROLEPTIC,1,,,,
AUTOR,cm,38,mm,6.22,Lo,19,8,15,10,2,0.1,0.13,2,1,0,0,1,3,0,0,0,SYLLEPTIC,2,1,1,1,2
AUTOR,cm,38,mm,6.22,Lo,19,8,15,11,3,0.2,0.2,3,0,0,1,1,1,0,1,1,PROLEPTIC,1,,,,
AUTOR,cm,38,mm,6.22,Lo,19,8,15,12,4,0.3,0.27,4,0,0,1,1,3,0,1,1,PROLEPTIC,1,,,,
AUTOR,cm,38,mm,6.22,Lo,19,8,15,13,5,0.3,0.33,5,0,0,1,1,1,0,1,1,PROLEPTIC,1,,,,
AUTOR,cm,38,mm,6.22,Lo,19,8,15,14,6,0.4,0.4,6,0,0,1,1,5,0,1,1,PROLEPTIC,1,,,,
AUTOR,cm,38,mm,6.22,Lo,19,8,15,15,7,0.5,0.47,7,0,2,0,0,0,0,2,2,PROLEPTIC,1,,,,
AUTOR,cm,38,mm,5.8,Lo,20,8,14,1,-6.5,-0.5,0.46,6.5,0,1,0,0,0,0,1,1,PROLEPTIC,1,,,,
AUTOR,cm,38,mm,5.8,Lo,20,8,14,2,-5.5,-0.4,0.39,5.5,0,1,0,0,0,0,1,1,PROLEPTIC,1,,,,
AUTOR,cm,38,mm,5.8,Lo,20,8,14,3,-4.5,-0.3,0.32,4.5,0,1,0,0,0,0,1,1,PROLEPTIC,1,,,,
AUTOR,cm,38,mm,5.8,Lo,20,8,14,4,-3.5,-0.2,0.25,3.5,0,0,1,1,2,0,1,1,PROLEPTIC,1,,,,
AUTOR,cm,38,mm,5.8,Lo,20,8,14,5,-2.5,-0.2,0.18,2.5,0,0,1,1,2,0,1,1,PROLEPTIC,1,,,,
AUTOR,cm,38,mm,5.8,Lo,20,8,14,6,-1.5,-0.1,0.11,1.5,0,0,1,1,2,0,1,1,PROLEPTIC,0,,,,
AUTOR,cm,38,mm,5.8,Lo,20,8,14,7,-0.5,0,0.04,0.5,0,0,1,0,0,0,1,1,PROLEPTIC,1,,,,
AUTOR,cm,38,mm,5.8,Lo,20,8,14,8,0.5,0,0.04,0.5,0,0,1,1,1,0,1,1,PROLEPTIC,0,,,,
AUTOR,cm,38,mm,5.8,Lo,20,8,14,9,1.5,0.1,0.11,1.5,0,0,1,1,2,0,1,1,PROLEPTIC,1,,,,
AUTOR,cm,38,mm,5.8,Lo,20,8,14,10,2.5,0.2,0.18,2.5,0,0,1,1,3,0,1,1,PROLEPTIC,1,,,,
AUTOR,cm,38,mm,5.8,Lo,20,8,14,11,3.5,0.2,0.25,3.5,0,0,1,1,4,0,1,1,PROLEPTIC,1,,,,
AUTOR,cm,38,mm,5.8,Lo,20,8,14,12,4.5,0.3,0.32,4.5,0,0,1,1,2,0,1,1,PROLEPTIC,1,,,,
AUTOR,cm,38,mm,5.8,Lo,20,8,14,13,5.5,0.4,0.39,5.5,0,0,1,0,0,0,1,1,PROLEPTIC,1,,,,
AUTOR,cm,38,mm,5.8,Lo,20,8,14,14,6.5,0.5,0.46,6.5,0,1,0,0,0,0,1,1,PROLEPTIC,1,,,,
AUTOR,cm,11.8,mm,3.7,Me,21,8,6,1,-2.5,-0.4,0.42,2.5,0,0,0,0,0,1,1,0,PROLEPTIC,0,,,,
AUTOR,cm,11.8,mm,3.7,Me,21,8,6,2,-1.5,-0.2,0.25,1.5,0,1,0,0,0,0,1,1,PROLEPTIC,0,,,,
AUTOR,cm,11.8,mm,3.7,Me,21,8,6,3,-0.5,-0.1,0.08,0.5,0,0,0,0,0,1,1,0,PROLEPTIC,0,,,,
AUTOR,cm,11.8,mm,3.7,Me,21,8,6,4,0.5,0.1,0.08,0.5,1,0,0,0,0,0,0,0,SYLLEPTIC,1,1,3,0,3
AUTOR,cm,11.8,mm,3.7,Me,21,8,6,5,1.5,0.2,0.25,1.5,1,0,0,1,1,0,0,0,SYLLEPTIC,2,1,1,1,2
AUTOR,cm,11.8,mm,3.7,Me,21,8,6,6,2.5,0.4,0.42,2.5,0,0,1,1,3,0,1,1,PROLEPTIC,1,,,,
AUTOR,cm,2.5,mm,2.1,Sh,22,8,3,1,-1,-0.3,0.33,1,0,1,0,0,0,0,1,1,PROLEPTIC,0,,,,
AUTOR,cm,2.5,mm,2.1,Sh,22,8,3,2,0,0,0,0,1,0,0,0,0,0,0,0,SYLLEPTIC,1,1,0,0,0
AUTOR,cm,2.5,mm,2.1,Sh,22,8,3,3,1,0.3,0.33,1,1,0,0,0,0,0,0,0,SYLLEPTIC,1,1,0,0,0
AUTOR,cm,39,mm,5.6,Lo,23,8,14,1,-6.5,-0.5,0.46,6.5,0,1,0,0,0,0,1,1,PROLEPTIC,1,,,,
AUTOR,cm,39,mm,5.6,Lo,23,8,14,2,-5.5,-0.4,0.39,5.5,0,0,1,1,1,0,1,1,PROLEPTIC,1,,,,
AUTOR,cm,39,mm,5.6,Lo,23,8,14,3,-4.5,-0.3,0.32,4.5,0,0,1,1,3,0,1,1,PROLEPTIC,1,,,,
AUTOR,cm,39,mm,5.6,Lo,23,8,14,4,-3.5,-0.2,0.25,3.5,0,1,1,0,0,0,2,2,PROLEPTIC,1,,,,
AUTOR,cm,39,mm,5.6,Lo,23,8,14,5,-2.5,-0.2,0.18,2.5,1,0,0,0,0,0,0,0,SYLLEPTIC,1,1,5,0,5
AUTOR,cm,39,mm,5.6,Lo,23,8,14,6,-1.5,-0.1,0.11,1.5,0,0,1,1,2,0,1,1,PROLEPTIC,1,,,,
AUTOR,cm,39,mm,5.6,Lo,23,8,14,7,-0.5,0,0.04,0.5,0,0,1,1,3,0,1,1,PROLEPTIC,1,,,,
AUTOR,cm,39,mm,5.6,Lo,23,8,14,8,0.5,0,0.04,0.5,0,0,1,1,2,0,1,1,PROLEPTIC,1,,,,
AUTOR,cm,39,mm,5.6,Lo,23,8,14,9,1.5,0.1,0.11,1.5,0,1,0,0,0,0,1,1,PROLEPTIC,1,,,,
AUTOR,cm,39,mm,5.6,Lo,23,8,14,10,2.5,0.2,0.18,2.5,0,0,1,1,3,0,1,1,PROLEPTIC,1,,,,
AUTOR,cm,39,mm,5.6,Lo,23,8,14,11,3.5,0.2,0.25,3.5,0,0,1,1,3,0,1,1,PROLEPTIC,1,,,,
AUTOR,cm,39,mm,5.6,Lo,23,8,14,12,4.5,0.3,0.32,4.5,0,1,0,0,0,0,1,1,PROLEPTIC,1,,,,
AUTOR,cm,39,mm,5.6,Lo,23,8,14,13,5.5,0.4,0.39,5.5,0,0,1,1,4,0,1,1,PROLEPTIC,1,,,,
AUTOR,cm,39,mm,5.6,Lo,23,8,14,14,6.5,0.5,0.46,6.5,0,1,0,0,0,0,1,1,PROLEPTIC,1,,,,
AUTOR,cm,1.5,mm,2,Sh,24,8,3,1,-1,-0.3,0.33,1,0,1,0,0,0,0,1,1,PROLEPTIC,1,,,,
AUTOR,cm,1.5,mm,2,Sh,24,8,3,2,0,0,0,0,0,1,0,0,0,0,1,1,PROLEPTIC,1,,,,
AUTOR,cm,1.5,mm,2,Sh,24,8,3,3,1,0.3,0.33,1,0,0,1,1,3,0,1,1,PROLEPTIC,1,,,,
AUTOR,cm,41.5,mm,5.46,VLo,25,8,14,1,-6.5,-0.5,0.46,6.5,0,0,1,0,0,0,1,1,PROLEPTIC,1,,,,
AUTOR,cm,41.5,mm,5.46,VLo,25,8,14,2,-5.5,-0.4,0.39,5.5,0,0,1,1,2,0,1,1,PROLEPTIC,1,,,,
AUTOR,cm,41.5,mm,5.46,VLo,25,8,14,3,-4.5,-0.3,0.32,4.5,1,0,0,1,3,0,0,0,SYLLEPTIC,1,1,0,3,3
AUTOR,cm,41.5,mm,5.46,VLo,25,8,14,4,-3.5,-0.2,0.25,3.5,0,0,1,1,3,0,1,1,PROLEPTIC,1,,,,
AUTOR,cm,41.5,mm,5.46,VLo,25,8,14,5,-2.5,-0.2,0.18,2.5,0,0,1,1,1,0,1,1,PROLEPTIC,1,,,,
AUTOR,cm,41.5,mm,5.46,VLo,25,8,14,6,-1.5,-0.1,0.11,1.5,0,0,1,1,2,0,1,1,PROLEPTIC,1,,,,
AUTOR,cm,41.5,mm,5.46,VLo,25,8,14,7,-0.5,0,0.04,0.5,0,0,1,0,0,0,1,1,PROLEPTIC,1,,,,
AUTOR,cm,41.5,mm,5.46,VLo,25,8,14,8,0.5,0,0.04,0.5,0,1,1,1,3,0,2,2,PROLEPTIC,1,,,,
AUTOR,cm,41.5,mm,5.46,VLo,25,8,14,9,1.5,0.1,0.11,1.5,0,0,1,0,0,0,1,1,PROLEPTIC,1,,,,
AUTOR,cm,41.5,mm,5.46,VLo,25,8,14,10,2.5,0.2,0.18,2.5,0,0,1,0,0,0,1,1,PROLEPTIC,1,,,,
AUTOR,cm,41.5,mm,5.46,VLo,25,8,14,11,3.5,0.2,0.25,3.5,0,1,0,0,0,0,1,1,PROLEPTIC,1,,,,
AUTOR,cm,41.5,mm,5.46,VLo,25,8,14,12,4.5,0.3,0.32,4.5,0,1,0,0,0,0,1,1,PROLEPTIC,1,,,,
AUTOR,cm,41.5,mm,5.46,VLo,25,8,14,13,5.5,0.4,0.39,5.5,0,1,0,0,0,0,1,1,PROLEPTIC,1,,,,
AUTOR,cm,41.5,mm,5.46,VLo,25,8,14,14,6.5,0.5,0.46,6.5,0,2,0,0,0,0,2,2,PROLEPTIC,1,,,,
AUTOR,cm,4,mm,2.38,Sh,26,8,6,1,-2.5,-0.4,0.42,2.5,0,1,0,0,0,0,1,1,PROLEPTIC,0,,,,
AUTOR,cm,4,mm,2.38,Sh,26,8,6,2,-1.5,-0.2,0.25,1.5,0,0,1,1,2,0,1,1,PROLEPTIC,1,,,,
AUTOR,cm,4,mm,2.38,Sh,26,8,6,3,-0.5,-0.1,0.08,0.5,0,2,1,1,1,0,3,3,PROLEPTIC,1,,,,
AUTOR,cm,4,mm,2.38,Sh,26,8,6,4,0.5,0.1,0.08,0.5,0,0,2,1,4,0,2,2,PROLEPTIC,1,,,,
AUTOR,cm,4,mm,2.38,Sh,26,8,6,5,1.5,0.2,0.25,1.5,1,0,0,0,0,0,0,0,SYLLEPTIC,0,1,1,0,1
AUTOR,cm,4,mm,2.38,Sh,26,8,6,6,2.5,0.4,0.42,2.5,0,0,1,0,0,0,1,1,PROLEPTIC,1,,,,
AUTOR,cm,29.8,mm,5.62,Lo,27,8,10,1,-4.5,-0.4,0.45,4.5,0,0,1,0,0,0,1,1,PROLEPTIC,1,,,,
AUTOR,cm,29.8,mm,5.62,Lo,27,8,10,2,-3.5,-0.3,0.35,3.5,1,0,0,0,0,0,0,0,SYLLEPTIC,2,1,2,0,2
AUTOR,cm,29.8,mm,5.62,Lo,27,8,10,3,-2.5,-0.2,0.25,2.5,1,0,0,2,2,0,0,0,SYLLEPTIC,1,1,0,2,2
AUTOR,cm,29.8,mm,5.62,Lo,27,8,10,4,-1.5,-0.1,0.15,1.5,0,1,3,1,1,0,4,4,PROLEPTIC,1,,,,
AUTOR,cm,29.8,mm,5.62,Lo,27,8,10,5,-0.5,0,0.05,0.5,0,0,1,1,3,0,1,1,PROLEPTIC,1,,,,
AUTOR,cm,29.8,mm,5.62,Lo,27,8,10,6,0.5,0,0.05,0.5,1,0,0,1,2,0,0,0,SYLLEPTIC,2,1,1,1,2
AUTOR,cm,29.8,mm,5.62,Lo,27,8,10,7,1.5,0.1,0.15,1.5,1,0,0,1,2,0,0,0,SYLLEPTIC,1,1,0,1,1
AUTOR,cm,29.8,mm,5.62,Lo,27,8,10,8,2.5,0.2,0.25,2.5,1,0,0,0,0,0,0,0,SYLLEPTIC,1,1,1,0,1
AUTOR,cm,29.8,mm,5.62,Lo,27,8,10,9,3.5,0.3,0.35,3.5,0,1,0,0,0,0,1,1,PROLEPTIC,1,,,,
AUTOR,cm,29.8,mm,5.62,Lo,27,8,10,10,4.5,0.4,0.45,4.5,0,1,0,0,0,0,1,1,PROLEPTIC,1,,,,
AUTOR,cm,4.2,mm,3.22,Sh,28,8,4,1,-1.5,-0.4,0.38,1.5,0,0,0,0,0,1,1,0,PROLEPTIC,0,,,,
AUTOR,cm,4.2,mm,3.22,Sh,28,8,4,2,-0.5,-0.1,0.12,0.5,0,1,0,0,0,0,1,1,PROLEPTIC,1,,,,
AUTOR,cm,4.2,mm,3.22,Sh,28,8,4,3,0.5,0.1,0.12,0.5,0,1,0,0,0,0,1,1,PROLEPTIC,1,,,,
AUTOR,cm,4.2,mm,3.22,Sh,28,8,4,4,1.5,0.4,0.38,1.5,0,1,0,0,0,0,1,1,PROLEPTIC,1,,,,
AUTOR,cm,35,mm,5,Lo,29,8,13,1,-6,-0.5,0.46,6,0,1,0,0,0,0,1,1,PROLEPTIC,1,,,,
AUTOR,cm,35,mm,5,Lo,29,8,13,2,-5,-0.4,0.38,5,1,0,0,1,2,0,0,0,SYLLEPTIC,0,1,0,1,1
AUTOR,cm,35,mm,5,Lo,29,8,13,3,-4,-0.3,0.31,4,1,0,0,1,1,0,0,0,SYLLEPTIC,1,1,1,1,2
AUTOR,cm,35,mm,5,Lo,29,8,13,4,-3,-0.2,0.23,3,0,0,1,1,3,0,1,1,PROLEPTIC,1,,,,
AUTOR,cm,35,mm,5,Lo,29,8,13,5,-2,-0.2,0.15,2,1,0,0,0,0,0,0,0,SYLLEPTIC,2,1,1,2,3
AUTOR,cm,35,mm,5,Lo,29,8,13,6,-1,-0.1,0.08,1,1,0,0,1,2,0,0,0,SYLLEPTIC,1,1,0,1,1
AUTOR,cm,35,mm,5,Lo,29,8,13,7,0,0,0,0,1,0,0,0,0,0,0,0,SYLLEPTIC,2,1,3,0,3
AUTOR,cm,35,mm,5,Lo,29,8,13,8,1,0.1,0.08,1,1,0,0,0,0,0,0,0,SYLLEPTIC,2,1,1,1,2
AUTOR,cm,35,mm,5,Lo,29,8,13,9,2,0.2,0.15,2,1,0,0,1,3,0,0,0,SYLLEPTIC,2,1,2,1,3
AUTOR,cm,35,mm,5,Lo,29,8,13,10,3,0.2,0.23,3,1,0,0,0,0,0,0,0,SYLLEPTIC,1,1,1,0,1
AUTOR,cm,35,mm,5,Lo,29,8,13,11,4,0.3,0.31,4,0,0,1,0,0,0,1,1,PROLEPTIC,1,,,,
AUTOR,cm,35,mm,5,Lo,29,8,13,12,5,0.4,0.38,5,1,0,0,0,0,0,0,0,SYLLEPTIC,0,1,2,0,2
AUTOR,cm,35,mm,5,Lo,29,8,13,13,6,0.5,0.46,6,0,1,0,0,0,0,1,1,PROLEPTIC,1,,,,
AUTOR,cm,49.6,mm,6.64,VLo,30,8,17,1,-8,-0.5,0.47,8,0,1,0,0,0,0,1,1,PROLEPTIC,0,,,,
AUTOR,cm,49.6,mm,6.64,VLo,30,8,17,2,-7,-0.4,0.41,7,0,0,0,0,0,1,1,0,PROLEPTIC,0,,,,
AUTOR,cm,49.6,mm,6.64,VLo,30,8,17,3,-6,-0.4,0.35,6,0,0,1,1,1,0,1,1,PROLEPTIC,1,,,,
AUTOR,cm,49.6,mm,6.64,VLo,30,8,17,4,-5,-0.3,0.29,5,1,0,0,0,0,0,0,0,SYLLEPTIC,1,1,0,0,0
AUTOR,cm,49.6,mm,6.64,VLo,30,8,17,5,-4,-0.2,0.24,4,1,0,0,1,1,0,0,0,SYLLEPTIC,2,1,2,3,5
AUTOR,cm,49.6,mm,6.64,VLo,30,8,17,6,-3,-0.2,0.18,3,0,1,0,0,0,0,1,1,PROLEPTIC,1,,,,
AUTOR,cm,49.6,mm,6.64,VLo,30,8,17,7,-2,-0.1,0.12,2,0,0,1,1,3,0,1,1,PROLEPTIC,1,,,,
AUTOR,cm,49.6,mm,6.64,VLo,30,8,17,8,-1,-0.1,0.06,1,0,0,1,1,1,0,1,1,PROLEPTIC,1,,,,
AUTOR,cm,49.6,mm,6.64,VLo,30,8,17,9,0,0,0,0,0,0,1,1,3,0,1,1,PROLEPTIC,1,,,,
AUTOR,cm,49.6,mm,6.64,VLo,30,8,17,10,1,0.1,0.06,1,0,0,1,1,3,0,1,1,PROLEPTIC,1,,,,
AUTOR,cm,49.6,mm,6.64,VLo,30,8,17,11,2,0.1,0.12,2,0,0,1,1,3,0,1,1,PROLEPTIC,1,,,,
AUTOR,cm,49.6,mm,6.64,VLo,30,8,17,12,3,0.2,0.18,3,0,0,1,1,3,0,1,1,PROLEPTIC,1,,,,
AUTOR,cm,49.6,mm,6.64,VLo,30,8,17,13,4,0.2,0.24,4,0,0,1,1,5,0,1,1,PROLEPTIC,1,,,,
AUTOR,cm,49.6,mm,6.64,VLo,30,8,17,14,5,0.3,0.29,5,0,1,0,0,0,0,1,1,PROLEPTIC,1,,,,
AUTOR,cm,49.6,mm,6.64,VLo,30,8,17,15,6,0.4,0.35,6,0,1,0,0,0,0,1,1,PROLEPTIC,1,,,,
AUTOR,cm,49.6,mm,6.64,VLo,30,8,17,16,7,0.4,0.41,7,0,1,0,0,0,0,1,1,PROLEPTIC,1,,,,
AUTOR,cm,49.6,mm,6.64,VLo,30,8,17,17,8,0.5,0.47,8,0,2,0,0,0,0,2,2,PROLEPTIC,1,,,,
AUTOR,cm,3,mm,2.63,Sh,31,8,4,1,-1.5,-0.4,0.38,1.5,0,0,0,0,0,1,1,0,PROLEPTIC,0,,,,
AUTOR,cm,3,mm,2.63,Sh,31,8,4,2,-0.5,-0.1,0.12,0.5,1,0,0,0,0,0,0,0,SYLLEPTIC,1,1,1,0,1
AUTOR,cm,3,mm,2.63,Sh,31,8,4,3,0.5,0.1,0.12,0.5,1,0,0,0,0,0,0,0,SYLLEPTIC,0,1,1,0,1
AUTOR,cm,3,mm,2.63,Sh,31,8,4,4,1.5,0.4,0.38,1.5,0,1,0,0,0,0,1,1,PROLEPTIC,1,,,,
AUTOR,cm,15.6,mm,3.28,Me,32,8,8,1,-3.5,-0.4,0.44,3.5,0,1,0,0,0,0,1,1,PROLEPTIC,0,,,,
AUTOR,cm,15.6,mm,3.28,Me,32,8,8,2,-2.5,-0.3,0.31,2.5,1,0,0,0,0,0,0,0,SYLLEPTIC,2,1,1,0,1
AUTOR,cm,15.6,mm,3.28,Me,32,8,8,3,-1.5,-0.2,0.19,1.5,1,0,0,0,0,0,0,0,SYLLEPTIC,1,1,2,2,4
AUTOR,cm,15.6,mm,3.28,Me,32,8,8,4,-0.5,-0.1,0.06,0.5,0,0,1,0,0,0,1,1,PROLEPTIC,1,,,,
AUTOR,cm,15.6,mm,3.28,Me,32,8,8,5,0.5,0.1,0.06,0.5,0,0,1,1,2,0,1,1,PROLEPTIC,1,,,,
AUTOR,cm,15.6,mm,3.28,Me,32,8,8,6,1.5,0.2,0.19,1.5,0,0,1,0,0,0,1,1,PROLEPTIC,1,,,,
AUTOR,cm,15.6,mm,3.28,Me,32,8,8,7,2.5,0.3,0.31,2.5,1,0,0,0,0,0,0,0,SYLLEPTIC,0,1,0,0,0
AUTOR,cm,15.6,mm,3.28,Me,32,8,8,8,3.5,0.4,0.44,3.5,0,0,1,1,3,0,1,1,PROLEPTIC,1,,,,
AUTOR,cm,4,mm,2.84,Sh,33,8,3,1,-1,-0.3,0.33,1,0,0,1,0,0,0,1,1,PROLEPTIC,1,,,,
AUTOR,cm,4,mm,2.84,Sh,33,8,3,2,0,0,0,0,0,1,0,0,0,0,1,1,PROLEPTIC,1,,,,
AUTOR,cm,4,mm,2.84,Sh,33,8,3,3,1,0.3,0.33,1,0,0,1,1,2,0,1,1,PROLEPTIC,1,,,,
AUTOR,cm,12.2,mm,4.1,Me,34,8,7,1,-3,-0.4,0.43,3,0,0,1,0,0,0,1,1,PROLEPTIC,1,,,,
AUTOR,cm,12.2,mm,4.1,Me,34,8,7,2,-2,-0.3,0.29,2,0,1,0,0,0,0,1,1,PROLEPTIC,1,,,,
AUTOR,cm,12.2,mm,4.1,Me,34,8,7,3,-1,-0.1,0.14,1,0,0,1,1,1,0,1,1,PROLEPTIC,1,,,,
AUTOR,cm,12.2,mm,4.1,Me,34,8,7,4,0,0,0,0,0,0,1,0,0,0,1,1,PROLEPTIC,1,,,,
AUTOR,cm,12.2,mm,4.1,Me,34,8,7,5,1,0.1,0.14,1,1,0,0,0,0,0,0,0,SYLLEPTIC,2,1,0,4,4
AUTOR,cm,12.2,mm,4.1,Me,34,8,7,6,2,0.3,0.29,2,1,0,0,1,6,0,0,0,SYLLEPTIC,1,1,0,3,3
AUTOR,cm,12.2,mm,4.1,Me,34,8,7,7,3,0.4,0.43,3,0,1,0,0,0,0,1,1,PROLEPTIC,1,,,,
AUTOR,cm,2,mm,2.42,Sh,35,8,2,1,-0.5,-0.2,0.25,0.5,0,1,0,0,0,0,1,1,PROLEPTIC,0,,,,
AUTOR,cm,2,mm,2.42,Sh,35,8,2,2,0.5,0.2,0.25,0.5,0,0,1,1,1,0,1,1,PROLEPTIC,1,,,,
AUTOR,cm,27.6,mm,4.84,Lo,36,8,9,1,-4,-0.4,0.44,4,0,0,1,1,1,0,1,1,PROLEPTIC,1,,,,
AUTOR,cm,27.6,mm,4.84,Lo,36,8,9,2,-3,-0.3,0.33,3,1,0,0,2,4,0,0,0,SYLLEPTIC,2,1,0,4,4
AUTOR,cm,27.6,mm,4.84,Lo,36,8,9,3,-2,-0.2,0.22,2,1,0,0,0,0,0,0,0,SYLLEPTIC,2,1,3,0,3
AUTOR,cm,27.6,mm,4.84,Lo,36,8,9,4,-1,-0.1,0.11,1,0,0,1,1,3,0,1,1,PROLEPTIC,1,,,,
AUTOR,cm,27.6,mm,4.84,Lo,36,8,9,5,0,0,0,0,0,0,1,1,3,0,1,1,PROLEPTIC,1,,,,
AUTOR,cm,27.6,mm,4.84,Lo,36,8,9,6,1,0.1,0.11,1,0,0,1,1,4,0,1,1,PROLEPTIC,1,,,,
AUTOR,cm,27.6,mm,4.84,Lo,36,8,9,7,2,0.2,0.22,2,0,0,1,1,3,0,1,1,PROLEPTIC,1,,,,
AUTOR,cm,27.6,mm,4.84,Lo,36,8,9,8,3,0.3,0.33,3,0,0,1,1,3,0,1,1,PROLEPTIC,1,,,,
AUTOR,cm,27.6,mm,4.84,Lo,36,8,9,9,4,0.4,0.44,4,0,0,1,1,3,0,1,1,PROLEPTIC,1,,,,
AUTOR,cm,18.2,mm,4.12,Me,37,8,7,1,-3,-0.4,0.43,3,0,0,1,0,0,0,1,1,PROLEPTIC,1,,,,
AUTOR,cm,18.2,mm,4.12,Me,37,8,7,2,-2,-0.3,0.29,2,0,2,0,0,0,0,2,2,PROLEPTIC,1,,,,
AUTOR,cm,18.2,mm,4.12,Me,37,8,7,3,-1,-0.1,0.14,1,0,0,1,1,2,0,1,1,PROLEPTIC,1,,,,
AUTOR,cm,18.2,mm,4.12,Me,37,8,7,4,0,0,0,0,0,0,1,1,2,0,1,1,PROLEPTIC,1,,,,
AUTOR,cm,18.2,mm,4.12,Me,37,8,7,5,1,0.1,0.14,1,0,0,1,1,2,0,1,1,PROLEPTIC,1,,,,
AUTOR,cm,18.2,mm,4.12,Me,37,8,7,6,2,0.3,0.29,2,0,0,1,1,4,0,1,1,PROLEPTIC,1,,,,
AUTOR,cm,18.2,mm,4.12,Me,37,8,7,7,3,0.4,0.43,3,0,1,0,0,0,0,1,1,PROLEPTIC,1,,,,
AUTOR,cm,36.5,mm,5.81,Lo,38,8,10,1,-4.5,-0.4,0.45,4.5,0,1,0,0,0,0,1,1,PROLEPTIC,1,,,,
AUTOR,cm,36.5,mm,5.81,Lo,38,8,10,2,-3.5,-0.3,0.35,3.5,0,0,1,1,3,0,1,1,PROLEPTIC,1,,,,
AUTOR,cm,36.5,mm,5.81,Lo,38,8,10,3,-2.5,-0.2,0.25,2.5,0,0,1,1,3,0,1,1,PROLEPTIC,1,,,,
AUTOR,cm,36.5,mm,5.81,Lo,38,8,10,4,-1.5,-0.1,0.15,1.5,1,0,0,1,2,0,0,0,SYLLEPTIC,2,1,0,6,6
AUTOR,cm,36.5,mm,5.81,Lo,38,8,10,5,-0.5,0,0.05,0.5,0,1,0,0,0,0,1,1,PROLEPTIC,1,,,,
AUTOR,cm,36.5,mm,5.81,Lo,38,8,10,6,0.5,0,0.05,0.5,0,0,1,1,3,0,1,1,PROLEPTIC,1,,,,
AUTOR,cm,36.5,mm,5.81,Lo,38,8,10,7,1.5,0.1,0.15,1.5,0,0,1,1,2,0,1,1,PROLEPTIC,1,,,,
AUTOR,cm,36.5,mm,5.81,Lo,38,8,10,8,2.5,0.2,0.25,2.5,0,0,1,1,3,0,1,1,PROLEPTIC,1,,,,
AUTOR,cm,36.5,mm,5.81,Lo,38,8,10,9,3.5,0.3,0.35,3.5,0,1,0,0,0,0,1,1,PROLEPTIC,1,,,,
AUTOR,cm,36.5,mm,5.81,Lo,38,8,10,10,4.5,0.4,0.45,4.5,0,2,0,0,0,0,2,2,PROLEPTIC,1,,,,
AUTOR,cm,1,mm,1.54,Sh,39,8,1,1,0,0,0,0,0,0,1,0,0,0,1,1,PROLEPTIC,1,,,,
AUTOR,cm,18,mm,4.46,Me,40,9,9,1,-4,-0.4,0.44,4,0,1,0,0,0,0,1,1,PROLEPTIC,0,,,,
AUTOR,cm,18,mm,4.46,Me,40,9,9,2,-3,-0.3,0.33,3,0,0,0,0,0,1,1,0,PROLEPTIC,0,,,,
AUTOR,cm,18,mm,4.46,Me,40,9,9,3,-2,-0.2,0.22,2,0,0,0,0,0,1,1,0,PROLEPTIC,0,,,,
AUTOR,cm,18,mm,4.46,Me,40,9,9,4,-1,-0.1,0.11,1,0,1,0,0,0,0,1,1,PROLEPTIC,0,,,,
AUTOR,cm,18,mm,4.46,Me,40,9,9,5,0,0,0,0,1,0,0,0,0,0,0,0,SYLLEPTIC,2,1,1,0,1
AUTOR,cm,18,mm,4.46,Me,40,9,9,6,1,0.1,0.11,1,1,0,0,0,0,0,0,0,SYLLEPTIC,2,1,2,1,3
AUTOR,cm,18,mm,4.46,Me,40,9,9,7,2,0.2,0.22,2,0,1,1,1,3,0,2,2,PROLEPTIC,1,,,,
AUTOR,cm,18,mm,4.46,Me,40,9,9,8,3,0.3,0.33,3,0,0,1,0,0,0,1,1,PROLEPTIC,1,,,,
AUTOR,cm,18,mm,4.46,Me,40,9,9,9,4,0.4,0.44,4,0,0,1,1,4,0,1,1,PROLEPTIC,1,,,,
AUTOR,cm,5.5,mm,3.9,Me,41,9,6,1,-2.5,-0.4,0.42,2.5,1,0,0,0,0,0,0,0,SYLLEPTIC,0,1,0,0,0
AUTOR,cm,5.5,mm,3.9,Me,41,9,6,2,-1.5,-0.2,0.25,1.5,0,0,1,0,0,0,1,1,PROLEPTIC,1,,,,
AUTOR,cm,5.5,mm,3.9,Me,41,9,6,3,-0.5,-0.1,0.08,0.5,1,0,0,0,0,0,0,0,SYLLEPTIC,1,1,2,0,2
AUTOR,cm,5.5,mm,3.9,Me,41,9,6,4,0.5,0.1,0.08,0.5,1,0,0,1,1,0,0,0,SYLLEPTIC,1,1,1,1,2
AUTOR,cm,5.5,mm,3.9,Me,41,9,6,5,1.5,0.2,0.25,1.5,0,0,1,0,0,0,1,1,PROLEPTIC,1,,,,
AUTOR,cm,5.5,mm,3.9,Me,41,9,6,6,2.5,0.4,0.42,2.5,0,0,1,0,0,0,1,1,PROLEPTIC,1,,,,
AUTOR,cm,7,mm,3.3,Me,42,9,6,1,-2.5,-0.4,0.42,2.5,0,1,0,0,0,0,1,1,PROLEPTIC,0,,,,
AUTOR,cm,7,mm,3.3,Me,42,9,6,2,-1.5,-0.2,0.25,1.5,0,0,0,0,0,1,1,0,PROLEPTIC,0,,,,
AUTOR,cm,7,mm,3.3,Me,42,9,6,3,-0.5,-0.1,0.08,0.5,0,0,1,0,0,0,1,1,PROLEPTIC,1,,,,
AUTOR,cm,7,mm,3.3,Me,42,9,6,4,0.5,0.1,0.08,0.5,1,0,0,0,0,0,0,0,SYLLEPTIC,1,1,3,0,3
AUTOR,cm,7,mm,3.3,Me,42,9,6,5,1.5,0.2,0.25,1.5,1,0,0,0,0,0,0,0,SYLLEPTIC,0,1,0,5,5
AUTOR,cm,7,mm,3.3,Me,42,9,6,6,2.5,0.4,0.42,2.5,0,0,1,0,0,0,1,1,PROLEPTIC,1,,,,
AUTOR,cm,18.2,mm,4.28,Me,43,9,7,1,-3,-0.4,0.43,3,1,0,0,0,0,0,0,0,SYLLEPTIC,,1,1,2,3
AUTOR,cm,18.2,mm,4.28,Me,43,9,7,2,-2,-0.3,0.29,2,0,0,1,1,1,0,1,1,PROLEPTIC,,,,,
AUTOR,cm,18.2,mm,4.28,Me,43,9,7,3,-1,-0.1,0.14,1,0,0,1,1,2,0,1,1,PROLEPTIC,,,,,
AUTOR,cm,18.2,mm,4.28,Me,43,9,7,4,0,0,0,0,0,0,1,1,2,0,1,1,PROLEPTIC,,,,,
AUTOR,cm,18.2,mm,4.28,Me,43,9,7,5,1,0.1,0.14,1,0,0,1,1,3,0,1,1,PROLEPTIC,,,,,
AUTOR,cm,18.2,mm,4.28,Me,43,9,7,6,2,0.3,0.29,2,0,0,1,1,2,0,1,1,PROLEPTIC,,,,,
AUTOR,cm,18.2,mm,4.28,Me,43,9,7,7,3,0.4,0.43,3,0,0,1,1,3,0,1,1,PROLEPTIC,,,,,
AUTOR,cm,42.6,mm,5.5,VLo,44,9,15,1,-7,-0.5,0.47,7,0,1,0,0,0,0,1,1,PROLEPTIC,1,,,,
AUTOR,cm,42.6,mm,5.5,VLo,44,9,15,2,-6,-0.4,0.4,6,0,1,0,0,0,0,1,1,PROLEPTIC,0,,,,
AUTOR,cm,42.6,mm,5.5,VLo,44,9,15,3,-5,-0.3,0.33,5,0,0,1,1,1,0,1,1,PROLEPTIC,1,,,,
AUTOR,cm,42.6,mm,5.5,VLo,44,9,15,4,-4,-0.3,0.27,4,1,0,0,0,0,0,0,0,SYLLEPTIC,1,1,2,0,2
AUTOR,cm,42.6,mm,5.5,VLo,44,9,15,5,-3,-0.2,0.2,3,0,0,1,1,2,0,1,1,PROLEPTIC,1,,,,
AUTOR,cm,42.6,mm,5.5,VLo,44,9,15,6,-2,-0.1,0.13,2,0,1,0,0,0,0,1,1,PROLEPTIC,1,,,,
AUTOR,cm,42.6,mm,5.5,VLo,44,9,15,7,-1,-0.1,0.07,1,0,0,1,1,2,0,1,1,PROLEPTIC,1,,,,
AUTOR,cm,42.6,mm,5.5,VLo,44,9,15,8,0,0,0,0,0,0,1,0,0,0,1,1,PROLEPTIC,1,,,,
AUTOR,cm,42.6,mm,5.5,VLo,44,9,15,9,1,0.1,0.07,1,0,0,1,1,3,0,1,1,PROLEPTIC,1,,,,
AUTOR,cm,42.6,mm,5.5,VLo,44,9,15,10,2,0.1,0.13,2,0,0,1,1,3,0,1,1,PROLEPTIC,1,,,,
AUTOR,cm,42.6,mm,5.5,VLo,44,9,15,11,3,0.2,0.2,3,0,0,1,1,3,0,1,1,PROLEPTIC,1,,,,
AUTOR,cm,42.6,mm,5.5,VLo,44,9,15,12,4,0.3,0.27,4,0,0,1,1,2,0,1,1,PROLEPTIC,1,,,,
AUTOR,cm,42.6,mm,5.5,VLo,44,9,15,13,5,0.3,0.33,5,0,0,1,0,0,0,1,1,PROLEPTIC,1,,,,
AUTOR,cm,42.6,mm,5.5,VLo,44,9,15,14,6,0.4,0.4,6,1,0,0,0,0,0,0,0,SYLLEPTIC,0,1,2,3,5
AUTOR,cm,42.6,mm,5.5,VLo,44,9,15,15,7,0.5,0.47,7,0,1,0,0,0,0,1,1,PROLEPTIC,1,,,,
AUTOR,cm,34,mm,5.4,Lo,45,9,13,1,-6,-0.5,0.46,6,0,1,0,0,0,0,1,1,PROLEPTIC,0,,,,
AUTOR,cm,34,mm,5.4,Lo,45,9,13,2,-5,-0.4,0.38,5,0,0,1,0,0,0,1,1,PROLEPTIC,0,,,,
AUTOR,cm,34,mm,5.4,Lo,45,9,13,3,-4,-0.3,0.31,4,0,0,1,0,0,0,1,1,PROLEPTIC,1,,,,
AUTOR,cm,34,mm,5.4,Lo,45,9,13,4,-3,-0.2,0.23,3,1,0,0,0,0,0,0,0,SYLLEPTIC,1,1,1,0,1
AUTOR,cm,34,mm,5.4,Lo,45,9,13,5,-2,-0.2,0.15,2,0,1,0,0,0,0,1,1,PROLEPTIC,1,,,,
AUTOR,cm,34,mm,5.4,Lo,45,9,13,6,-1,-0.1,0.08,1,0,0,1,1,2,0,1,1,PROLEPTIC,1,,,,
AUTOR,cm,34,mm,5.4,Lo,45,9,13,7,0,0,0,0,0,0,1,1,2,0,1,1,PROLEPTIC,1,,,,
AUTOR,cm,34,mm,5.4,Lo,45,9,13,8,1,0.1,0.08,1,0,0,1,1,3,0,1,1,PROLEPTIC,1,,,,
AUTOR,cm,34,mm,5.4,Lo,45,9,13,9,2,0.2,0.15,2,0,0,1,1,3,0,1,1,PROLEPTIC,1,,,,
AUTOR,cm,34,mm,5.4,Lo,45,9,13,10,3,0.2,0.23,3,0,0,1,1,3,0,1,1,PROLEPTIC,1,,,,
AUTOR,cm,34,mm,5.4,Lo,45,9,13,11,4,0.3,0.31,4,0,0,1,1,4,0,1,1,PROLEPTIC,1,,,,
AUTOR,cm,34,mm,5.4,Lo,45,9,13,12,5,0.4,0.38,5,0,0,1,1,4,0,1,1,PROLEPTIC,1,,,,
AUTOR,cm,34,mm,5.4,Lo,45,9,13,13,6,0.5,0.46,6,0,0,2,0,0,0,2,2,PROLEPTIC,1,,,,
AUTOR,cm,43,mm,6.2,VLo,46,9,19,1,-9,-0.5,0.47,9,0,0,1,0,0,0,1,1,PROLEPTIC,0,,,,
AUTOR,cm,43,mm,6.2,VLo,46,9,19,2,-8,-0.4,0.42,8,0,0,1,0,0,0,1,1,PROLEPTIC,1,,,,
AUTOR,cm,43,mm,6.2,VLo,46,9,19,3,-7,-0.4,0.37,7,0,0,0,0,0,1,1,0,PROLEPTIC,1,,,,
AUTOR,cm,43,mm,6.2,VLo,46,9,19,4,-6,-0.3,0.32,6,0,0,1,0,0,0,1,1,PROLEPTIC,1,,,,
AUTOR,cm,43,mm,6.2,VLo,46,9,19,5,-5,-0.3,0.26,5,0,0,1,0,0,0,1,1,PROLEPTIC,1,,,,
AUTOR,cm,43,mm,6.2,VLo,46,9,19,6,-4,-0.2,0.21,4,1,0,0,0,0,0,0,0,SYLLEPTIC,1,1,0,2,2
AUTOR,cm,43,mm,6.2,VLo,46,9,19,7,-3,-0.2,0.16,3,0,1,0,0,0,0,1,1,PROLEPTIC,1,,,,
AUTOR,cm,43,mm,6.2,VLo,46,9,19,8,-2,-0.1,0.11,2,0,0,1,0,0,0,1,1,PROLEPTIC,1,,,,
AUTOR,cm,43,mm,6.2,VLo,46,9,19,9,-1,-0.1,0.05,1,0,0,1,0,0,0,1,1,PROLEPTIC,1,,,,
AUTOR,cm,43,mm,6.2,VLo,46,9,19,10,0,0,0,0,0,0,1,0,0,0,1,1,PROLEPTIC,1,,,,
AUTOR,cm,43,mm,6.2,VLo,46,9,19,11,1,0.1,0.05,1,1,0,0,0,0,0,0,0,SYLLEPTIC,3,1,2,1,3
AUTOR,cm,43,mm,6.2,VLo,46,9,19,12,2,0.1,0.11,2,0,1,0,0,0,0,1,1,PROLEPTIC,1,,,,
AUTOR,cm,43,mm,6.2,VLo,46,9,19,13,3,0.2,0.16,3,0,0,1,0,0,0,1,1,PROLEPTIC,1,,,,
AUTOR,cm,43,mm,6.2,VLo,46,9,19,14,4,0.2,0.21,4,0,1,0,0,0,0,1,1,PROLEPTIC,1,,,,
AUTOR,cm,43,mm,6.2,VLo,46,9,19,15,5,0.3,0.26,5,1,0,0,0,0,0,0,0,SYLLEPTIC,1,1,1,0,1
AUTOR,cm,43,mm,6.2,VLo,46,9,19,16,6,0.3,0.32,6,0,0,1,0,0,0,1,1,PROLEPTIC,1,,,,
AUTOR,cm,43,mm,6.2,VLo,46,9,19,17,7,0.4,0.37,7,0,0,1,0,0,0,1,1,PROLEPTIC,1,,,,
AUTOR,cm,43,mm,6.2,VLo,46,9,19,18,8,0.4,0.42,8,1,0,0,0,0,0,0,0,SYLLEPTIC,0,1,0,0,0
AUTOR,cm,43,mm,6.2,VLo,46,9,19,19,9,0.5,0.47,9,0,1,0,0,0,0,1,1,PROLEPTIC,1,,,,
AUTOR,cm,52,mm,7.36,VLo,47,9,20,1,-9.5,-0.5,0.48,9.5,0,1,0,0,0,0,1,1,PROLEPTIC,1,,,,
AUTOR,cm,52,mm,7.36,VLo,47,9,20,2,-8.5,-0.4,0.42,8.5,0,0,0,0,0,1,1,0,PROLEPTIC,1,,,,
AUTOR,cm,52,mm,7.36,VLo,47,9,20,3,-7.5,-0.4,0.38,7.5,0,0,0,0,0,1,1,0,PROLEPTIC,1,,,,
AUTOR,cm,52,mm,7.36,VLo,47,9,20,4,-6.5,-0.3,0.32,6.5,0,0,0,0,0,1,1,0,PROLEPTIC,1,,,,
AUTOR,cm,52,mm,7.36,VLo,47,9,20,5,-5.5,-0.3,0.28,5.5,0,0,1,1,4,0,1,1,PROLEPTIC,1,,,,
AUTOR,cm,52,mm,7.36,VLo,47,9,20,6,-4.5,-0.2,0.22,4.5,0,0,2,1,3,0,2,2,PROLEPTIC,2,,,,
AUTOR,cm,52,mm,7.36,VLo,47,9,20,7,-3.5,-0.2,0.17,3.5,1,0,0,0,0,0,0,0,SYLLEPTIC,1,1,3,0,3
AUTOR,cm,52,mm,7.36,VLo,47,9,20,8,-2.5,-0.1,0.12,2.5,0,0,1,1,4,0,1,1,PROLEPTIC,1,,,,
AUTOR,cm,52,mm,7.36,VLo,47,9,20,9,-1.5,-0.1,0.07,1.5,0,0,1,0,0,0,1,1,PROLEPTIC,1,,,,
AUTOR,cm,52,mm,7.36,VLo,47,9,20,10,-0.5,0,0.03,0.5,1,0,0,0,0,0,0,0,SYLLEPTIC,2,1,3,0,3
AUTOR,cm,52,mm,7.36,VLo,47,9,20,11,0.5,0,0.03,0.5,0,0,1,0,0,0,1,1,PROLEPTIC,1,,,,
AUTOR,cm,52,mm,7.36,VLo,47,9,20,12,1.5,0.1,0.07,1.5,1,0,0,1,2,0,0,0,SYLLEPTIC,3,1,2,1,3
AUTOR,cm,52,mm,7.36,VLo,47,9,20,13,2.5,0.1,0.12,2.5,0,1,0,0,0,0,1,1,PROLEPTIC,1,,,,
AUTOR,cm,52,mm,7.36,VLo,47,9,20,14,3.5,0.2,0.17,3.5,0,0,2,1,3,0,2,2,PROLEPTIC,1,,,,
AUTOR,cm,52,mm,7.36,VLo,47,9,20,15,4.5,0.2,0.22,4.5,0,0,1,1,3,0,1,1,PROLEPTIC,1,,,,
AUTOR,cm,52,mm,7.36,VLo,47,9,20,16,5.5,0.3,0.28,5.5,1,0,0,1,3,0,0,0,SYLLEPTIC,1,1,1,1,2
AUTOR,cm,52,mm,7.36,VLo,47,9,20,17,6.5,0.3,0.32,6.5,0,0,1,1,2,0,1,1,PROLEPTIC,1,,,,
AUTOR,cm,52,mm,7.36,VLo,47,9,20,18,7.5,0.4,0.38,7.5,0,0,1,1,4,0,1,1,PROLEPTIC,1,,,,
AUTOR,cm,52,mm,7.36,VLo,47,9,20,19,8.5,0.4,0.42,8.5,1,0,0,0,0,0,0,0,SYLLEPTIC,0,1,1,3,4
AUTOR,cm,52,mm,7.36,VLo,47,9,20,20,9.5,0.5,0.48,9.5,0,0,1,0,0,0,1,1,PROLEPTIC,1,,,,
AUTOR,cm,4.5,mm,2.6,Sh,48,9,6,1,-2.5,-0.4,0.42,2.5,0,0,0,0,0,1,1,0,PROLEPTIC,0,,,,
AUTOR,cm,4.5,mm,2.6,Sh,48,9,6,2,-1.5,-0.2,0.25,1.5,0,0,0,0,0,1,1,0,PROLEPTIC,0,,,,
AUTOR,cm,4.5,mm,2.6,Sh,48,9,6,3,-0.5,-0.1,0.08,0.5,0,0,0,0,0,1,1,0,PROLEPTIC,0,,,,
AUTOR,cm,4.5,mm,2.6,Sh,48,9,6,4,0.5,0.1,0.08,0.5,0,0,0,0,0,1,1,0,PROLEPTIC,0,,,,
AUTOR,cm,4.5,mm,2.6,Sh,48,9,6,5,1.5,0.2,0.25,1.5,1,0,0,0,0,0,0,0,SYLLEPTIC,1,1,1,2,3
AUTOR,cm,4.5,mm,2.6,Sh,48,9,6,6,2.5,0.4,0.42,2.5,0,0,1,2,5,0,1,1,PROLEPTIC,1,,,,
AUTOR,cm,25,mm,4.52,Lo,49,9,12,1,-5.5,-0.5,0.46,5.5,0,1,0,0,0,0,1,1,PROLEPTIC,0,,,,
AUTOR,cm,25,mm,4.52,Lo,49,9,12,2,-4.5,-0.4,0.38,4.5,0,0,0,0,0,1,1,0,PROLEPTIC,0,,,,
AUTOR,cm,25,mm,4.52,Lo,49,9,12,3,-3.5,-0.3,0.29,3.5,0,0,0,0,0,1,1,0,PROLEPTIC,0,,,,
AUTOR,cm,25,mm,4.52,Lo,49,9,12,4,-2.5,-0.2,0.21,2.5,0,0,0,0,0,1,1,0,PROLEPTIC,0,,,,
AUTOR,cm,25,mm,4.52,Lo,49,9,12,5,-1.5,-0.1,0.12,1.5,1,0,0,0,0,0,0,0,SYLLEPTIC,2,1,2,0,2
AUTOR,cm,25,mm,4.52,Lo,49,9,12,6,-0.5,0,0.04,0.5,0,0,1,1,1,0,1,1,PROLEPTIC,1,,,,
AUTOR,cm,25,mm,4.52,Lo,49,9,12,7,0.5,0,0.04,0.5,1,0,0,0,0,0,0,0,SYLLEPTIC,2,1,1,2,3
AUTOR,cm,25,mm,4.52,Lo,49,9,12,8,1.5,0.1,0.12,1.5,0,0,1,1,1,0,1,1,PROLEPTIC,1,,,,
AUTOR,cm,25,mm,4.52,Lo,49,9,12,9,2.5,0.2,0.21,2.5,0,0,1,1,3,0,1,1,PROLEPTIC,1,,,,
AUTOR,cm,25,mm,4.52,Lo,49,9,12,10,3.5,0.3,0.29,3.5,0,0,1,1,4,0,1,1,PROLEPTIC,1,,,,
AUTOR,cm,25,mm,4.52,Lo,49,9,12,11,4.5,0.4,0.38,4.5,1,0,0,0,0,0,0,0,SYLLEPTIC,0,1,0,0,0
AUTOR,cm,25,mm,4.52,Lo,49,9,12,12,5.5,0.5,0.46,5.5,0,1,0,0,0,0,1,1,PROLEPTIC,1,,,,
AUTOR,cm,19,mm,3.8,Me,50,9,8,1,-3.5,-0.4,0.44,3.5,0,0,0,0,0,1,1,0,PROLEPTIC,0,,,,
AUTOR,cm,19,mm,3.8,Me,50,9,8,2,-2.5,-0.3,0.31,2.5,0,0,0,0,0,1,1,0,PROLEPTIC,0,,,,
AUTOR,cm,19,mm,3.8,Me,50,9,8,3,-1.5,-0.2,0.19,1.5,0,0,0,0,0,1,1,0,PROLEPTIC,0,,,,
AUTOR,cm,19,mm,3.8,Me,50,9,8,4,-0.5,-0.1,0.06,0.5,0,1,0,0,0,0,1,1,PROLEPTIC,1,,,,
AUTOR,cm,19,mm,3.8,Me,50,9,8,5,0.5,0.1,0.06,0.5,1,0,0,1,3,0,0,0,SYLLEPTIC,1,1,0,2,2
AUTOR,cm,19,mm,3.8,Me,50,9,8,6,1.5,0.2,0.19,1.5,0,0,1,1,4,0,1,1,PROLEPTIC,1,,,,
AUTOR,cm,19,mm,3.8,Me,50,9,8,7,2.5,0.3,0.31,2.5,1,0,0,1,2,0,0,0,SYLLEPTIC,1,1,0,1,1
AUTOR,cm,19,mm,3.8,Me,50,9,8,8,3.5,0.4,0.44,3.5,0,1,0,0,0,0,1,1,PROLEPTIC,1,,,,
AUTOR,cm,4.5,mm,2.6,Sh,51,9,4,1,-1.5,-0.4,0.38,1.5,0,0,0,0,0,1,1,0,PROLEPTIC,0,,,,
AUTOR,cm,4.5,mm,2.6,Sh,51,9,4,2,-0.5,-0.1,0.12,0.5,0,0,0,0,0,1,1,0,PROLEPTIC,0,,,,
AUTOR,cm,4.5,mm,2.6,Sh,51,9,4,3,0.5,0.1,0.12,0.5,1,0,0,0,0,0,0,0,SYLLEPTIC,0,1,0,0,0
AUTOR,cm,4.5,mm,2.6,Sh,51,9,4,4,1.5,0.4,0.38,1.5,0,1,0,0,0,0,1,1,PROLEPTIC,1,,,,
AUTOR,cm,2,mm,2.8,Sh,52,9,2,1,-0.5,-0.2,0.25,0.5,0,1,0,0,0,0,1,1,PROLEPTIC,1,,,,
AUTOR,cm,2,mm,2.8,Sh,52,9,2,2,0.5,0.2,0.25,0.5,0,0,1,0,0,0,1,1,PROLEPTIC,1,,,,
AUTOR,cm,54,mm,5.64,VLo,53,9,15,1,-7,-0.5,0.47,7,0,0,0,0,0,1,1,0,PROLEPTIC,0,,,,
AUTOR,cm,54,mm,5.64,VLo,53,9,15,2,-6,-0.4,0.4,6,0,0,0,0,0,1,1,0,PROLEPTIC,1,,,,
AUTOR,cm,54,mm,5.64,VLo,53,9,15,3,-5,-0.3,0.33,5,0,0,0,0,0,1,1,0,PROLEPTIC,0,,,,
AUTOR,cm,54,mm,5.64,VLo,53,9,15,4,-4,-0.3,0.27,4,0,0,0,0,0,1,1,0,PROLEPTIC,0,,,,
AUTOR,cm,54,mm,5.64,VLo,53,9,15,5,-3,-0.2,0.2,3,0,0,1,0,0,0,1,1,PROLEPTIC,1,,,,
AUTOR,cm,54,mm,5.64,VLo,53,9,15,6,-2,-0.1,0.13,2,1,0,0,1,1,0,0,0,SYLLEPTIC,2,1,0,1,1
AUTOR,cm,54,mm,5.64,VLo,53,9,15,7,-1,-0.1,0.07,1,0,0,1,1,3,0,1,1,PROLEPTIC,1,,,,
AUTOR,cm,54,mm,5.64,VLo,53,9,15,8,0,0,0,0,0,0,1,1,4,0,1,1,PROLEPTIC,1,,,,
AUTOR,cm,54,mm,5.64,VLo,53,9,15,9,1,0.1,0.07,1,0,0,1,1,3,0,1,1,PROLEPTIC,1,,,,
AUTOR,cm,54,mm,5.64,VLo,53,9,15,10,2,0.1,0.13,2,0,0,1,1,3,0,1,1,PROLEPTIC,1,,,,
AUTOR,cm,54,mm,5.64,VLo,53,9,15,11,3,0.2,0.2,3,0,0,1,1,4,0,1,1,PROLEPTIC,1,,,,
AUTOR,cm,54,mm,5.64,VLo,53,9,15,12,4,0.3,0.27,4,0,0,1,1,5,0,1,1,PROLEPTIC,1,,,,
AUTOR,cm,54,mm,5.64,VLo,53,9,15,13,5,0.3,0.33,5,0,0,1,1,4,0,1,1,PROLEPTIC,1,,,,
AUTOR,cm,54,mm,5.64,VLo,53,9,15,14,6,0.4,0.4,6,0,0,1,1,5,0,1,1,PROLEPTIC,1,,,,
AUTOR,cm,54,mm,5.64,VLo,53,9,15,15,7,0.5,0.47,7,0,0,1,1,4,0,1,1,PROLEPTIC,1,,,,
AUTOR,cm,8.5,mm,3.52,Me,54,9,7,1,-3,-0.4,0.43,3,0,1,0,0,0,0,1,1,PROLEPTIC,1,,,,
AUTOR,cm,8.5,mm,3.52,Me,54,9,7,2,-2,-0.3,0.29,2,0,0,0,0,0,1,1,0,PROLEPTIC,1,,,,
AUTOR,cm,8.5,mm,3.52,Me,54,9,7,3,-1,-0.1,0.14,1,0,0,1,1,3,0,1,1,PROLEPTIC,1,,,,
AUTOR,cm,8.5,mm,3.52,Me,54,9,7,4,0,0,0,0,0,0,0,0,0,1,1,0,PROLEPTIC,0,,,,
AUTOR,cm,8.5,mm,3.52,Me,54,9,7,5,1,0.1,0.14,1,1,0,0,1,3,0,0,0,SYLLEPTIC,2,1,2,2,4
AUTOR,cm,8.5,mm,3.52,Me,54,9,7,6,2,0.3,0.29,2,1,0,0,0,0,0,0,0,SYLLEPTIC,1,1,0,3,3
AUTOR,cm,8.5,mm,3.52,Me,54,9,7,7,3,0.4,0.43,3,0,1,0,0,0,0,1,1,PROLEPTIC,1,,,,
AUTOR,cm,6,mm,2.66,Me,55,9,5,1,-2,-0.4,0.4,2,0,1,0,0,0,0,1,1,PROLEPTIC,0,,,,
AUTOR,cm,6,mm,2.66,Me,55,9,5,2,-1,-0.2,0.2,1,0,1,0,0,0,0,1,1,PROLEPTIC,1,,,,
AUTOR,cm,6,mm,2.66,Me,55,9,5,3,0,0,0,0,0,1,0,0,0,0,1,1,PROLEPTIC,1,,,,
AUTOR,cm,6,mm,2.66,Me,55,9,5,4,1,0.2,0.2,1,0,0,1,1,3,0,1,1,PROLEPTIC,1,,,,
AUTOR,cm,6,mm,2.66,Me,55,9,5,5,2,0.4,0.4,2,0,0,1,0,0,0,1,1,PROLEPTIC,1,,,,
AUTOR,cm,10.2,mm,3.26,Me,56,9,8,1,-3.5,-0.4,0.44,3.5,0,0,0,0,0,1,1,0,PROLEPTIC,0,,,,
AUTOR,cm,10.2,mm,3.26,Me,56,9,8,2,-2.5,-0.3,0.31,2.5,0,1,0,0,0,0,1,1,PROLEPTIC,1,,,,
AUTOR,cm,10.2,mm,3.26,Me,56,9,8,3,-1.5,-0.2,0.19,1.5,0,0,0,0,0,1,1,0,PROLEPTIC,0,,,,
AUTOR,cm,10.2,mm,3.26,Me,56,9,8,4,-0.5,-0.1,0.06,0.5,0,1,1,1,2,0,2,2,PROLEPTIC,1,,,,
AUTOR,cm,10.2,mm,3.26,Me,56,9,8,5,0.5,0.1,0.06,0.5,1,0,0,1,3,0,0,0,SYLLEPTIC,2,1,2,1,3
AUTOR,cm,10.2,mm,3.26,Me,56,9,8,6,1.5,0.2,0.19,1.5,1,0,0,0,0,0,0,0,SYLLEPTIC,1,1,0,2,2
AUTOR,cm,10.2,mm,3.26,Me,56,9,8,7,2.5,0.3,0.31,2.5,0,0,2,0,0,0,2,2,PROLEPTIC,1,,,,
AUTOR,cm,10.2,mm,3.26,Me,56,9,8,8,3.5,0.4,0.44,3.5,0,1,0,0,0,0,1,1,PROLEPTIC,1,,,,
AUTOR,cm,12,mm,4.1,Me,57,9,7,1,-3,-0.4,0.43,3,0,0,0,0,0,1,1,0,PROLEPTIC,0,,,,
AUTOR,cm,12,mm,4.1,Me,57,9,7,2,-2,-0.3,0.29,2,0,0,0,0,0,1,1,0,PROLEPTIC,0,,,,
AUTOR,cm,12,mm,4.1,Me,57,9,7,3,-1,-0.1,0.14,1,0,0,0,0,0,1,1,0,PROLEPTIC,0,,,,
AUTOR,cm,12,mm,4.1,Me,57,9,7,4,0,0,0,0,0,0,1,0,0,0,1,1,PROLEPTIC,1,,,,
AUTOR,cm,12,mm,4.1,Me,57,9,7,5,1,0.1,0.14,1,1,0,0,1,2,0,0,0,SYLLEPTIC,2,1,2,3,5
AUTOR,cm,12,mm,4.1,Me,57,9,7,6,2,0.3,0.29,2,1,0,0,1,4,0,0,0,SYLLEPTIC,1,1,0,1,1
AUTOR,cm,12,mm,4.1,Me,57,9,7,7,3,0.4,0.43,3,0,0,1,0,0,0,1,1,PROLEPTIC,1,,,,
AUTOR,cm,2,mm,2.32,Sh,58,9,3,1,-1,-0.3,0.33,1,0,0,0,0,0,1,1,0,PROLEPTIC,1,,,,
AUTOR,cm,2,mm,2.32,Sh,58,9,3,2,0,0,0,0,1,0,0,1,1,0,0,0,SYLLEPTIC,1,1,0,1,1
AUTOR,cm,2,mm,2.32,Sh,58,9,3,3,1,0.3,0.33,1,0,1,0,0,0,0,1,1,PROLEPTIC,1,,,,
AUTOR,cm,54,mm,5.4,VLo,59,9,22,1,-10.5,-0.5,0.48,10.5,0,0,0,0,0,1,1,0,PROLEPTIC,0,,,,
AUTOR,cm,54,mm,5.4,VLo,59,9,22,2,-9.5,-0.4,0.43,9.5,0,0,0,0,0,1,1,0,PROLEPTIC,0,,,,
AUTOR,cm,54,mm,5.4,VLo,59,9,22,3,-8.5,-0.4,0.39,8.5,0,0,0,0,0,1,1,0,PROLEPTIC,0,,,,
AUTOR,cm,54,mm,5.4,VLo,59,9,22,4,-7.5,-0.3,0.34,7.5,0,0,0,0,0,1,1,0,PROLEPTIC,0,,,,
AUTOR,cm,54,mm,5.4,VLo,59,9,22,5,-6.5,-0.3,0.3,6.5,0,0,0,0,0,1,1,0,PROLEPTIC,0,,,,
AUTOR,cm,54,mm,5.4,VLo,59,9,22,6,-5.5,-0.2,0.25,5.5,1,0,0,0,0,0,0,0,SYLLEPTIC,2,1,0,2,2
AUTOR,cm,54,mm,5.4,VLo,59,9,22,7,-4.5,-0.2,0.2,4.5,0,0,2,2,3,0,2,2,PROLEPTIC,1,,,,
AUTOR,cm,54,mm,5.4,VLo,59,9,22,8,-3.5,-0.2,0.16,3.5,0,1,0,0,0,0,1,1,PROLEPTIC,1,,,,
AUTOR,cm,54,mm,5.4,VLo,59,9,22,9,-2.5,-0.1,0.11,2.5,0,0,1,0,0,0,1,1,PROLEPTIC,1,,,,
AUTOR,cm,54,mm,5.4,VLo,59,9,22,10,-1.5,-0.1,0.07,1.5,0,0,1,1,5,0,1,1,PROLEPTIC,1,,,,
AUTOR,cm,54,mm,5.4,VLo,59,9,22,11,-0.5,0,0.02,0.5,0,0,1,1,3,0,1,1,PROLEPTIC,1,,,,
AUTOR,cm,54,mm,5.4,VLo,59,9,22,12,0.5,0,0.02,0.5,0,1,1,1,2,0,2,2,PROLEPTIC,1,,,,
AUTOR,cm,54,mm,5.4,VLo,59,9,22,13,1.5,0.1,0.07,1.5,0,0,1,0,0,0,1,1,PROLEPTIC,1,,,,
AUTOR,cm,54,mm,5.4,VLo,59,9,22,14,2.5,0.1,0.11,2.5,0,1,1,1,1,0,2,2,PROLEPTIC,1,,,,
AUTOR,cm,54,mm,5.4,VLo,59,9,22,15,3.5,0.2,0.16,3.5,0,2,0,0,0,0,2,2,PROLEPTIC,2,,,,
AUTOR,cm,54,mm,5.4,VLo,59,9,22,16,4.5,0.2,0.2,4.5,0,1,0,0,0,0,1,1,PROLEPTIC,1,,,,
AUTOR,cm,54,mm,5.4,VLo,59,9,22,17,5.5,0.2,0.25,5.5,0,0,1,0,0,0,1,1,PROLEPTIC,1,,,,
AUTOR,cm,54,mm,5.4,VLo,59,9,22,18,6.5,0.3,0.3,6.5,0,1,0,0,0,0,1,1,PROLEPTIC,1,,,,
AUTOR,cm,54,mm,5.4,VLo,59,9,22,19,7.5,0.3,0.34,7.5,0,1,0,0,0,0,1,1,PROLEPTIC,1,,,,
AUTOR,cm,54,mm,5.4,VLo,59,9,22,20,8.5,0.4,0.39,8.5,1,0,0,0,0,0,0,0,SYLLEPTIC,2,1,2,0,2
AUTOR,cm,54,mm,5.4,VLo,59,9,22,21,9.5,0.4,0.43,9.5,0,1,0,0,0,0,1,1,PROLEPTIC,1,,,,
AUTOR,cm,54,mm,5.4,VLo,59,9,22,22,10.5,0.5,0.48,10.5,0,1,0,0,0,0,1,1,PROLEPTIC,1,,,,
AUTOR,cm,3,mm,2.64,Sh,60,9,4,1,-1.5,-0.4,0.38,1.5,0,0,0,0,0,1,1,0,PROLEPTIC,0,,,,
AUTOR,cm,3,mm,2.64,Sh,60,9,4,2,-0.5,-0.1,0.12,0.5,0,1,0,0,0,0,1,1,PROLEPTIC,1,,,,
AUTOR,cm,3,mm,2.64,Sh,60,9,4,3,0.5,0.1,0.12,0.5,1,0,0,0,0,0,0,0,SYLLEPTIC,0,1,1,0,1
AUTOR,cm,3,mm,2.64,Sh,60,9,4,4,1.5,0.4,0.38,1.5,0,1,0,0,0,0,1,1,PROLEPTIC,1,,,,
AUTOR,cm,46,mm,7.2,VLo,61,9,20,1,-9.5,-0.5,0.48,9.5,0,1,0,0,0,0,1,1,PROLEPTIC,0,,,,
AUTOR,cm,46,mm,7.2,VLo,61,9,20,2,-8.5,-0.4,0.42,8.5,0,1,0,0,0,0,1,1,PROLEPTIC,1,,,,
AUTOR,cm,46,mm,7.2,VLo,61,9,20,3,-7.5,-0.4,0.38,7.5,0,1,0,0,0,0,1,1,PROLEPTIC,1,,,,
AUTOR,cm,46,mm,7.2,VLo,61,9,20,4,-6.5,-0.3,0.32,6.5,0,1,0,0,0,0,1,1,PROLEPTIC,1,,,,
AUTOR,cm,46,mm,7.2,VLo,61,9,20,5,-5.5,-0.3,0.28,5.5,0,1,0,0,0,0,1,1,PROLEPTIC,1,,,,
AUTOR,cm,46,mm,7.2,VLo,61,9,20,6,-4.5,-0.2,0.22,4.5,0,1,0,0,0,0,1,1,PROLEPTIC,1,,,,
AUTOR,cm,46,mm,7.2,VLo,61,9,20,7,-3.5,-0.2,0.17,3.5,0,1,0,0,0,0,1,1,PROLEPTIC,1,,,,
AUTOR,cm,46,mm,7.2,VLo,61,9,20,8,-2.5,-0.1,0.12,2.5,0,1,0,0,0,0,1,1,PROLEPTIC,1,,,,
AUTOR,cm,46,mm,7.2,VLo,61,9,20,9,-1.5,-0.1,0.07,1.5,0,1,1,1,4,0,2,2,PROLEPTIC,1,,,,
AUTOR,cm,46,mm,7.2,VLo,61,9,20,10,-0.5,0,0.03,0.5,0,1,0,0,0,0,1,1,PROLEPTIC,1,,,,
AUTOR,cm,46,mm,7.2,VLo,61,9,20,11,0.5,0,0.03,0.5,0,1,1,1,5,0,2,2,PROLEPTIC,1,,,,
AUTOR,cm,46,mm,7.2,VLo,61,9,20,12,1.5,0.1,0.07,1.5,0,0,1,0,0,0,1,1,PROLEPTIC,1,,,,
AUTOR,cm,46,mm,7.2,VLo,61,9,20,13,2.5,0.1,0.12,2.5,0,1,1,1,5,0,2,2,PROLEPTIC,1,,,,
AUTOR,cm,46,mm,7.2,VLo,61,9,20,14,3.5,0.2,0.17,3.5,0,0,1,0,0,0,1,1,PROLEPTIC,1,,,,
AUTOR,cm,46,mm,7.2,VLo,61,9,20,15,4.5,0.2,0.22,4.5,0,1,1,1,4,0,2,2,PROLEPTIC,1,,,,
AUTOR,cm,46,mm,7.2,VLo,61,9,20,16,5.5,0.3,0.28,5.5,0,0,1,0,0,0,1,1,PROLEPTIC,1,,,,
AUTOR,cm,46,mm,7.2,VLo,61,9,20,17,6.5,0.3,0.32,6.5,0,1,0,0,0,0,1,1,PROLEPTIC,1,,,,
AUTOR,cm,46,mm,7.2,VLo,61,9,20,18,7.5,0.4,0.38,7.5,0,0,1,0,0,0,1,1,PROLEPTIC,1,,,,
AUTOR,cm,46,mm,7.2,VLo,61,9,20,19,8.5,0.4,0.42,8.5,0,1,0,0,0,0,1,1,PROLEPTIC,1,,,,
AUTOR,cm,46,mm,7.2,VLo,61,9,20,20,9.5,0.5,0.48,9.5,0,2,0,0,0,0,2,2,PROLEPTIC,1,,,,
AUTOR,cm,9,mm,2.66,Me,62,9,8,1,-3.5,-0.4,0.44,3.5,0,0,1,0,0,0,1,1,PROLEPTIC,0,,,,
AUTOR,cm,9,mm,2.66,Me,62,9,8,2,-2.5,-0.3,0.31,2.5,0,1,0,0,0,0,1,1,PROLEPTIC,0,,,,
AUTOR,cm,9,mm,2.66,Me,62,9,8,3,-1.5,-0.2,0.19,1.5,0,0,0,0,0,1,1,0,PROLEPTIC,1,,,,
AUTOR,cm,9,mm,2.66,Me,62,9,8,4,-0.5,-0.1,0.06,0.5,0,0,1,1,6,0,1,1,PROLEPTIC,0,,,,
AUTOR,cm,9,mm,2.66,Me,62,9,8,5,0.5,0.1,0.06,0.5,1,0,0,0,0,0,0,0,SYLLEPTIC,1,1,1,0,1
AUTOR,cm,9,mm,2.66,Me,62,9,8,6,1.5,0.2,0.19,1.5,0,0,1,0,0,0,1,1,PROLEPTIC,1,,,,
AUTOR,cm,9,mm,2.66,Me,62,9,8,7,2.5,0.3,0.31,2.5,0,0,1,0,0,0,1,1,PROLEPTIC,1,,,,
AUTOR,cm,9,mm,2.66,Me,62,9,8,8,3.5,0.4,0.44,3.5,0,1,0,0,0,0,1,1,PROLEPTIC,1,,,,
AUTOR,cm,4.8,mm,2.78,Sh,63,9,4,1,-1.5,-0.4,0.38,1.5,1,0,0,0,0,0,0,0,SYLLEPTIC,1,1,0,0,0
AUTOR,cm,4.8,mm,2.78,Sh,63,9,4,2,-0.5,-0.1,0.12,0.5,0,1,0,0,0,0,1,1,PROLEPTIC,1,,,,
AUTOR,cm,4.8,mm,2.78,Sh,63,9,4,3,0.5,0.1,0.12,0.5,1,0,0,2,3,0,0,0,SYLLEPTIC,1,1,0,2,2
AUTOR,cm,4.8,mm,2.78,Sh,63,9,4,4,1.5,0.4,0.38,1.5,0,0,1,0,0,0,1,1,PROLEPTIC,1,,,,
AUTOR,cm,28,mm,4.44,Lo,64,9,16,1,-7.5,-0.5,0.47,7.5,0,1,0,0,0,0,1,1,PROLEPTIC,0,,,,
AUTOR,cm,28,mm,4.44,Lo,64,9,16,2,-6.5,-0.4,0.41,6.5,0,0,0,0,0,1,1,0,PROLEPTIC,1,,,,
AUTOR,cm,28,mm,4.44,Lo,64,9,16,3,-5.5,-0.3,0.34,5.5,0,0,0,0,0,1,1,0,PROLEPTIC,0,,,,
AUTOR,cm,28,mm,4.44,Lo,64,9,16,4,-4.5,-0.3,0.28,4.5,0,1,0,0,0,0,1,1,PROLEPTIC,0,,,,
AUTOR,cm,28,mm,4.44,Lo,64,9,16,5,-3.5,-0.2,0.22,3.5,1,0,0,0,0,0,0,0,SYLLEPTIC,1,1,3,0,3
AUTOR,cm,28,mm,4.44,Lo,64,9,16,6,-2.5,-0.2,0.16,2.5,1,0,0,1,1,0,0,0,SYLLEPTIC,2,1,0,3,3
AUTOR,cm,28,mm,4.44,Lo,64,9,16,7,-1.5,-0.1,0.09,1.5,1,0,0,0,0,0,0,0,SYLLEPTIC,2,1,3,0,3
AUTOR,cm,28,mm,4.44,Lo,64,9,16,8,-0.5,0,0.03,0.5,1,0,0,0,0,0,0,0,SYLLEPTIC,1,1,1,0,1
AUTOR,cm,28,mm,4.44,Lo,64,9,16,9,0.5,0,0.03,0.5,0,0,1,1,2,0,1,1,PROLEPTIC,1,,,,
AUTOR,cm,28,mm,4.44,Lo,64,9,16,10,1.5,0.1,0.09,1.5,0,0,0,0,0,1,1,0,PROLEPTIC,0,,,,
AUTOR,cm,28,mm,4.44,Lo,64,9,16,11,2.5,0.2,0.16,2.5,0,0,1,1,2,0,1,1,PROLEPTIC,1,,,,
AUTOR,cm,28,mm,4.44,Lo,64,9,16,12,3.5,0.2,0.22,3.5,0,0,1,0,0,0,1,1,PROLEPTIC,1,,,,
AUTOR,cm,28,mm,4.44,Lo,64,9,16,13,4.5,0.3,0.28,4.5,0,0,1,0,0,0,1,1,PROLEPTIC,1,,,,
AUTOR,cm,28,mm,4.44,Lo,64,9,16,14,5.5,0.3,0.34,5.5,0,1,0,0,0,0,1,1,PROLEPTIC,1,,,,
AUTOR,cm,28,mm,4.44,Lo,64,9,16,15,6.5,0.4,0.41,6.5,1,0,0,0,0,0,0,0,SYLLEPTIC,1,1,0,0,0
AUTOR,cm,28,mm,4.44,Lo,64,9,16,16,7.5,0.5,0.47,7.5,0,1,0,0,0,0,1,1,PROLEPTIC,1,,,,
AUTOR,cm,10,mm,3.52,Me,65,9,7,1,-3,-0.4,0.43,3,0,0,1,0,0,0,1,1,PROLEPTIC,0,,,,
AUTOR,cm,10,mm,3.52,Me,65,9,7,2,-2,-0.3,0.29,2,0,0,0,0,0,1,1,0,PROLEPTIC,0,,,,
AUTOR,cm,10,mm,3.52,Me,65,9,7,3,-1,-0.1,0.14,1,0,0,0,0,0,1,1,0,PROLEPTIC,0,,,,
AUTOR,cm,10,mm,3.52,Me,65,9,7,4,0,0,0,0,0,0,0,0,0,1,1,0,PROLEPTIC,0,,,,
AUTOR,cm,10,mm,3.52,Me,65,9,7,5,1,0.1,0.14,1,1,0,0,0,0,0,0,0,SYLLEPTIC,2,1,0,3,3
AUTOR,cm,10,mm,3.52,Me,65,9,7,6,2,0.3,0.29,2,1,0,0,0,0,0,0,0,SYLLEPTIC,0,1,0,4,4
AUTOR,cm,10,mm,3.52,Me,65,9,7,7,3,0.4,0.43,3,0,0,1,0,0,0,1,1,PROLEPTIC,1,,,,
AUTOR,cm,58,mm,6.72,VLo,66,9,19,1,-9,-0.5,0.47,9,0,1,0,0,0,0,1,1,PROLEPTIC,0,,,,
AUTOR,cm,58,mm,6.72,VLo,66,9,19,2,-8,-0.4,0.42,8,0,1,0,0,0,0,1,1,PROLEPTIC,0,,,,
AUTOR,cm,58,mm,6.72,VLo,66,9,19,3,-7,-0.4,0.37,7,0,0,0,0,0,1,1,0,PROLEPTIC,0,,,,
AUTOR,cm,58,mm,6.72,VLo,66,9,19,4,-6,-0.3,0.32,6,0,0,0,0,0,1,1,0,PROLEPTIC,0,,,,
AUTOR,cm,58,mm,6.72,VLo,66,9,19,5,-5,-0.3,0.26,5,0,0,0,0,0,1,1,0,PROLEPTIC,0,,,,
AUTOR,cm,58,mm,6.72,VLo,66,9,19,6,-4,-0.2,0.21,4,0,0,0,0,0,1,1,0,PROLEPTIC,1,,,,
AUTOR,cm,58,mm,6.72,VLo,66,9,19,7,-3,-0.2,0.16,3,1,0,0,0,0,0,0,0,SYLLEPTIC,1,1,2,2,4
AUTOR,cm,58,mm,6.72,VLo,66,9,19,8,-2,-0.1,0.11,2,0,0,1,1,2,0,1,1,PROLEPTIC,1,,,,
AUTOR,cm,58,mm,6.72,VLo,66,9,19,9,-1,-0.1,0.05,1,0,0,1,1,4,0,1,1,PROLEPTIC,1,,,,
AUTOR,cm,58,mm,6.72,VLo,66,9,19,10,0,0,0,0,0,0,0,0,0,1,1,0,PROLEPTIC,1,,,,
AUTOR,cm,58,mm,6.72,VLo,66,9,19,11,1,0.1,0.05,1,0,0,1,1,5,0,1,1,PROLEPTIC,1,,,,
AUTOR,cm,58,mm,6.72,VLo,66,9,19,12,2,0.1,0.11,2,0,0,1,1,5,0,1,1,PROLEPTIC,1,,,,
AUTOR,cm,58,mm,6.72,VLo,66,9,19,13,3,0.2,0.16,3,0,0,1,1,4,0,1,1,PROLEPTIC,1,,,,
AUTOR,cm,58,mm,6.72,VLo,66,9,19,14,4,0.2,0.21,4,0,0,1,1,4,0,1,1,PROLEPTIC,1,,,,
AUTOR,cm,58,mm,6.72,VLo,66,9,19,15,5,0.3,0.26,5,0,0,1,1,4,0,1,1,PROLEPTIC,1,,,,
AUTOR,cm,58,mm,6.72,VLo,66,9,19,16,6,0.3,0.32,6,0,0,1,1,3,0,1,1,PROLEPTIC,1,,,,
AUTOR,cm,58,mm,6.72,VLo,66,9,19,17,7,0.4,0.37,7,0,0,1,1,5,0,1,1,PROLEPTIC,1,,,,
AUTOR,cm,58,mm,6.72,VLo,66,9,19,18,8,0.4,0.42,8,0,0,1,1,5,0,1,1,PROLEPTIC,1,,,,
AUTOR,cm,58,mm,6.72,VLo,66,9,19,19,9,0.5,0.47,9,0,2,0,0,0,0,2,2,PROLEPTIC,1,,,,
AUTOR,cm,26.5,mm,4.42,Lo,67,9,12,1,-5.5,-0.5,0.46,5.5,0,1,0,0,0,0,1,1,PROLEPTIC,0,,,,
AUTOR,cm,26.5,mm,4.42,Lo,67,9,12,2,-4.5,-0.4,0.38,4.5,0,0,0,0,0,1,1,0,PROLEPTIC,0,,,,
AUTOR,cm,26.5,mm,4.42,Lo,67,9,12,3,-3.5,-0.3,0.29,3.5,0,0,0,0,0,1,1,0,PROLEPTIC,0,,,,
AUTOR,cm,26.5,mm,4.42,Lo,67,9,12,4,-2.5,-0.2,0.21,2.5,1,0,0,0,0,0,0,0,SYLLEPTIC,2,1,3,0,3
AUTOR,cm,26.5,mm,4.42,Lo,67,9,12,5,-1.5,-0.1,0.12,1.5,1,0,0,1,3,0,0,0,SYLLEPTIC,2,1,1,2,3
AUTOR,cm,26.5,mm,4.42,Lo,67,9,12,6,-0.5,0,0.04,0.5,0,0,1,1,3,0,1,1,PROLEPTIC,1,,,,
AUTOR,cm,26.5,mm,4.42,Lo,67,9,12,7,0.5,0,0.04,0.5,0,0,1,1,2,0,1,1,PROLEPTIC,1,,,,
AUTOR,cm,26.5,mm,4.42,Lo,67,9,12,8,1.5,0.1,0.12,1.5,0,0,1,1,5,0,1,1,PROLEPTIC,1,,,,
AUTOR,cm,26.5,mm,4.42,Lo,67,9,12,9,2.5,0.2,0.21,2.5,0,0,1,1,3,0,1,1,PROLEPTIC,1,,,,
AUTOR,cm,26.5,mm,4.42,Lo,67,9,12,10,3.5,0.3,0.29,3.5,0,0,1,1,3,0,1,1,PROLEPTIC,1,,,,
AUTOR,cm,26.5,mm,4.42,Lo,67,9,12,11,4.5,0.4,0.38,4.5,1,0,0,0,0,0,0,0,SYLLEPTIC,1,1,2,0,2
AUTOR,cm,26.5,mm,4.42,Lo,67,9,12,12,5.5,0.5,0.46,5.5,0,0,1,0,0,0,1,1,PROLEPTIC,1,,,,
AUTOR,cm,26.5,mm,5.04,Lo,68,9,13,1,-6,-0.5,0.46,6,0,0,0,0,0,1,1,0,PROLEPTIC,0,,,,
AUTOR,cm,26.5,mm,5.04,Lo,68,9,13,2,-5,-0.4,0.38,5,0,0,0,0,0,1,1,0,PROLEPTIC,0,,,,
AUTOR,cm,26.5,mm,5.04,Lo,68,9,13,3,-4,-0.3,0.31,4,0,0,0,0,0,1,1,0,PROLEPTIC,0,,,,
AUTOR,cm,26.5,mm,5.04,Lo,68,9,13,4,-3,-0.2,0.23,3,0,1,0,0,0,0,1,1,PROLEPTIC,1,,,,
AUTOR,cm,26.5,mm,5.04,Lo,68,9,13,5,-2,-0.2,0.15,2,1,0,0,0,0,0,0,0,SYLLEPTIC,2,1,2,1,3
AUTOR,cm,26.5,mm,5.04,Lo,68,9,13,6,-1,-0.1,0.08,1,1,0,0,2,6,0,0,0,SYLLEPTIC,1,1,0,3,3
AUTOR,cm,26.5,mm,5.04,Lo,68,9,13,7,0,0,0,0,0,1,0,0,0,0,1,1,PROLEPTIC,1,,,,
AUTOR,cm,26.5,mm,5.04,Lo,68,9,13,8,1,0.1,0.08,1,0,0,1,1,4,0,1,1,PROLEPTIC,1,,,,
AUTOR,cm,26.5,mm,5.04,Lo,68,9,13,9,2,0.2,0.15,2,0,0,1,1,3,0,1,1,PROLEPTIC,1,,,,
AUTOR,cm,26.5,mm,5.04,Lo,68,9,13,10,3,0.2,0.23,3,0,0,1,0,0,0,1,1,PROLEPTIC,1,,,,
AUTOR,cm,26.5,mm,5.04,Lo,68,9,13,11,4,0.3,0.31,4,1,0,0,0,0,0,0,0,SYLLEPTIC,1,1,0,0,0
AUTOR,cm,26.5,mm,5.04,Lo,68,9,13,12,5,0.4,0.38,5,0,1,0,0,0,0,1,1,PROLEPTIC,1,,,,
AUTOR,cm,26.5,mm,5.04,Lo,68,9,13,13,6,0.5,0.46,6,0,1,0,0,0,0,1,1,PROLEPTIC,1,,,,
AUTOR,cm,6.5,mm,2.84,Me,69,9,5,1,-2,-0.4,0.4,2,0,0,0,0,0,1,1,0,PROLEPTIC,1,,,,
AUTOR,cm,6.5,mm,2.84,Me,69,9,5,2,-1,-0.2,0.2,1,0,0,1,0,0,0,1,1,PROLEPTIC,1,,,,
AUTOR,cm,6.5,mm,2.84,Me,69,9,5,3,0,0,0,0,1,0,0,0,0,0,0,0,SYLLEPTIC,1,1,1,2,3
AUTOR,cm,6.5,mm,2.84,Me,69,9,5,4,1,0.2,0.2,1,1,0,0,1,1,0,0,0,SYLLEPTIC,0,1,0,1,1
AUTOR,cm,6.5,mm,2.84,Me,69,9,5,5,2,0.4,0.4,2,0,1,0,0,0,0,1,1,PROLEPTIC,1,,,,
AUTOR,cm,42,mm,6.43,VLo,70,10,16,1,-7.5,-0.5,0.47,7.5,0,1,0,0,0,0,1,1,PROLEPTIC,0,,,,
AUTOR,cm,42,mm,6.43,VLo,70,10,16,2,-6.5,-0.4,0.41,6.5,0,0,0,0,0,1,1,0,PROLEPTIC,1,,,,
AUTOR,cm,42,mm,6.43,VLo,70,10,16,3,-5.5,-0.3,0.34,5.5,0,0,0,0,0,1,1,0,PROLEPTIC,1,,,,
AUTOR,cm,42,mm,6.43,VLo,70,10,16,4,-4.5,-0.3,0.28,4.5,0,0,0,0,0,1,1,0,PROLEPTIC,1,,,,
AUTOR,cm,42,mm,6.43,VLo,70,10,16,5,-3.5,-0.2,0.22,3.5,0,1,0,0,0,0,1,1,PROLEPTIC,0,,,,
AUTOR,cm,42,mm,6.43,VLo,70,10,16,6,-2.5,-0.2,0.16,2.5,1,0,0,0,0,0,0,0,SYLLEPTIC,0,1,4,0,4
AUTOR,cm,42,mm,6.43,VLo,70,10,16,7,-1.5,-0.1,0.09,1.5,1,0,0,1,3,0,0,0,SYLLEPTIC,1,1,3,1,4
AUTOR,cm,42,mm,6.43,VLo,70,10,16,8,-0.5,0,0.03,0.5,1,0,0,1,2,0,0,0,SYLLEPTIC,2,1,2,2,4
AUTOR,cm,42,mm,6.43,VLo,70,10,16,9,0.5,0,0.03,0.5,0,1,0,0,0,0,1,1,PROLEPTIC,1,,,,
AUTOR,cm,42,mm,6.43,VLo,70,10,16,10,1.5,0.1,0.09,1.5,0,0,1,1,4,0,1,1,PROLEPTIC,1,,,,
AUTOR,cm,42,mm,6.43,VLo,70,10,16,11,2.5,0.2,0.16,2.5,1,0,0,0,0,0,0,0,SYLLEPTIC,2,1,2,0,2
AUTOR,cm,42,mm,6.43,VLo,70,10,16,12,3.5,0.2,0.22,3.5,0,1,0,0,0,0,1,1,PROLEPTIC,1,,,,
AUTOR,cm,42,mm,6.43,VLo,70,10,16,13,4.5,0.3,0.28,4.5,0,0,1,0,0,0,1,1,PROLEPTIC,1,,,,
AUTOR,cm,42,mm,6.43,VLo,70,10,16,14,5.5,0.3,0.34,5.5,0,0,1,1,4,0,1,1,PROLEPTIC,1,,,,
AUTOR,cm,42,mm,6.43,VLo,70,10,16,15,6.5,0.4,0.41,6.5,0,0,1,1,4,0,1,1,PROLEPTIC,1,,,,
AUTOR,cm,42,mm,6.43,VLo,70,10,16,16,7.5,0.5,0.47,7.5,0,0,1,1,2,0,1,1,PROLEPTIC,1,,,,
AUTOR,cm,5,mm,3.6,Sh,71,10,6,1,-2.5,-0.4,0.42,2.5,0,1,0,0,0,0,1,1,PROLEPTIC,0,,,,
AUTOR,cm,5,mm,3.6,Sh,71,10,6,2,-1.5,-0.2,0.25,1.5,0,0,1,0,0,0,1,1,PROLEPTIC,1,,,,
AUTOR,cm,5,mm,3.6,Sh,71,10,6,3,-0.5,-0.1,0.08,0.5,1,0,0,0,0,0,0,0,SYLLEPTIC,1,1,1,0,1
AUTOR,cm,5,mm,3.6,Sh,71,10,6,4,0.5,0.1,0.08,0.5,1,0,0,0,0,0,0,0,SYLLEPTIC,1,1,1,1,2
AUTOR,cm,5,mm,3.6,Sh,71,10,6,5,1.5,0.2,0.25,1.5,1,0,0,1,4,0,0,0,SYLLEPTIC,0,1,0,2,2
AUTOR,cm,5,mm,3.6,Sh,71,10,6,6,2.5,0.4,0.42,2.5,0,0,1,0,0,0,1,1,PROLEPTIC,1,,,,
AUTOR,cm,3,mm,2.3,Sh,72,10,4,1,-1.5,-0.4,0.38,1.5,0,1,0,0,0,0,1,1,PROLEPTIC,1,,,,
AUTOR,cm,3,mm,2.3,Sh,72,10,4,2,-0.5,-0.1,0.12,0.5,0,1,0,0,0,0,1,1,PROLEPTIC,1,,,,
AUTOR,cm,3,mm,2.3,Sh,72,10,4,3,0.5,0.1,0.12,0.5,1,0,0,0,0,0,0,0,SYLLEPTIC,0,1,1,0,1
AUTOR,cm,3,mm,2.3,Sh,72,10,4,4,1.5,0.4,0.38,1.5,0,1,0,0,0,0,1,1,PROLEPTIC,1,,,,
AUTOR,cm,38.5,mm,6.64,Lo,73,10,15,1,-7,-0.5,0.47,7,0,1,0,0,0,0,1,1,PROLEPTIC,0,,,,
AUTOR,cm,38.5,mm,6.64,Lo,73,10,15,2,-6,-0.4,0.4,6,0,1,0,0,0,0,1,1,PROLEPTIC,0,,,,
AUTOR,cm,38.5,mm,6.64,Lo,73,10,15,3,-5,-0.3,0.33,5,0,1,1,0,0,0,2,2,PROLEPTIC,1,,,,
AUTOR,cm,38.5,mm,6.64,Lo,73,10,15,4,-4,-0.3,0.27,4,0,0,1,0,0,0,1,1,PROLEPTIC,1,,,,
AUTOR,cm,38.5,mm,6.64,Lo,73,10,15,5,-3,-0.2,0.2,3,1,0,0,0,0,0,0,0,SYLLEPTIC,3,1,2,1,3
AUTOR,cm,38.5,mm,6.64,Lo,73,10,15,6,-2,-0.1,0.13,2,1,0,0,0,0,0,0,0,SYLLEPTIC,3,1,2,1,3
AUTOR,cm,38.5,mm,6.64,Lo,73,10,15,7,-1,-0.1,0.07,1,0,0,1,0,0,0,1,1,PROLEPTIC,1,,,,
AUTOR,cm,38.5,mm,6.64,Lo,73,10,15,8,0,0,0,0,0,0,0,0,0,1,1,0,PROLEPTIC,0,,,,
AUTOR,cm,38.5,mm,6.64,Lo,73,10,15,9,1,0.1,0.07,1,0,0,1,0,0,0,1,1,PROLEPTIC,1,,,,
AUTOR,cm,38.5,mm,6.64,Lo,73,10,15,10,2,0.1,0.13,2,0,0,1,0,0,0,1,1,PROLEPTIC,1,,,,
AUTOR,cm,38.5,mm,6.64,Lo,73,10,15,11,3,0.2,0.2,3,0,0,1,0,0,0,1,1,PROLEPTIC,0,,,,
AUTOR,cm,38.5,mm,6.64,Lo,73,10,15,12,4,0.3,0.27,4,0,1,0,0,0,0,1,1,PROLEPTIC,1,,,,
AUTOR,cm,38.5,mm,6.64,Lo,73,10,15,13,5,0.3,0.33,5,0,0,1,0,0,0,1,1,PROLEPTIC,1,,,,
AUTOR,cm,38.5,mm,6.64,Lo,73,10,15,14,6,0.4,0.4,6,0,0,1,0,0,0,1,1,PROLEPTIC,1,,,,
AUTOR,cm,38.5,mm,6.64,Lo,73,10,15,15,7,0.5,0.47,7,0,0,1,0,0,0,1,1,PROLEPTIC,1,,,,
AUTOR,cm,14.5,mm,3.54,Me,74,10,8,1,-3.5,-0.4,0.44,3.5,0,0,0,0,0,1,1,0,PROLEPTIC,0,,,,
AUTOR,cm,14.5,mm,3.54,Me,74,10,8,2,-2.5,-0.3,0.31,2.5,0,0,0,0,0,1,1,0,PROLEPTIC,0,,,,
AUTOR,cm,14.5,mm,3.54,Me,74,10,8,3,-1.5,-0.2,0.19,1.5,0,0,0,0,0,1,1,0,PROLEPTIC,0,,,,
AUTOR,cm,14.5,mm,3.54,Me,74,10,8,4,-0.5,-0.1,0.06,0.5,0,1,0,0,0,0,1,1,PROLEPTIC,1,,,,
AUTOR,cm,14.5,mm,3.54,Me,74,10,8,5,0.5,0.1,0.06,0.5,1,0,0,0,0,0,0,0,SYLLEPTIC,2,1,1,2,3
AUTOR,cm,14.5,mm,3.54,Me,74,10,8,6,1.5,0.2,0.19,1.5,1,0,0,0,0,0,0,0,SYLLEPTIC,1,1,1,3,4
AUTOR,cm,14.5,mm,3.54,Me,74,10,8,7,2.5,0.3,0.31,2.5,1,0,0,0,0,0,0,0,SYLLEPTIC,0,1,0,0,0
AUTOR,cm,14.5,mm,3.54,Me,74,10,8,8,3.5,0.4,0.44,3.5,0,1,0,0,0,0,1,1,PROLEPTIC,1,,,,
AUTOR,cm,35.5,mm,6.7,Lo,75,10,16,1,-7.5,-0.5,0.47,7.5,0,0,1,0,0,0,1,1,PROLEPTIC,1,,,,
AUTOR,cm,35.5,mm,6.7,Lo,75,10,16,2,-6.5,-0.4,0.41,6.5,0,1,0,0,0,0,1,1,PROLEPTIC,1,,,,
AUTOR,cm,35.5,mm,6.7,Lo,75,10,16,3,-5.5,-0.3,0.34,5.5,0,0,0,0,0,1,1,0,PROLEPTIC,0,,,,
AUTOR,cm,35.5,mm,6.7,Lo,75,10,16,4,-4.5,-0.3,0.28,4.5,1,0,0,0,0,0,0,0,SYLLEPTIC,1,1,2,0,2
AUTOR,cm,35.5,mm,6.7,Lo,75,10,16,5,-3.5,-0.2,0.22,3.5,1,0,0,0,0,0,0,0,SYLLEPTIC,2,1,2,0,2
AUTOR,cm,35.5,mm,6.7,Lo,75,10,16,6,-2.5,-0.2,0.16,2.5,1,0,0,0,0,0,0,0,SYLLEPTIC,1,1,1,2,3
AUTOR,cm,35.5,mm,6.7,Lo,75,10,16,7,-1.5,-0.1,0.09,1.5,1,0,0,0,0,0,0,0,SYLLEPTIC,2,1,3,0,3
AUTOR,cm,35.5,mm,6.7,Lo,75,10,16,8,-0.5,0,0.03,0.5,0,1,0,0,0,0,1,1,PROLEPTIC,1,,,,
AUTOR,cm,35.5,mm,6.7,Lo,75,10,16,9,0.5,0,0.03,0.5,0,1,0,0,0,0,1,1,PROLEPTIC,1,,,,
AUTOR,cm,35.5,mm,6.7,Lo,75,10,16,10,1.5,0.1,0.09,1.5,0,1,0,0,0,0,1,1,PROLEPTIC,1,,,,
AUTOR,cm,35.5,mm,6.7,Lo,75,10,16,11,2.5,0.2,0.16,2.5,0,1,0,0,0,0,1,1,PROLEPTIC,1,,,,
AUTOR,cm,35.5,mm,6.7,Lo,75,10,16,12,3.5,0.2,0.22,3.5,0,1,0,0,0,0,1,1,PROLEPTIC,1,,,,
AUTOR,cm,35.5,mm,6.7,Lo,75,10,16,13,4.5,0.3,0.28,4.5,0,1,0,0,0,0,1,1,PROLEPTIC,1,,,,
AUTOR,cm,35.5,mm,6.7,Lo,75,10,16,14,5.5,0.3,0.34,5.5,0,1,0,0,0,0,1,1,PROLEPTIC,1,,,,
AUTOR,cm,35.5,mm,6.7,Lo,75,10,16,15,6.5,0.4,0.41,6.5,0,1,0,0,0,0,1,1,PROLEPTIC,1,,,,
AUTOR,cm,35.5,mm,6.7,Lo,75,10,16,16,7.5,0.5,0.47,7.5,0,1,0,0,0,0,1,1,PROLEPTIC,1,,,,
AUTOR,cm,13.5,mm,4,Me,76,10,8,1,-3.5,-0.4,0.44,3.5,0,0,1,0,0,0,1,1,PROLEPTIC,0,,,,
AUTOR,cm,13.5,mm,4,Me,76,10,8,2,-2.5,-0.3,0.31,2.5,0,0,0,0,0,1,1,0,PROLEPTIC,0,,,,
AUTOR,cm,13.5,mm,4,Me,76,10,8,3,-1.5,-0.2,0.19,1.5,0,0,0,0,0,1,1,0,PROLEPTIC,0,,,,
AUTOR,cm,13.5,mm,4,Me,76,10,8,4,-0.5,-0.1,0.06,0.5,1,0,0,0,0,0,0,0,SYLLEPTIC,2,1,3,0,3
AUTOR,cm,13.5,mm,4,Me,76,10,8,5,0.5,0.1,0.06,0.5,1,0,0,0,0,0,0,0,SYLLEPTIC,2,1,1,2,3
AUTOR,cm,13.5,mm,4,Me,76,10,8,6,1.5,0.2,0.19,1.5,1,0,0,1,3,0,0,0,SYLLEPTIC,1,1,1,1,2
AUTOR,cm,13.5,mm,4,Me,76,10,8,7,2.5,0.3,0.31,2.5,0,0,1,0,0,0,1,1,PROLEPTIC,1,,,,
AUTOR,cm,13.5,mm,4,Me,76,10,8,8,3.5,0.4,0.44,3.5,0,0,1,0,0,0,1,1,PROLEPTIC,1,,,,
AUTOR,cm,28,mm,4.48,Lo,77,10,17,1,-8,-0.5,0.47,8,0,0,0,0,0,1,1,0,PROLEPTIC,0,,,,
AUTOR,cm,28,mm,4.48,Lo,77,10,17,2,-7,-0.4,0.41,7,0,0,0,0,0,1,1,0,PROLEPTIC,0,,,,
AUTOR,cm,28,mm,4.48,Lo,77,10,17,3,-6,-0.4,0.35,6,0,0,0,0,0,1,1,0,PROLEPTIC,0,,,,
AUTOR,cm,28,mm,4.48,Lo,77,10,17,4,-5,-0.3,0.29,5,0,0,0,0,0,1,1,0,PROLEPTIC,0,,,,
AUTOR,cm,28,mm,4.48,Lo,77,10,17,5,-4,-0.2,0.24,4,0,2,0,0,0,0,2,2,PROLEPTIC,1,,,,
AUTOR,cm,28,mm,4.48,Lo,77,10,17,6,-3,-0.2,0.18,3,1,0,0,0,0,0,0,0,SYLLEPTIC,1,1,1,0,1
AUTOR,cm,28,mm,4.48,Lo,77,10,17,7,-2,-0.1,0.12,2,0,0,1,1,3,0,1,1,PROLEPTIC,1,,,,
AUTOR,cm,28,mm,4.48,Lo,77,10,17,8,-1,-0.1,0.06,1,1,0,0,0,0,0,0,0,SYLLEPTIC,1,1,1,0,1
AUTOR,cm,28,mm,4.48,Lo,77,10,17,9,0,0,0,0,1,0,0,0,0,0,0,0,SYLLEPTIC,1,1,2,0,2
AUTOR,cm,28,mm,4.48,Lo,77,10,17,10,1,0.1,0.06,1,0,0,1,1,3,0,1,1,PROLEPTIC,1,,,,
AUTOR,cm,28,mm,4.48,Lo,77,10,17,11,2,0.1,0.12,2,1,0,0,0,0,0,0,0,SYLLEPTIC,1,1,2,0,2
AUTOR,cm,28,mm,4.48,Lo,77,10,17,12,3,0.2,0.18,3,0,0,1,1,2,0,1,1,PROLEPTIC,1,,,,
AUTOR,cm,28,mm,4.48,Lo,77,10,17,13,4,0.2,0.24,4,0,0,1,1,3,0,1,1,PROLEPTIC,1,,,,
AUTOR,cm,28,mm,4.48,Lo,77,10,17,14,5,0.3,0.29,5,0,0,1,1,3,0,1,1,PROLEPTIC,1,,,,
AUTOR,cm,28,mm,4.48,Lo,77,10,17,15,6,0.4,0.35,6,0,1,0,0,0,0,1,1,PROLEPTIC,1,,,,
AUTOR,cm,28,mm,4.48,Lo,77,10,17,16,7,0.4,0.41,7,1,0,0,0,0,0,0,0,SYLLEPTIC,1,1,0,0,0
AUTOR,cm,28,mm,4.48,Lo,77,10,17,17,8,0.5,0.47,8,0,1,0,0,0,0,1,1,PROLEPTIC,1,,,,
AUTOR,cm,14,mm,3.5,Me,78,10,8,1,-3.5,-0.4,0.44,3.5,0,0,0,0,0,1,1,0,PROLEPTIC,0,,,,
AUTOR,cm,14,mm,3.5,Me,78,10,8,2,-2.5,-0.3,0.31,2.5,0,0,0,0,0,1,1,0,PROLEPTIC,0,,,,
AUTOR,cm,14,mm,3.5,Me,78,10,8,3,-1.5,-0.2,0.19,1.5,0,0,0,0,0,1,1,0,PROLEPTIC,0,,,,
AUTOR,cm,14,mm,3.5,Me,78,10,8,4,-0.5,-0.1,0.06,0.5,0,0,1,1,1,0,1,1,PROLEPTIC,0,,,,
AUTOR,cm,14,mm,3.5,Me,78,10,8,5,0.5,0.1,0.06,0.5,1,0,0,1,1,0,0,0,SYLLEPTIC,2,1,1,1,2
AUTOR,cm,14,mm,3.5,Me,78,10,8,6,1.5,0.2,0.19,1.5,0,0,1,1,4,0,1,1,PROLEPTIC,1,,,,
AUTOR,cm,14,mm,3.5,Me,78,10,8,7,2.5,0.3,0.31,2.5,1,0,0,0,0,0,0,0,SYLLEPTIC,0,1,0,1,1
AUTOR,cm,14,mm,3.5,Me,78,10,8,8,3.5,0.4,0.44,3.5,0,0,1,0,0,0,1,1,PROLEPTIC,1,,,,
AUTOR,cm,22,mm,4.5,Lo,79,10,10,1,-4.5,-0.4,0.45,4.5,0,0,0,0,0,1,1,0,PROLEPTIC,0,,,,
AUTOR,cm,22,mm,4.5,Lo,79,10,10,2,-3.5,-0.3,0.35,3.5,0,0,0,0,0,1,1,0,PROLEPTIC,0,,,,
AUTOR,cm,22,mm,4.5,Lo,79,10,10,3,-2.5,-0.2,0.25,2.5,0,0,0,0,0,1,1,0,PROLEPTIC,0,,,,
AUTOR,cm,22,mm,4.5,Lo,79,10,10,4,-1.5,-0.1,0.15,1.5,0,1,0,0,0,0,1,1,PROLEPTIC,1,,,,
AUTOR,cm,22,mm,4.5,Lo,79,10,10,5,-0.5,0,0.05,0.5,1,0,0,1,3,0,0,0,SYLLEPTIC,1,1,0,1,1
AUTOR,cm,22,mm,4.5,Lo,79,10,10,6,0.5,0,0.05,0.5,1,0,0,0,0,0,0,0,SYLLEPTIC,2,1,2,3,5
AUTOR,cm,22,mm,4.5,Lo,79,10,10,7,1.5,0.1,0.15,1.5,1,0,0,1,3,0,0,0,SYLLEPTIC,1,1,0,2,2
AUTOR,cm,22,mm,4.5,Lo,79,10,10,8,2.5,0.2,0.25,2.5,0,0,1,1,2,0,1,1,PROLEPTIC,1,,,,
AUTOR,cm,22,mm,4.5,Lo,79,10,10,9,3.5,0.3,0.35,3.5,1,0,0,1,3,0,0,0,SYLLEPTIC,2,1,1,1,2
AUTOR,cm,22,mm,4.5,Lo,79,10,10,10,4.5,0.4,0.45,4.5,0,0,1,1,4,0,1,1,PROLEPTIC,1,,,,
AUTOR,cm,38,mm,5.52,Lo,80,10,12,1,-5.5,-0.5,0.46,5.5,0,0,1,0,0,0,1,1,PROLEPTIC,0,,,,
AUTOR,cm,38,mm,5.52,Lo,80,10,12,2,-4.5,-0.4,0.38,4.5,1,0,0,0,0,0,0,0,SYLLEPTIC,0,1,0,0,0
AUTOR,cm,38,mm,5.52,Lo,80,10,12,3,-3.5,-0.3,0.29,3.5,1,0,0,0,0,0,0,0,SYLLEPTIC,1,1,0,0,0
AUTOR,cm,38,mm,5.52,Lo,80,10,12,4,-2.5,-0.2,0.21,2.5,0,0,0,0,0,1,1,0,PROLEPTIC,0,,,,
AUTOR,cm,38,mm,5.52,Lo,80,10,12,5,-1.5,-0.1,0.12,1.5,0,1,1,1,1,0,2,2,PROLEPTIC,2,,,,
AUTOR,cm,38,mm,5.52,Lo,80,10,12,6,-0.5,0,0.04,0.5,1,0,0,0,0,0,0,0,SYLLEPTIC,3,1,2,2,4
AUTOR,cm,38,mm,5.52,Lo,80,10,12,7,0.5,0,0.04,0.5,1,0,0,2,4,0,0,0,SYLLEPTIC,0,1,0,4,4
AUTOR,cm,38,mm,5.52,Lo,80,10,12,8,1.5,0.1,0.12,1.5,1,0,0,1,3,0,0,0,SYLLEPTIC,1,1,1,3,4
AUTOR,cm,38,mm,5.52,Lo,80,10,12,9,2.5,0.2,0.21,2.5,0,0,1,0,0,0,1,1,PROLEPTIC,1,,,,
AUTOR,cm,38,mm,5.52,Lo,80,10,12,10,3.5,0.3,0.29,3.5,1,0,0,1,3,0,0,0,SYLLEPTIC,3,1,1,1,2
AUTOR,cm,38,mm,5.52,Lo,80,10,12,11,4.5,0.4,0.38,4.5,0,1,0,0,0,0,1,1,PROLEPTIC,1,,,,
AUTOR,cm,38,mm,5.52,Lo,80,10,12,12,5.5,0.5,0.46,5.5,0,1,0,0,0,0,1,1,PROLEPTIC,1,,,,
AUTOR,cm,6,mm,2.32,Me,81,10,4,1,-1.5,-0.4,0.38,1.5,0,1,0,0,0,0,1,1,PROLEPTIC,,,,,
AUTOR,cm,6,mm,2.32,Me,81,10,4,2,-0.5,-0.1,0.12,0.5,1,0,0,0,0,0,0,0,SYLLEPTIC,,1,0,0,0
AUTOR,cm,6,mm,2.32,Me,81,10,4,3,0.5,0.1,0.12,0.5,1,0,0,0,0,0,0,0,SYLLEPTIC,,1,0,0,0
AUTOR,cm,6,mm,2.32,Me,81,10,4,4,1.5,0.4,0.38,1.5,1,0,0,0,0,0,0,0,SYLLEPTIC,,1,0,0,0
AUTOR,cm,1,mm,1.86,Sh,82,10,2,1,-0.5,-0.2,0.25,0.5,0,0,1,0,0,0,1,1,PROLEPTIC,,,,,
AUTOR,cm,1,mm,1.86,Sh,82,10,2,2,0.5,0.2,0.25,0.5,1,0,0,0,0,0,0,0,SYLLEPTIC,,1,0,0,0
AUTOR,cm,66.5,mm,8.16,VLo,83,10,18,1,-8.5,-0.5,0.47,8.5,0,1,0,0,0,0,1,1,PROLEPTIC,1,,,,
AUTOR,cm,66.5,mm,8.16,VLo,83,10,18,2,-7.5,-0.4,0.42,7.5,0,1,0,0,0,0,1,1,PROLEPTIC,1,,,,
AUTOR,cm,66.5,mm,8.16,VLo,83,10,18,3,-6.5,-0.4,0.36,6.5,0,0,1,1,2,0,1,1,PROLEPTIC,1,,,,
AUTOR,cm,66.5,mm,8.16,VLo,83,10,18,4,-5.5,-0.3,0.31,5.5,1,0,0,0,0,0,0,0,SYLLEPTIC,1,1,1,0,1
AUTOR,cm,66.5,mm,8.16,VLo,83,10,18,5,-4.5,-0.2,0.25,4.5,1,0,0,0,0,0,0,0,SYLLEPTIC,2,1,3,0,3
AUTOR,cm,66.5,mm,8.16,VLo,83,10,18,6,-3.5,-0.2,0.19,3.5,1,0,0,0,0,0,0,0,SYLLEPTIC,3,1,3,0,3
AUTOR,cm,66.5,mm,8.16,VLo,83,10,18,7,-2.5,-0.1,0.14,2.5,1,0,0,0,0,0,0,0,SYLLEPTIC,2,1,2,2,4
AUTOR,cm,66.5,mm,8.16,VLo,83,10,18,8,-1.5,-0.1,0.08,1.5,1,0,0,1,3,0,0,0,SYLLEPTIC,2,1,0,4,4
AUTOR,cm,66.5,mm,8.16,VLo,83,10,18,9,-0.5,0,0.03,0.5,0,1,0,0,0,0,1,1,PROLEPTIC,1,,,,
AUTOR,cm,66.5,mm,8.16,VLo,83,10,18,10,0.5,0,0.03,0.5,0,0,1,1,4,0,1,1,PROLEPTIC,1,,,,
AUTOR,cm,66.5,mm,8.16,VLo,83,10,18,11,1.5,0.1,0.08,1.5,0,0,1,1,3,0,1,1,PROLEPTIC,1,,,,
AUTOR,cm,66.5,mm,8.16,VLo,83,10,18,12,2.5,0.1,0.14,2.5,0,0,1,0,0,0,1,1,PROLEPTIC,1,,,,
AUTOR,cm,66.5,mm,8.16,VLo,83,10,18,13,3.5,0.2,0.19,3.5,0,1,0,0,0,0,1,1,PROLEPTIC,1,,,,
AUTOR,cm,66.5,mm,8.16,VLo,83,10,18,14,4.5,0.2,0.25,4.5,0,1,0,0,0,0,1,1,PROLEPTIC,1,,,,
AUTOR,cm,66.5,mm,8.16,VLo,83,10,18,15,5.5,0.3,0.31,5.5,0,1,0,0,0,0,1,1,PROLEPTIC,1,,,,
AUTOR,cm,66.5,mm,8.16,VLo,83,10,18,16,6.5,0.4,0.36,6.5,0,2,0,0,0,0,2,2,PROLEPTIC,1,,,,
AUTOR,cm,66.5,mm,8.16,VLo,83,10,18,17,7.5,0.4,0.42,7.5,0,2,0,0,0,0,2,2,PROLEPTIC,1,,,,
AUTOR,cm,66.5,mm,8.16,VLo,83,10,18,18,8.5,0.5,0.47,8.5,0,3,0,0,0,0,3,3,PROLEPTIC,1,,,,
AUTOR,cm,16,mm,4.34,Me,84,10,8,1,-3.5,-0.4,0.44,3.5,0,0,0,0,0,1,1,0,PROLEPTIC,0,,,,
AUTOR,cm,16,mm,4.34,Me,84,10,8,2,-2.5,-0.3,0.31,2.5,0,0,0,0,0,1,1,0,PROLEPTIC,0,,,,
AUTOR,cm,16,mm,4.34,Me,84,10,8,3,-1.5,-0.2,0.19,1.5,0,0,0,0,0,1,1,0,PROLEPTIC,0,,,,
AUTOR,cm,16,mm,4.34,Me,84,10,8,4,-0.5,-0.1,0.06,0.5,0,1,0,0,0,0,1,1,PROLEPTIC,1,,,,
AUTOR,cm,16,mm,4.34,Me,84,10,8,5,0.5,0.1,0.06,0.5,0,0,0,0,0,1,1,0,PROLEPTIC,0,,,,
AUTOR,cm,16,mm,4.34,Me,84,10,8,6,1.5,0.2,0.19,1.5,1,0,0,0,0,0,0,0,SYLLEPTIC,2,1,1,2,3
AUTOR,cm,16,mm,4.34,Me,84,10,8,7,2.5,0.3,0.31,2.5,1,0,0,0,0,0,0,0,SYLLEPTIC,1,1,0,0,0
AUTOR,cm,16,mm,4.34,Me,84,10,8,8,3.5,0.4,0.44,3.5,0,0,1,0,0,0,1,1,PROLEPTIC,1,,,,
AUTOR,cm,22.5,mm,4.8,Lo,85,10,8,1,-3.5,-0.4,0.44,3.5,0,0,0,0,0,1,1,0,PROLEPTIC,0,,,,
AUTOR,cm,22.5,mm,4.8,Lo,85,10,8,2,-2.5,-0.3,0.31,2.5,0,0,0,0,0,1,1,0,PROLEPTIC,0,,,,
AUTOR,cm,22.5,mm,4.8,Lo,85,10,8,3,-1.5,-0.2,0.19,1.5,0,0,0,0,0,1,1,0,PROLEPTIC,1,,,,
AUTOR,cm,22.5,mm,4.8,Lo,85,10,8,4,-0.5,-0.1,0.06,0.5,0,0,0,0,0,1,1,0,PROLEPTIC,1,,,,
AUTOR,cm,22.5,mm,4.8,Lo,85,10,8,5,0.5,0.1,0.06,0.5,1,0,0,0,0,0,0,0,SYLLEPTIC,2,1,1,1,2
AUTOR,cm,22.5,mm,4.8,Lo,85,10,8,6,1.5,0.2,0.19,1.5,1,0,0,0,0,0,0,0,SYLLEPTIC,2,1,1,1,2
AUTOR,cm,22.5,mm,4.8,Lo,85,10,8,7,2.5,0.3,0.31,2.5,1,0,0,1,2,0,0,0,SYLLEPTIC,1,1,0,1,1
AUTOR,cm,22.5,mm,4.8,Lo,85,10,8,8,3.5,0.4,0.44,3.5,0,0,1,0,0,0,1,1,PROLEPTIC,1,,,,
AUTOR,cm,45,mm,6.74,VLo,86,10,14,1,-6.5,-0.5,0.46,6.5,0,0,1,0,0,0,1,1,PROLEPTIC,1,,,,
AUTOR,cm,45,mm,6.74,VLo,86,10,14,2,-5.5,-0.4,0.39,5.5,0,1,0,0,0,0,1,1,PROLEPTIC,1,,,,
AUTOR,cm,45,mm,6.74,VLo,86,10,14,3,-4.5,-0.3,0.32,4.5,0,1,0,0,0,0,1,1,PROLEPTIC,1,,,,
AUTOR,cm,45,mm,6.74,VLo,86,10,14,4,-3.5,-0.2,0.25,3.5,0,1,0,0,0,0,1,1,PROLEPTIC,1,,,,
AUTOR,cm,45,mm,6.74,VLo,86,10,14,5,-2.5,-0.2,0.18,2.5,1,0,0,0,0,0,0,0,SYLLEPTIC,1,1,2,1,3
AUTOR,cm,45,mm,6.74,VLo,86,10,14,6,-1.5,-0.1,0.11,1.5,1,0,0,0,0,0,0,0,SYLLEPTIC,2,1,1,2,3
AUTOR,cm,45,mm,6.74,VLo,86,10,14,7,-0.5,0,0.04,0.5,1,0,0,0,0,0,0,0,SYLLEPTIC,2,1,0,4,4
AUTOR,cm,45,mm,6.74,VLo,86,10,14,8,0.5,0,0.04,0.5,0,1,0,0,0,0,1,1,PROLEPTIC,1,,,,
AUTOR,cm,45,mm,6.74,VLo,86,10,14,9,1.5,0.1,0.11,1.5,0,0,1,0,0,0,1,1,PROLEPTIC,1,,,,
AUTOR,cm,45,mm,6.74,VLo,86,10,14,10,2.5,0.2,0.18,2.5,1,0,0,0,0,0,0,0,SYLLEPTIC,2,1,2,1,3
AUTOR,cm,45,mm,6.74,VLo,86,10,14,11,3.5,0.2,0.25,3.5,0,0,1,0,0,0,1,1,PROLEPTIC,1,,,,
AUTOR,cm,45,mm,6.74,VLo,86,10,14,12,4.5,0.3,0.32,4.5,0,1,0,0,0,0,1,1,PROLEPTIC,1,,,,
AUTOR,cm,45,mm,6.74,VLo,86,10,14,13,5.5,0.4,0.39,5.5,0,1,0,0,0,0,1,1,PROLEPTIC,1,,,,
AUTOR,cm,45,mm,6.74,VLo,86,10,14,14,6.5,0.5,0.46,6.5,0,1,1,1,6,0,2,2,PROLEPTIC,2,,,,
AUTOR,cm,25,mm,4.24,Lo,87,10,12,1,-5.5,-0.5,0.46,5.5,0,0,0,0,0,1,1,0,PROLEPTIC,,,,,
AUTOR,cm,25,mm,4.24,Lo,87,10,12,2,-4.5,-0.4,0.38,4.5,0,0,0,0,0,1,1,0,PROLEPTIC,,,,,
AUTOR,cm,25,mm,4.24,Lo,87,10,12,3,-3.5,-0.3,0.29,3.5,0,0,0,0,0,1,1,0,PROLEPTIC,,,,,
AUTOR,cm,25,mm,4.24,Lo,87,10,12,4,-2.5,-0.2,0.21,2.5,0,0,0,0,0,1,1,0,PROLEPTIC,,,,,
AUTOR,cm,25,mm,4.24,Lo,87,10,12,5,-1.5,-0.1,0.12,1.5,0,0,0,0,0,1,1,0,PROLEPTIC,,,,,
AUTOR,cm,25,mm,4.24,Lo,87,10,12,6,-0.5,0,0.04,0.5,0,1,0,0,0,0,1,1,PROLEPTIC,,,,,
AUTOR,cm,25,mm,4.24,Lo,87,10,12,7,0.5,0,0.04,0.5,1,0,0,1,1,0,0,0,SYLLEPTIC,,1,1,3,4
AUTOR,cm,25,mm,4.24,Lo,87,10,12,8,1.5,0.1,0.12,1.5,1,0,0,1,2,0,0,0,SYLLEPTIC,,1,1,2,3
AUTOR,cm,25,mm,4.24,Lo,87,10,12,9,2.5,0.2,0.21,2.5,1,0,0,1,1,0,0,0,SYLLEPTIC,,1,1,3,4
AUTOR,cm,25,mm,4.24,Lo,87,10,12,10,3.5,0.3,0.29,3.5,0,1,0,0,0,0,1,1,PROLEPTIC,,,,,
AUTOR,cm,25,mm,4.24,Lo,87,10,12,11,4.5,0.4,0.38,4.5,1,0,0,0,0,0,0,0,SYLLEPTIC,,1,1,1,2
AUTOR,cm,25,mm,4.24,Lo,87,10,12,12,5.5,0.5,0.46,5.5,1,0,0,1,3,0,0,0,SYLLEPTIC,,1,2,1,3
AUTOR,cm,4.5,mm,2.5,Sh,88,10,4,1,-1.5,-0.4,0.38,1.5,0,1,0,0,0,0,1,1,PROLEPTIC,0,,,,
AUTOR,cm,4.5,mm,2.5,Sh,88,10,4,2,-0.5,-0.1,0.12,0.5,0,0,0,0,0,1,1,0,PROLEPTIC,1,,,,
AUTOR,cm,4.5,mm,2.5,Sh,88,10,4,3,0.5,0.1,0.12,0.5,1,0,0,0,0,0,0,0,SYLLEPTIC,2,1,2,0,2
AUTOR,cm,4.5,mm,2.5,Sh,88,10,4,4,1.5,0.4,0.38,1.5,0,0,1,1,2,0,1,1,PROLEPTIC,1,,,,
AUTOR,cm,27,mm,5.38,Lo,89,10,10,1,-4.5,-0.4,0.45,4.5,0,0,1,0,0,0,1,1,PROLEPTIC,,,,,
AUTOR,cm,27,mm,5.38,Lo,89,10,10,2,-3.5,-0.3,0.35,3.5,0,0,0,0,0,1,1,0,PROLEPTIC,,,,,
AUTOR,cm,27,mm,5.38,Lo,89,10,10,3,-2.5,-0.2,0.25,2.5,0,0,0,0,0,1,1,0,PROLEPTIC,,,,,
AUTOR,cm,27,mm,5.38,Lo,89,10,10,4,-1.5,-0.1,0.15,1.5,0,0,0,0,0,1,1,0,PROLEPTIC,,,,,
AUTOR,cm,27,mm,5.38,Lo,89,10,10,5,-0.5,0,0.05,0.5,1,0,0,0,0,0,0,0,SYLLEPTIC,,1,3,0,3
AUTOR,cm,27,mm,5.38,Lo,89,10,10,6,0.5,0,0.05,0.5,1,0,0,0,0,0,0,0,SYLLEPTIC,,1,0,5,5
AUTOR,cm,27,mm,5.38,Lo,89,10,10,7,1.5,0.1,0.15,1.5,1,0,0,0,0,0,0,0,SYLLEPTIC,,1,0,1,1
AUTOR,cm,27,mm,5.38,Lo,89,10,10,8,2.5,0.2,0.25,2.5,1,0,0,0,0,0,0,0,SYLLEPTIC,,1,2,2,4
AUTOR,cm,27,mm,5.38,Lo,89,10,10,9,3.5,0.3,0.35,3.5,0,1,0,0,0,0,1,1,PROLEPTIC,,,,,
AUTOR,cm,27,mm,5.38,Lo,89,10,10,10,4.5,0.4,0.45,4.5,0,1,0,0,0,0,1,1,PROLEPTIC,,,,,
AUTOR,cm,41,mm,6.74,VLo,90,10,19,1,-9,-0.5,0.47,9,0,0,1,0,0,0,1,1,PROLEPTIC,0,,,,
AUTOR,cm,41,mm,6.74,VLo,90,10,19,2,-8,-0.4,0.42,8,0,1,0,0,0,0,1,1,PROLEPTIC,0,,,,
AUTOR,cm,41,mm,6.74,VLo,90,10,19,3,-7,-0.4,0.37,7,0,0,0,0,0,1,1,0,PROLEPTIC,0,,,,
AUTOR,cm,41,mm,6.74,VLo,90,10,19,4,-6,-0.3,0.32,6,0,1,0,0,0,0,1,1,PROLEPTIC,0,,,,
AUTOR,cm,41,mm,6.74,VLo,90,10,19,5,-5,-0.3,0.26,5,1,0,0,2,5,0,0,0,SYLLEPTIC,1,1,4,1,5
AUTOR,cm,41,mm,6.74,VLo,90,10,19,6,-4,-0.2,0.21,4,1,0,0,0,0,0,0,0,SYLLEPTIC,1,1,0,0,0
AUTOR,cm,41,mm,6.74,VLo,90,10,19,7,-3,-0.2,0.16,3,0,1,0,0,0,0,1,1,PROLEPTIC,1,,,,
AUTOR,cm,41,mm,6.74,VLo,90,10,19,8,-2,-0.1,0.11,2,0,0,1,0,0,0,1,1,PROLEPTIC,1,,,,
AUTOR,cm,41,mm,6.74,VLo,90,10,19,9,-1,-0.1,0.05,1,1,0,0,0,0,0,0,0,SYLLEPTIC,2,1,1,2,3
AUTOR,cm,41,mm,6.74,VLo,90,10,19,10,0,0,0,0,1,0,0,1,2,0,0,0,SYLLEPTIC,3,1,2,1,3
AUTOR,cm,41,mm,6.74,VLo,90,10,19,11,1,0.1,0.05,1,1,0,0,1,3,0,0,0,SYLLEPTIC,2,1,2,1,3
AUTOR,cm,41,mm,6.74,VLo,90,10,19,12,2,0.1,0.11,2,1,0,0,0,0,0,0,0,SYLLEPTIC,2,1,1,0,1
AUTOR,cm,41,mm,6.74,VLo,90,10,19,13,3,0.2,0.16,3,1,0,0,0,0,0,0,0,SYLLEPTIC,1,1,1,0,1
AUTOR,cm,41,mm,6.74,VLo,90,10,19,14,4,0.2,0.21,4,0,0,1,0,0,0,1,1,PROLEPTIC,0,,,,
AUTOR,cm,41,mm,6.74,VLo,90,10,19,15,5,0.3,0.26,5,0,0,1,0,0,0,1,1,PROLEPTIC,1,,,,
AUTOR,cm,41,mm,6.74,VLo,90,10,19,16,6,0.3,0.32,6,0,0,1,0,0,0,1,1,PROLEPTIC,1,,,,
AUTOR,cm,41,mm,6.74,VLo,90,10,19,17,7,0.4,0.37,7,0,0,1,0,0,0,1,1,PROLEPTIC,1,,,,
AUTOR,cm,41,mm,6.74,VLo,90,10,19,18,8,0.4,0.42,8,1,0,0,0,0,0,0,0,SYLLEPTIC,1,1,0,0,0
AUTOR,cm,41,mm,6.74,VLo,90,10,19,19,9,0.5,0.47,9,1,0,0,0,0,0,0,0,SYLLEPTIC,1,1,0,0,0
AUTOR,cm,2,mm,1.8,Sh,91,10,3,1,-1,-0.3,0.33,1,0,1,0,0,0,0,1,1,PROLEPTIC,0,,,,
AUTOR,cm,2,mm,1.8,Sh,91,10,3,2,0,0,0,0,1,0,0,0,0,0,0,0,SYLLEPTIC,0,1,2,0,2
AUTOR,cm,2,mm,1.8,Sh,91,10,3,3,1,0.3,0.33,1,0,1,0,0,0,0,1,1,PROLEPTIC,1,,,,
AUTOR,cm,18,mm,4.06,Me,92,10,7,1,-3,-0.4,0.43,3,0,0,0,0,0,1,1,0,PROLEPTIC,0,,,,
AUTOR,cm,18,mm,4.06,Me,92,10,7,2,-2,-0.3,0.29,2,0,0,0,0,0,1,1,0,PROLEPTIC,0,,,,
AUTOR,cm,18,mm,4.06,Me,92,10,7,3,-1,-0.1,0.14,1,0,1,0,0,0,0,1,1,PROLEPTIC,0,,,,
AUTOR,cm,18,mm,4.06,Me,92,10,7,4,0,0,0,0,0,0,1,1,2,0,1,1,PROLEPTIC,0,,,,
AUTOR,cm,18,mm,4.06,Me,92,10,7,5,1,0.1,0.14,1,1,0,0,0,0,0,0,0,SYLLEPTIC,2,1,4,1,5
AUTOR,cm,18,mm,4.06,Me,92,10,7,6,2,0.3,0.29,2,1,0,0,0,0,0,0,0,SYLLEPTIC,2,1,1,3,4
AUTOR,cm,18,mm,4.06,Me,92,10,7,7,3,0.4,0.43,3,0,1,0,0,0,0,1,1,PROLEPTIC,1,,,,
AUTOR,cm,4,mm,2.12,Sh,93,10,5,1,-2,-0.4,0.4,2,0,0,0,0,0,1,1,0,PROLEPTIC,0,,,,
AUTOR,cm,4,mm,2.12,Sh,93,10,5,2,-1,-0.2,0.2,1,0,0,0,0,0,1,1,0,PROLEPTIC,0,,,,
AUTOR,cm,4,mm,2.12,Sh,93,10,5,3,0,0,0,0,0,0,0,0,0,1,1,0,PROLEPTIC,0,,,,
AUTOR,cm,4,mm,2.12,Sh,93,10,5,4,1,0.2,0.2,1,1,0,0,0,0,0,0,0,SYLLEPTIC,1,1,1,0,1
AUTOR,cm,4,mm,2.12,Sh,93,10,5,5,2,0.4,0.4,2,0,1,2,0,0,0,3,3,PROLEPTIC,2,,,,
AUTOR,cm,3,mm,2.84,Sh,94,10,4,1,-1.5,-0.4,0.38,1.5,0,0,1,0,0,0,1,1,PROLEPTIC,0,,,,
AUTOR,cm,3,mm,2.84,Sh,94,10,4,2,-0.5,-0.1,0.12,0.5,0,0,0,0,0,1,1,0,PROLEPTIC,0,,,,
AUTOR,cm,3,mm,2.84,Sh,94,10,4,3,0.5,0.1,0.12,0.5,0,1,0,0,0,0,1,1,PROLEPTIC,1,,,,
AUTOR,cm,3,mm,2.84,Sh,94,10,4,4,1.5,0.4,0.38,1.5,0,2,0,0,0,0,2,2,PROLEPTIC,2,,,,
AUTOR,cm,43.5,mm,6.9,VLo,95,10,16,1,-7.5,-0.5,0.47,7.5,0,0,1,1,1,0,1,1,PROLEPTIC,0,,,,
AUTOR,cm,43.5,mm,6.9,VLo,95,10,16,2,-6.5,-0.4,0.41,6.5,0,0,0,0,0,1,1,0,PROLEPTIC,0,,,,
AUTOR,cm,43.5,mm,6.9,VLo,95,10,16,3,-5.5,-0.3,0.34,5.5,0,0,0,0,0,1,1,0,PROLEPTIC,0,,,,
AUTOR,cm,43.5,mm,6.9,VLo,95,10,16,4,-4.5,-0.3,0.28,4.5,0,0,0,0,0,1,1,0,PROLEPTIC,0,,,,
AUTOR,cm,43.5,mm,6.9,VLo,95,10,16,5,-3.5,-0.2,0.22,3.5,0,0,1,1,2,0,1,1,PROLEPTIC,1,,,,
AUTOR,cm,43.5,mm,6.9,VLo,95,10,16,6,-2.5,-0.2,0.16,2.5,1,0,0,0,0,0,0,0,SYLLEPTIC,4,1,5,2,7
AUTOR,cm,43.5,mm,6.9,VLo,95,10,16,7,-1.5,-0.1,0.09,1.5,1,0,0,1,4,0,0,0,SYLLEPTIC,2,1,0,3,3
AUTOR,cm,43.5,mm,6.9,VLo,95,10,16,8,-0.5,0,0.03,0.5,0,1,1,1,3,0,2,2,PROLEPTIC,1,,,,
AUTOR,cm,43.5,mm,6.9,VLo,95,10,16,9,0.5,0,0.03,0.5,1,0,0,1,3,0,0,0,SYLLEPTIC,3,1,2,1,3
AUTOR,cm,43.5,mm,6.9,VLo,95,10,16,10,1.5,0.1,0.09,1.5,0,0,1,1,3,0,1,1,PROLEPTIC,1,,,,
AUTOR,cm,43.5,mm,6.9,VLo,95,10,16,11,2.5,0.2,0.16,2.5,0,0,1,1,2,0,1,1,PROLEPTIC,1,,,,
AUTOR,cm,43.5,mm,6.9,VLo,95,10,16,12,3.5,0.2,0.22,3.5,0,0,1,1,3,0,1,1,PROLEPTIC,1,,,,
AUTOR,cm,43.5,mm,6.9,VLo,95,10,16,13,4.5,0.3,0.28,4.5,0,0,1,1,3,0,1,1,PROLEPTIC,1,,,,
AUTOR,cm,43.5,mm,6.9,VLo,95,10,16,14,5.5,0.3,0.34,5.5,0,0,1,1,2,0,1,1,PROLEPTIC,1,,,,
AUTOR,cm,43.5,mm,6.9,VLo,95,10,16,15,6.5,0.4,0.41,6.5,1,0,0,0,0,0,0,0,SYLLEPTIC,4,1,2,1,3
AUTOR,cm,43.5,mm,6.9,VLo,95,10,16,16,7.5,0.5,0.47,7.5,0,0,1,0,0,0,1,1,PROLEPTIC,1,,,,
AUTOR,cm,2.5,mm,2.3,Sh,96,10,3,1,-1,-0.3,0.33,1,0,0,1,0,0,0,1,1,PROLEPTIC,,,,,
AUTOR,cm,2.5,mm,2.3,Sh,96,10,3,2,0,0,0,0,0,0,0,0,0,1,1,0,PROLEPTIC,,,,,
AUTOR,cm,2.5,mm,2.3,Sh,96,10,3,3,1,0.3,0.33,1,1,0,0,0,0,0,0,0,SYLLEPTIC,,1,0,1,1
AUTOR,cm,26,mm,4.54,Lo,97,10,9,1,-4,-0.4,0.44,4,0,0,0,0,0,1,1,0,PROLEPTIC,0,,,,
AUTOR,cm,26,mm,4.54,Lo,97,10,9,2,-3,-0.3,0.33,3,0,0,0,0,0,1,1,0,PROLEPTIC,0,,,,
AUTOR,cm,26,mm,4.54,Lo,97,10,9,3,-2,-0.2,0.22,2,0,1,0,0,0,0,1,1,PROLEPTIC,1,,,,
AUTOR,cm,26,mm,4.54,Lo,97,10,9,4,-1,-0.1,0.11,1,1,0,0,0,0,0,0,0,SYLLEPTIC,1,1,0,0,0
AUTOR,cm,26,mm,4.54,Lo,97,10,9,5,0,0,0,0,1,0,0,2,4,0,0,0,SYLLEPTIC,1,1,1,3,4
AUTOR,cm,26,mm,4.54,Lo,97,10,9,6,1,0.1,0.11,1,1,0,0,1,2,0,0,0,SYLLEPTIC,1,1,0,2,2
AUTOR,cm,26,mm,4.54,Lo,97,10,9,7,2,0.2,0.22,2,0,1,0,0,0,0,1,1,PROLEPTIC,1,,,,
AUTOR,cm,26,mm,4.54,Lo,97,10,9,8,3,0.3,0.33,3,1,0,0,0,0,0,0,0,SYLLEPTIC,1,1,1,0,1
AUTOR,cm,26,mm,4.54,Lo,97,10,9,9,4,0.4,0.44,4,0,0,1,1,2,0,1,1,PROLEPTIC,1,,,,
AUTOR,cm,16,mm,3.3,Me,98,10,7,1,-3,-0.4,0.43,3,0,0,0,0,0,1,1,0,PROLEPTIC,,,,,
AUTOR,cm,16,mm,3.3,Me,98,10,7,2,-2,-0.3,0.29,2,0,0,0,0,0,1,1,0,PROLEPTIC,,,,,
AUTOR,cm,16,mm,3.3,Me,98,10,7,3,-1,-0.1,0.14,1,0,0,0,0,0,1,1,0,PROLEPTIC,,,,,
AUTOR,cm,16,mm,3.3,Me,98,10,7,4,0,0,0,0,0,1,0,0,0,0,1,1,PROLEPTIC,,,,,
AUTOR,cm,16,mm,3.3,Me,98,10,7,5,1,0.1,0.14,1,1,0,0,0,0,0,0,0,SYLLEPTIC,,1,0,1,1
AUTOR,cm,16,mm,3.3,Me,98,10,7,6,2,0.3,0.29,2,1,0,0,0,0,0,0,0,SYLLEPTIC,,1,1,3,4
AUTOR,cm,16,mm,3.3,Me,98,10,7,7,3,0.4,0.43,3,1,0,0,0,0,0,0,0,SYLLEPTIC,,1,0,3,3
AUTOR,cm,2.5,mm,1.14,Sh,99,10,2,1,-0.5,-0.2,0.25,0.5,1,0,0,0,0,0,0,0,SYLLEPTIC,0,1,0,0,0
AUTOR,cm,2.5,mm,1.14,Sh,99,10,2,2,0.5,0.2,0.25,0.5,0,1,0,0,0,0,1,1,PROLEPTIC,1,,,,
AUTOR,cm,72,mm,9.3,VLo,100,10,23,1,-11,-0.5,0.48,11,0,1,0,0,0,0,1,1,PROLEPTIC,1,,,,
AUTOR,cm,72,mm,9.3,VLo,100,10,23,2,-10,-0.4,0.43,10,0,1,0,0,0,0,1,1,PROLEPTIC,1,,,,
AUTOR,cm,72,mm,9.3,VLo,100,10,23,3,-9,-0.4,0.39,9,0,0,0,0,0,1,1,0,PROLEPTIC,1,,,,
AUTOR,cm,72,mm,9.3,VLo,100,10,23,4,-8,-0.3,0.35,8,0,1,0,0,0,0,1,1,PROLEPTIC,1,,,,
AUTOR,cm,72,mm,9.3,VLo,100,10,23,5,-7,-0.3,0.3,7,0,2,0,0,0,0,2,2,PROLEPTIC,1,,,,
AUTOR,cm,72,mm,9.3,VLo,100,10,23,6,-6,-0.3,0.26,6,0,0,2,1,1,0,2,2,PROLEPTIC,2,,,,
AUTOR,cm,72,mm,9.3,VLo,100,10,23,7,-5,-0.2,0.22,5,0,1,1,0,0,0,2,2,PROLEPTIC,1,,,,
AUTOR,cm,72,mm,9.3,VLo,100,10,23,8,-4,-0.2,0.17,4,1,0,0,0,0,0,0,0,SYLLEPTIC,1,1,2,0,2
AUTOR,cm,72,mm,9.3,VLo,100,10,23,9,-3,-0.1,0.13,3,1,0,0,0,0,0,0,0,SYLLEPTIC,1,1,2,2,4
AUTOR,cm,72,mm,9.3,VLo,100,10,23,10,-2,-0.1,0.09,2,0,1,0,0,0,0,1,1,PROLEPTIC,1,,,,
AUTOR,cm,72,mm,9.3,VLo,100,10,23,11,-1,0,0.04,1,0,1,0,0,0,0,1,1,PROLEPTIC,1,,,,
AUTOR,cm,72,mm,9.3,VLo,100,10,23,12,0,0,0,0,0,1,0,0,0,0,1,1,PROLEPTIC,1,,,,
AUTOR,cm,72,mm,9.3,VLo,100,10,23,13,1,0,0.04,1,0,1,0,0,0,0,1,1,PROLEPTIC,1,,,,
AUTOR,cm,72,mm,9.3,VLo,100,10,23,14,2,0.1,0.09,2,0,1,0,0,0,0,1,1,PROLEPTIC,1,,,,
AUTOR,cm,72,mm,9.3,VLo,100,10,23,15,3,0.1,0.13,3,0,1,0,0,0,0,1,1,PROLEPTIC,1,,,,
AUTOR,cm,72,mm,9.3,VLo,100,10,23,16,4,0.2,0.17,4,0,1,0,0,0,0,1,1,PROLEPTIC,1,,,,
AUTOR,cm,72,mm,9.3,VLo,100,10,23,17,5,0.2,0.22,5,0,1,0,0,0,0,1,1,PROLEPTIC,1,,,,
AUTOR,cm,72,mm,9.3,VLo,100,10,23,18,6,0.3,0.26,6,0,0,1,0,0,0,1,1,PROLEPTIC,1,,,,
AUTOR,cm,72,mm,9.3,VLo,100,10,23,19,7,0.3,0.3,7,0,0,1,0,0,0,1,1,PROLEPTIC,1,,,,
AUTOR,cm,72,mm,9.3,VLo,100,10,23,20,8,0.3,0.35,8,0,0,1,0,0,0,1,1,PROLEPTIC,1,,,,
AUTOR,cm,72,mm,9.3,VLo,100,10,23,21,9,0.4,0.39,9,0,1,0,0,0,0,1,1,PROLEPTIC,1,,,,
AUTOR,cm,72,mm,9.3,VLo,100,10,23,22,10,0.4,0.43,10,0,1,0,0,0,0,1,1,PROLEPTIC,1,,,,
AUTOR,cm,72,mm,9.3,VLo,100,10,23,23,11,0.5,0.48,11,0,3,0,0,0,0,3,3,PROLEPTIC,2,,,,
AUTOR,cm,32,mm,5.5,Lo,101,10,11,1,-5,-0.5,0.45,5,0,0,0,0,0,1,1,0,PROLEPTIC,,,,,
AUTOR,cm,32,mm,5.5,Lo,101,10,11,2,-4,-0.4,0.36,4,1,0,0,0,0,0,0,0,SYLLEPTIC,,1,1,0,1
AUTOR,cm,32,mm,5.5,Lo,101,10,11,3,-3,-0.3,0.27,3,1,0,0,0,0,0,0,0,SYLLEPTIC,,1,1,1,2
AUTOR,cm,32,mm,5.5,Lo,101,10,11,4,-2,-0.2,0.18,2,1,0,0,0,0,0,0,0,SYLLEPTIC,,1,0,2,2
AUTOR,cm,32,mm,5.5,Lo,101,10,11,5,-1,-0.1,0.09,1,1,0,0,0,0,0,0,0,SYLLEPTIC,,1,2,0,2
AUTOR,cm,32,mm,5.5,Lo,101,10,11,6,0,0,0,0,0,0,1,0,0,0,1,1,PROLEPTIC,,,,,
AUTOR,cm,32,mm,5.5,Lo,101,10,11,7,1,0.1,0.09,1,1,0,0,0,0,0,0,0,SYLLEPTIC,,1,0,2,2
AUTOR,cm,32,mm,5.5,Lo,101,10,11,8,2,0.2,0.18,2,1,0,0,0,0,0,0,0,SYLLEPTIC,,1,1,1,2
AUTOR,cm,32,mm,5.5,Lo,101,10,11,9,3,0.3,0.27,3,1,0,0,0,0,0,0,0,SYLLEPTIC,,1,1,0,1
AUTOR,cm,32,mm,5.5,Lo,101,10,11,10,4,0.4,0.36,4,0,1,0,0,0,0,1,1,PROLEPTIC,,,,,
AUTOR,cm,32,mm,5.5,Lo,101,10,11,11,5,0.5,0.45,5,1,0,0,0,0,0,0,0,SYLLEPTIC,,1,2,0,2
AUTOR,cm,10,mm,3.86,Me,102,10,8,1,-3.5,-0.4,0.44,3.5,0,1,0,0,0,0,1,1,PROLEPTIC,0,,,,
AUTOR,cm,10,mm,3.86,Me,102,10,8,2,-2.5,-0.3,0.31,2.5,0,1,0,0,0,0,1,1,PROLEPTIC,0,,,,
AUTOR,cm,10,mm,3.86,Me,102,10,8,3,-1.5,-0.2,0.19,1.5,0,0,0,0,0,1,1,0,PROLEPTIC,0,,,,
AUTOR,cm,10,mm,3.86,Me,102,10,8,4,-0.5,-0.1,0.06,0.5,1,0,0,0,0,0,0,0,SYLLEPTIC,1,1,1,1,2
AUTOR,cm,10,mm,3.86,Me,102,10,8,5,0.5,0.1,0.06,0.5,0,1,1,0,0,0,2,2,PROLEPTIC,2,,,,
AUTOR,cm,10,mm,3.86,Me,102,10,8,6,1.5,0.2,0.19,1.5,0,1,0,0,0,0,1,1,PROLEPTIC,1,,,,
AUTOR,cm,10,mm,3.86,Me,102,10,8,7,2.5,0.3,0.31,2.5,1,0,0,0,0,0,0,0,SYLLEPTIC,0,1,0,0,0
AUTOR,cm,10,mm,3.86,Me,102,10,8,8,3.5,0.4,0.44,3.5,0,1,0,0,0,0,1,1,PROLEPTIC,1,,,,
AUTOR,cm,2.5,mm,3.46,Sh,103,10,5,1,-2,-0.4,0.4,2,0,0,0,0,0,1,1,0,PROLEPTIC,0,,,,
AUTOR,cm,2.5,mm,3.46,Sh,103,10,5,2,-1,-0.2,0.2,1,0,0,0,0,0,1,1,0,PROLEPTIC,0,,,,
AUTOR,cm,2.5,mm,3.46,Sh,103,10,5,3,0,0,0,0,0,0,1,0,0,0,1,1,PROLEPTIC,0,,,,
AUTOR,cm,2.5,mm,3.46,Sh,103,10,5,4,1,0.2,0.2,1,1,0,0,1,3,0,0,0,SYLLEPTIC,1,1,0,2,2
AUTOR,cm,2.5,mm,3.46,Sh,103,10,5,5,2,0.4,0.4,2,0,0,1,0,0,0,1,1,PROLEPTIC,1,,,,
AUTOR,cm,33,mm,5.1,Lo,104,10,12,1,-5.5,-0.5,0.46,5.5,0,1,0,0,0,0,1,1,PROLEPTIC,0,,,,
AUTOR,cm,33,mm,5.1,Lo,104,10,12,2,-4.5,-0.4,0.38,4.5,0,1,0,0,0,0,1,1,PROLEPTIC,0,,,,
AUTOR,cm,33,mm,5.1,Lo,104,10,12,3,-3.5,-0.3,0.29,3.5,0,1,0,0,0,0,1,1,PROLEPTIC,0,,,,
AUTOR,cm,33,mm,5.1,Lo,104,10,12,4,-2.5,-0.2,0.21,2.5,0,0,1,1,3,0,1,1,PROLEPTIC,1,,,,
AUTOR,cm,33,mm,5.1,Lo,104,10,12,5,-1.5,-0.1,0.12,1.5,0,1,3,1,3,0,4,4,PROLEPTIC,2,,,,
AUTOR,cm,33,mm,5.1,Lo,104,10,12,6,-0.5,0,0.04,0.5,0,1,0,0,0,0,1,1,PROLEPTIC,1,,,,
AUTOR,cm,33,mm,5.1,Lo,104,10,12,7,0.5,0,0.04,0.5,0,0,1,1,3,0,1,1,PROLEPTIC,1,,,,
AUTOR,cm,33,mm,5.1,Lo,104,10,12,8,1.5,0.1,0.12,1.5,0,0,1,1,4,0,1,1,PROLEPTIC,1,,,,
AUTOR,cm,33,mm,5.1,Lo,104,10,12,9,2.5,0.2,0.21,2.5,0,0,1,1,4,0,1,1,PROLEPTIC,1,,,,
AUTOR,cm,33,mm,5.1,Lo,104,10,12,10,3.5,0.3,0.29,3.5,0,0,1,1,3,0,1,1,PROLEPTIC,1,,,,
AUTOR,cm,33,mm,5.1,Lo,104,10,12,11,4.5,0.4,0.38,4.5,0,1,0,0,0,0,1,1,PROLEPTIC,1,,,,
AUTOR,cm,33,mm,5.1,Lo,104,10,12,12,5.5,0.5,0.46,5.5,0,0,1,0,0,0,1,1,PROLEPTIC,1,,,,
AUTOR,cm,2.5,mm,2.94,Sh,105,10,3,1,-1,-0.3,0.33,1,0,0,1,0,0,0,1,1,PROLEPTIC,,,,,
AUTOR,cm,2.5,mm,2.94,Sh,105,10,3,2,0,0,0,0,0,1,0,0,0,0,1,1,PROLEPTIC,,,,,
AUTOR,cm,2.5,mm,2.94,Sh,105,10,3,3,1,0.3,0.33,1,1,0,0,0,0,0,0,0,SYLLEPTIC,,1,1,1,2
AUTOR,cm,3.5,mm,2.8,Sh,106,10,5,1,-2,-0.4,0.4,2,0,1,0,0,0,0,1,1,PROLEPTIC,1,,,,
AUTOR,cm,3.5,mm,2.8,Sh,106,10,5,2,-1,-0.2,0.2,1,0,1,0,0,0,0,1,1,PROLEPTIC,1,,,,
AUTOR,cm,3.5,mm,2.8,Sh,106,10,5,3,0,0,0,0,0,0,0,0,0,1,1,0,PROLEPTIC,0,,,,
AUTOR,cm,3.5,mm,2.8,Sh,106,10,5,4,1,0.2,0.2,1,1,0,0,0,0,0,0,0,SYLLEPTIC,0,1,0,1,1
AUTOR,cm,3.5,mm,2.8,Sh,106,10,5,5,2,0.4,0.4,2,0,1,0,0,0,0,1,1,PROLEPTIC,1,,,,
AUTOR,cm,30,mm,5.24,Lo,107,10,13,1,-6,-0.5,0.46,6,0,1,0,0,0,0,1,1,PROLEPTIC,1,,,,
AUTOR,cm,30,mm,5.24,Lo,107,10,13,2,-5,-0.4,0.38,5,0,0,1,1,2,0,1,1,PROLEPTIC,1,,,,
AUTOR,cm,30,mm,5.24,Lo,107,10,13,3,-4,-0.3,0.31,4,0,0,0,0,0,1,1,0,PROLEPTIC,0,,,,
AUTOR,cm,30,mm,5.24,Lo,107,10,13,4,-3,-0.2,0.23,3,0,2,1,0,0,0,3,3,PROLEPTIC,2,,,,
AUTOR,cm,30,mm,5.24,Lo,107,10,13,5,-2,-0.2,0.15,2,1,0,0,0,0,0,0,0,SYLLEPTIC,2,1,1,2,3
AUTOR,cm,30,mm,5.24,Lo,107,10,13,6,-1,-0.1,0.08,1,0,0,1,1,4,0,1,1,PROLEPTIC,1,,,,
AUTOR,cm,30,mm,5.24,Lo,107,10,13,7,0,0,0,0,1,0,0,1,4,0,0,0,SYLLEPTIC,2,1,3,1,4
AUTOR,cm,30,mm,5.24,Lo,107,10,13,8,1,0.1,0.08,1,0,0,1,1,4,0,1,1,PROLEPTIC,1,,,,
AUTOR,cm,30,mm,5.24,Lo,107,10,13,9,2,0.2,0.15,2,0,0,1,0,0,0,1,1,PROLEPTIC,1,,,,
AUTOR,cm,30,mm,5.24,Lo,107,10,13,10,3,0.2,0.23,3,0,0,1,0,0,0,1,1,PROLEPTIC,1,,,,
AUTOR,cm,30,mm,5.24,Lo,107,10,13,11,4,0.3,0.31,4,0,1,0,0,0,0,1,1,PROLEPTIC,1,,,,
AUTOR,cm,30,mm,5.24,Lo,107,10,13,12,5,0.4,0.38,5,0,0,1,0,0,0,1,1,PROLEPTIC,1,,,,
AUTOR,cm,30,mm,5.24,Lo,107,10,13,13,6,0.5,0.46,6,0,0,1,0,0,0,1,1,PROLEPTIC,1,,,,
AUTOR,cm,25,mm,4.46,Lo,108,10,13,1,-6,-0.5,0.46,6,0,1,0,0,0,0,1,1,PROLEPTIC,,,,,
AUTOR,cm,25,mm,4.46,Lo,108,10,13,2,-5,-0.4,0.38,5,0,0,1,0,0,0,1,1,PROLEPTIC,,,,,
AUTOR,cm,25,mm,4.46,Lo,108,10,13,3,-4,-0.3,0.31,4,1,0,0,0,0,0,0,0,SYLLEPTIC,,1,3,0,3
AUTOR,cm,25,mm,4.46,Lo,108,10,13,4,-3,-0.2,0.23,3,0,2,1,0,0,0,3,3,PROLEPTIC,,,,,
AUTOR,cm,25,mm,4.46,Lo,108,10,13,5,-2,-0.2,0.15,2,0,1,0,0,0,0,1,1,PROLEPTIC,,,,,
AUTOR,cm,25,mm,4.46,Lo,108,10,13,6,-1,-0.1,0.08,1,0,0,1,0,0,0,1,1,PROLEPTIC,,,,,
AUTOR,cm,25,mm,4.46,Lo,108,10,13,7,0,0,0,0,0,0,1,0,0,0,1,1,PROLEPTIC,,,,,
AUTOR,cm,25,mm,4.46,Lo,108,10,13,8,1,0.1,0.08,1,0,0,1,0,0,0,1,1,PROLEPTIC,,,,,
AUTOR,cm,25,mm,4.46,Lo,108,10,13,9,2,0.2,0.15,2,0,1,0,0,0,0,1,1,PROLEPTIC,,,,,
AUTOR,cm,25,mm,4.46,Lo,108,10,13,10,3,0.2,0.23,3,1,0,0,0,0,0,0,0,SYLLEPTIC,,1,2,0,2
AUTOR,cm,25,mm,4.46,Lo,108,10,13,11,4,0.3,0.31,4,0,0,1,0,0,0,1,1,PROLEPTIC,,,,,
AUTOR,cm,25,mm,4.46,Lo,108,10,13,12,5,0.4,0.38,5,0,0,1,0,0,0,1,1,PROLEPTIC,,,,,
AUTOR,cm,25,mm,4.46,Lo,108,10,13,13,6,0.5,0.46,6,0,1,1,0,0,0,2,2,PROLEPTIC,,,,,
AUTOR,cm,5.5,mm,3.08,Me,109,10,6,1,-2.5,-0.4,0.42,2.5,0,0,0,0,0,1,1,0,PROLEPTIC,1,,,,
AUTOR,cm,5.5,mm,3.08,Me,109,10,6,2,-1.5,-0.2,0.25,1.5,0,1,0,0,0,0,1,1,PROLEPTIC,1,,,,
AUTOR,cm,5.5,mm,3.08,Me,109,10,6,3,-0.5,-0.1,0.08,0.5,1,0,0,0,0,0,0,0,SYLLEPTIC,2,1,3,0,3
AUTOR,cm,5.5,mm,3.08,Me,109,10,6,4,0.5,0.1,0.08,0.5,0,1,2,0,0,0,3,3,PROLEPTIC,0,,,,
AUTOR,cm,5.5,mm,3.08,Me,109,10,6,5,1.5,0.2,0.25,1.5,1,0,0,0,0,0,0,0,SYLLEPTIC,0,1,0,0,0
AUTOR,cm,5.5,mm,3.08,Me,109,10,6,6,2.5,0.4,0.42,2.5,0,1,0,0,0,0,1,1,PROLEPTIC,1,,,,
AUTOR,cm,33,mm,4.78,Lo,110,9,17,1,-8,-0.5,0.47,8,0,0,0,0,0,1,1,0,PROLEPTIC,0,,,,
AUTOR,cm,33,mm,4.78,Lo,110,9,17,2,-7,-0.4,0.41,7,0,0,0,0,0,1,1,0,PROLEPTIC,0,,,,
AUTOR,cm,33,mm,4.78,Lo,110,9,17,3,-6,-0.4,0.35,6,0,0,0,0,0,1,1,0,PROLEPTIC,0,,,,
AUTOR,cm,33,mm,4.78,Lo,110,9,17,4,-5,-0.3,0.29,5,1,0,0,0,0,0,0,0,SYLLEPTIC,2,1,3,0,3
AUTOR,cm,33,mm,4.78,Lo,110,9,17,5,-4,-0.2,0.24,4,1,0,0,0,0,0,0,0,SYLLEPTIC,2,1,1,2,3
AUTOR,cm,33,mm,4.78,Lo,110,9,17,6,-3,-0.2,0.18,3,0,0,1,0,0,0,1,1,PROLEPTIC,1,,,,
AUTOR,cm,33,mm,4.78,Lo,110,9,17,7,-2,-0.1,0.12,2,0,0,1,0,0,0,1,1,PROLEPTIC,1,,,,
AUTOR,cm,33,mm,4.78,Lo,110,9,17,8,-1,-0.1,0.06,1,0,0,1,1,3,0,1,1,PROLEPTIC,1,,,,
AUTOR,cm,33,mm,4.78,Lo,110,9,17,9,0,0,0,0,0,0,1,1,3,0,1,1,PROLEPTIC,1,,,,
AUTOR,cm,33,mm,4.78,Lo,110,9,17,10,1,0.1,0.06,1,0,0,1,1,4,0,1,1,PROLEPTIC,1,,,,
AUTOR,cm,33,mm,4.78,Lo,110,9,17,11,2,0.1,0.12,2,0,0,1,0,0,0,1,1,PROLEPTIC,1,,,,
AUTOR,cm,33,mm,4.78,Lo,110,9,17,12,3,0.2,0.18,3,0,0,1,1,3,0,1,1,PROLEPTIC,1,,,,
AUTOR,cm,33,mm,4.78,Lo,110,9,17,13,4,0.2,0.24,4,0,0,1,0,0,0,1,1,PROLEPTIC,1,,,,
AUTOR,cm,33,mm,4.78,Lo,110,9,17,14,5,0.3,0.29,5,0,0,1,0,0,0,1,1,PROLEPTIC,1,,,,
AUTOR,cm,33,mm,4.78,Lo,110,9,17,15,6,0.4,0.35,6,0,1,0,0,0,0,1,1,PROLEPTIC,1,,,,
AUTOR,cm,33,mm,4.78,Lo,110,9,17,16,7,0.4,0.41,7,1,0,0,0,0,0,0,0,SYLLEPTIC,0,1,0,0,0
AUTOR,cm,33,mm,4.78,Lo,110,9,17,17,8,0.5,0.47,8,0,1,0,0,0,0,1,1,PROLEPTIC,1,,,,
AUTOR,cm,43,mm,5.38,VLo,111,9,20,1,-9.5,-0.5,0.48,9.5,0,0,0,0,0,1,1,0,PROLEPTIC,1,,,,
AUTOR,cm,43,mm,5.38,VLo,111,9,20,2,-8.5,-0.4,0.42,8.5,0,0,0,0,0,1,1,0,PROLEPTIC,0,,,,
AUTOR,cm,43,mm,5.38,VLo,111,9,20,3,-7.5,-0.4,0.38,7.5,0,0,0,0,0,1,1,0,PROLEPTIC,0,,,,
AUTOR,cm,43,mm,5.38,VLo,111,9,20,4,-6.5,-0.3,0.32,6.5,0,0,0,0,0,1,1,0,PROLEPTIC,0,,,,
AUTOR,cm,43,mm,5.38,VLo,111,9,20,5,-5.5,-0.3,0.28,5.5,0,1,0,0,0,0,1,1,PROLEPTIC,0,,,,
AUTOR,cm,43,mm,5.38,VLo,111,9,20,6,-4.5,-0.2,0.22,4.5,0,1,0,0,0,0,1,1,PROLEPTIC,0,,,,
AUTOR,cm,43,mm,5.38,VLo,111,9,20,7,-3.5,-0.2,0.17,3.5,1,0,0,0,0,0,0,0,SYLLEPTIC,0,1,2,0,2
AUTOR,cm,43,mm,5.38,VLo,111,9,20,8,-2.5,-0.1,0.12,2.5,1,0,0,0,0,0,0,0,SYLLEPTIC,0,1,2,2,4
AUTOR,cm,43,mm,5.38,VLo,111,9,20,9,-1.5,-0.1,0.07,1.5,0,1,0,0,0,0,1,1,PROLEPTIC,1,,,,
AUTOR,cm,43,mm,5.38,VLo,111,9,20,10,-0.5,0,0.03,0.5,0,1,0,0,0,0,1,1,PROLEPTIC,1,,,,
AUTOR,cm,43,mm,5.38,VLo,111,9,20,11,0.5,0,0.03,0.5,0,0,1,1,3,0,1,1,PROLEPTIC,1,,,,
AUTOR,cm,43,mm,5.38,VLo,111,9,20,12,1.5,0.1,0.07,1.5,0,0,1,1,3,0,1,1,PROLEPTIC,1,,,,
AUTOR,cm,43,mm,5.38,VLo,111,9,20,13,2.5,0.1,0.12,2.5,0,0,1,0,0,0,1,1,PROLEPTIC,1,,,,
AUTOR,cm,43,mm,5.38,VLo,111,9,20,14,3.5,0.2,0.17,3.5,0,0,1,1,1,0,1,1,PROLEPTIC,1,,,,
AUTOR,cm,43,mm,5.38,VLo,111,9,20,15,4.5,0.2,0.22,4.5,0,0,1,1,3,0,1,1,PROLEPTIC,1,,,,
AUTOR,cm,43,mm,5.38,VLo,111,9,20,16,5.5,0.3,0.28,5.5,0,0,1,1,4,0,1,1,PROLEPTIC,1,,,,
AUTOR,cm,43,mm,5.38,VLo,111,9,20,17,6.5,0.3,0.32,6.5,0,1,0,0,0,0,1,1,PROLEPTIC,1,,,,
AUTOR,cm,43,mm,5.38,VLo,111,9,20,18,7.5,0.4,0.38,7.5,0,1,0,0,0,0,1,1,PROLEPTIC,1,,,,
AUTOR,cm,43,mm,5.38,VLo,111,9,20,19,8.5,0.4,0.42,8.5,1,0,0,0,0,0,0,0,SYLLEPTIC,1,1,0,0,0
AUTOR,cm,43,mm,5.38,VLo,111,9,20,20,9.5,0.5,0.48,9.5,0,1,0,0,0,0,1,1,PROLEPTIC,1,,,,
AUTOR,cm,10.5,mm,3.2,Me,112,9,7,1,-3,-0.4,0.43,3,0,0,0,0,0,1,1,0,PROLEPTIC,,,,,
AUTOR,cm,10.5,mm,3.2,Me,112,9,7,2,-2,-0.3,0.29,2,0,0,0,0,0,1,1,0,PROLEPTIC,,,,,
AUTOR,cm,10.5,mm,3.2,Me,112,9,7,3,-1,-0.1,0.14,1,0,0,0,0,0,1,1,0,PROLEPTIC,,,,,
AUTOR,cm,10.5,mm,3.2,Me,112,9,7,4,0,0,0,0,0,0,0,0,0,1,1,0,PROLEPTIC,,,,,
AUTOR,cm,10.5,mm,3.2,Me,112,9,7,5,1,0.1,0.14,1,1,0,0,0,0,0,0,0,SYLLEPTIC,,1,0,3,3
AUTOR,cm,10.5,mm,3.2,Me,112,9,7,6,2,0.3,0.29,2,1,0,0,0,0,0,0,0,SYLLEPTIC,,1,2,1,3
AUTOR,cm,10.5,mm,3.2,Me,112,9,7,7,3,0.4,0.43,3,1,0,0,0,0,0,0,0,SYLLEPTIC,,1,2,0,2
AUTOR,cm,1.5,mm,1.96,Sh,113,9,1,1,0,0,0,0,1,0,0,0,0,0,0,0,SYLLEPTIC,,1,1,0,1
AUTOR,cm,2,mm,1.94,Sh,114,9,2,1,-0.5,-0.2,0.25,0.5,0,1,0,0,0,0,1,1,PROLEPTIC,,,,,
AUTOR,cm,2,mm,1.94,Sh,114,9,2,2,0.5,0.2,0.25,0.5,0,0,1,0,0,0,1,1,PROLEPTIC,,,,,
AUTOR,cm,4.8,mm,4.14,Sh,115,9,5,1,-2,-0.4,0.4,2,0,1,0,0,0,0,1,1,PROLEPTIC,1,,,,
AUTOR,cm,4.8,mm,4.14,Sh,115,9,5,2,-1,-0.2,0.2,1,0,0,1,0,0,0,1,1,PROLEPTIC,1,,,,
AUTOR,cm,4.8,mm,4.14,Sh,115,9,5,3,0,0,0,0,1,0,0,0,0,0,0,0,SYLLEPTIC,1,1,1,0,1
AUTOR,cm,4.8,mm,4.14,Sh,115,9,5,4,1,0.2,0.2,1,1,0,0,1,2,0,0,0,SYLLEPTIC,0,1,0,1,1
AUTOR,cm,4.8,mm,4.14,Sh,115,9,5,5,2,0.4,0.4,2,0,1,0,0,0,0,1,1,PROLEPTIC,1,,,,
AUTOR,cm,38.5,mm,5.5,Lo,116,9,14,1,-6.5,-0.5,0.46,6.5,0,1,0,0,0,0,1,1,PROLEPTIC,0,,,,
AUTOR,cm,38.5,mm,5.5,Lo,116,9,14,2,-5.5,-0.4,0.39,5.5,0,0,1,0,0,0,1,1,PROLEPTIC,1,,,,
AUTOR,cm,38.5,mm,5.5,Lo,116,9,14,3,-4.5,-0.3,0.32,4.5,0,0,1,0,0,0,1,1,PROLEPTIC,1,,,,
AUTOR,cm,38.5,mm,5.5,Lo,116,9,14,4,-3.5,-0.2,0.25,3.5,0,0,0,0,0,1,1,0,PROLEPTIC,0,,,,
AUTOR,cm,38.5,mm,5.5,Lo,116,9,14,5,-2.5,-0.2,0.18,2.5,1,0,0,1,3,0,0,0,SYLLEPTIC,2,1,2,1,3
AUTOR,cm,38.5,mm,5.5,Lo,116,9,14,6,-1.5,-0.1,0.11,1.5,0,0,1,1,2,0,1,1,PROLEPTIC,1,,,,
AUTOR,cm,38.5,mm,5.5,Lo,116,9,14,7,-0.5,0,0.04,0.5,0,0,1,1,2,0,1,1,PROLEPTIC,1,,,,
AUTOR,cm,38.5,mm,5.5,Lo,116,9,14,8,0.5,0,0.04,0.5,0,0,1,1,5,0,1,1,PROLEPTIC,1,,,,
AUTOR,cm,38.5,mm,5.5,Lo,116,9,14,9,1.5,0.1,0.11,1.5,0,0,1,1,3,0,1,1,PROLEPTIC,1,,,,
AUTOR,cm,38.5,mm,5.5,Lo,116,9,14,10,2.5,0.2,0.18,2.5,0,0,1,1,4,0,1,1,PROLEPTIC,1,,,,
AUTOR,cm,38.5,mm,5.5,Lo,116,9,14,11,3.5,0.2,0.25,3.5,0,0,1,1,4,0,1,1,PROLEPTIC,1,,,,
AUTOR,cm,38.5,mm,5.5,Lo,116,9,14,12,4.5,0.3,0.32,4.5,0,0,1,0,0,0,1,1,PROLEPTIC,1,,,,
AUTOR,cm,38.5,mm,5.5,Lo,116,9,14,13,5.5,0.4,0.39,5.5,1,0,0,0,0,0,0,0,SYLLEPTIC,0,1,0,0,0
AUTOR,cm,38.5,mm,5.5,Lo,116,9,14,14,6.5,0.5,0.46,6.5,0,1,0,0,0,0,1,1,PROLEPTIC,1,,,,
AUTOR,cm,43.5,mm,6.4,VLo,117,9,18,1,-8.5,-0.5,0.47,8.5,0,1,0,0,0,0,1,1,PROLEPTIC,1,,,,
AUTOR,cm,43.5,mm,6.4,VLo,117,9,18,2,-7.5,-0.4,0.42,7.5,0,1,0,0,0,0,1,1,PROLEPTIC,1,,,,
AUTOR,cm,43.5,mm,6.4,VLo,117,9,18,3,-6.5,-0.4,0.36,6.5,0,1,0,0,0,0,1,1,PROLEPTIC,1,,,,
AUTOR,cm,43.5,mm,6.4,VLo,117,9,18,4,-5.5,-0.3,0.31,5.5,0,1,0,0,0,0,1,1,PROLEPTIC,1,,,,
AUTOR,cm,43.5,mm,6.4,VLo,117,9,18,5,-4.5,-0.2,0.25,4.5,0,1,0,0,0,0,1,1,PROLEPTIC,1,,,,
AUTOR,cm,43.5,mm,6.4,VLo,117,9,18,6,-3.5,-0.2,0.19,3.5,0,1,0,0,0,0,1,1,PROLEPTIC,1,,,,
AUTOR,cm,43.5,mm,6.4,VLo,117,9,18,7,-2.5,-0.1,0.14,2.5,1,0,0,1,3,0,0,0,SYLLEPTIC,2,1,1,3,4
AUTOR,cm,43.5,mm,6.4,VLo,117,9,18,8,-1.5,-0.1,0.08,1.5,1,0,0,1,1,0,0,0,SYLLEPTIC,2,1,1,3,4
AUTOR,cm,43.5,mm,6.4,VLo,117,9,18,9,-0.5,0,0.03,0.5,0,1,0,0,0,0,1,1,PROLEPTIC,1,,,,
AUTOR,cm,43.5,mm,6.4,VLo,117,9,18,10,0.5,0,0.03,0.5,0,1,0,0,0,0,1,1,PROLEPTIC,1,,,,
AUTOR,cm,43.5,mm,6.4,VLo,117,9,18,11,1.5,0.1,0.08,1.5,0,0,1,1,3,0,1,1,PROLEPTIC,1,,,,
AUTOR,cm,43.5,mm,6.4,VLo,117,9,18,12,2.5,0.1,0.14,2.5,0,0,1,0,0,0,1,1,PROLEPTIC,1,,,,
AUTOR,cm,43.5,mm,6.4,VLo,117,9,18,13,3.5,0.2,0.19,3.5,0,0,1,1,3,0,1,1,PROLEPTIC,1,,,,
AUTOR,cm,43.5,mm,6.4,VLo,117,9,18,14,4.5,0.2,0.25,4.5,0,0,1,1,3,0,1,1,PROLEPTIC,1,,,,
AUTOR,cm,43.5,mm,6.4,VLo,117,9,18,15,5.5,0.3,0.31,5.5,0,0,1,1,4,0,1,1,PROLEPTIC,1,,,,
AUTOR,cm,43.5,mm,6.4,VLo,117,9,18,16,6.5,0.4,0.36,6.5,0,0,1,0,0,0,1,1,PROLEPTIC,1,,,,
AUTOR,cm,43.5,mm,6.4,VLo,117,9,18,17,7.5,0.4,0.42,7.5,0,1,0,0,0,0,1,1,PROLEPTIC,1,,,,
AUTOR,cm,43.5,mm,6.4,VLo,117,9,18,18,8.5,0.5,0.47,8.5,0,2,0,0,0,0,2,2,PROLEPTIC,1,,,,
AUTOR,cm,2,mm,2.1,Sh,118,9,2,1,-0.5,-0.2,0.25,0.5,0,1,0,0,0,0,1,1,PROLEPTIC,0,,,,
AUTOR,cm,2,mm,2.1,Sh,118,9,2,2,0.5,0.2,0.25,0.5,0,2,2,0,0,0,4,4,PROLEPTIC,2,,,,
AUTOR,cm,7,mm,2.38,Me,119,9,6,1,-2.5,-0.4,0.42,2.5,0,1,0,0,0,0,1,1,PROLEPTIC,,,,,
AUTOR,cm,7,mm,2.38,Me,119,9,6,2,-1.5,-0.2,0.25,1.5,0,1,0,0,0,0,1,1,PROLEPTIC,,,,,
AUTOR,cm,7,mm,2.38,Me,119,9,6,3,-0.5,-0.1,0.08,0.5,0,0,1,0,0,0,1,1,PROLEPTIC,,,,,
AUTOR,cm,7,mm,2.38,Me,119,9,6,4,0.5,0.1,0.08,0.5,0,0,1,0,0,0,1,1,PROLEPTIC,,,,,
AUTOR,cm,7,mm,2.38,Me,119,9,6,5,1.5,0.2,0.25,1.5,0,1,0,0,0,0,1,1,PROLEPTIC,,,,,
AUTOR,cm,7,mm,2.38,Me,119,9,6,6,2.5,0.4,0.42,2.5,1,0,0,0,0,0,0,0,SYLLEPTIC,,1,0,0,0
AUTOR,cm,40.5,mm,6.46,VLo,120,9,16,1,-7.5,-0.5,0.47,7.5,0,1,0,0,0,0,1,1,PROLEPTIC,,,,,
AUTOR,cm,40.5,mm,6.46,VLo,120,9,16,2,-6.5,-0.4,0.41,6.5,0,1,0,0,0,0,1,1,PROLEPTIC,,,,,
AUTOR,cm,40.5,mm,6.46,VLo,120,9,16,3,-5.5,-0.3,0.34,5.5,0,1,0,0,0,0,1,1,PROLEPTIC,,,,,
AUTOR,cm,40.5,mm,6.46,VLo,120,9,16,4,-4.5,-0.3,0.28,4.5,0,0,1,0,0,0,1,1,PROLEPTIC,,,,,
AUTOR,cm,40.5,mm,6.46,VLo,120,9,16,5,-3.5,-0.2,0.22,3.5,1,0,0,0,0,0,0,0,SYLLEPTIC,,1,1,2,3
AUTOR,cm,40.5,mm,6.46,VLo,120,9,16,6,-2.5,-0.2,0.16,2.5,1,0,0,0,0,0,0,0,SYLLEPTIC,,1,0,3,3
AUTOR,cm,40.5,mm,6.46,VLo,120,9,16,7,-1.5,-0.1,0.09,1.5,0,0,1,0,0,0,1,1,PROLEPTIC,,,,,
AUTOR,cm,40.5,mm,6.46,VLo,120,9,16,8,-0.5,0,0.03,0.5,0,0,1,0,0,0,1,1,PROLEPTIC,,,,,
AUTOR,cm,40.5,mm,6.46,VLo,120,9,16,9,0.5,0,0.03,0.5,1,0,0,0,0,0,0,0,SYLLEPTIC,,1,2,0,2
AUTOR,cm,40.5,mm,6.46,VLo,120,9,16,10,1.5,0.1,0.09,1.5,0,0,1,0,0,0,1,1,PROLEPTIC,,,,,
AUTOR,cm,40.5,mm,6.46,VLo,120,9,16,11,2.5,0.2,0.16,2.5,0,0,1,0,0,0,1,1,PROLEPTIC,,,,,
AUTOR,cm,40.5,mm,6.46,VLo,120,9,16,12,3.5,0.2,0.22,3.5,0,0,1,0,0,0,1,1,PROLEPTIC,,,,,
AUTOR,cm,40.5,mm,6.46,VLo,120,9,16,13,4.5,0.3,0.28,4.5,0,0,1,0,0,0,1,1,PROLEPTIC,,,,,
AUTOR,cm,40.5,mm,6.46,VLo,120,9,16,14,5.5,0.3,0.34,5.5,0,0,1,0,0,0,1,1,PROLEPTIC,,,,,
AUTOR,cm,40.5,mm,6.46,VLo,120,9,16,15,6.5,0.4,0.41,6.5,0,0,1,0,0,0,1,1,PROLEPTIC,,,,,
AUTOR,cm,40.5,mm,6.46,VLo,120,9,16,16,7.5,0.5,0.47,7.5,0,2,1,0,0,0,3,3,PROLEPTIC,,,,,
